hash,wasm_b,ms,status,fns,todos,varn,rust_b
0013c216736f0c12bf9e1b3fd46176abbbed49781590859aedff59a09c52dcc1,6865,228,ok,5,12,0,4293
002ed7b8f33f61789b8da0ed4b70021b60f4c5d47d023a338826e997683f0e22,32062,29,ok,74,29,0,14617
003710b383f9da7d650a7f719a7be479110266427817ebbed61d924505fcd7c7,90138,452,ok,57,1396,10,168273
003c7f8bd6796e536a3acf5fac150403f0b6054fe7857c132a135055424b566a,9196,24,ok,3,8,0,3707
003d85432305be27530f215659ce6fcd0596e7d314d1ee87e34877cd402e6f53,13061,26,ok,3,7,0,3751
004c04bc1664c25e1694e1c0dd2f2649ccea217f6ca8f7a7566e0cb360a2398f,6590,27,ok,14,13,0,8561
004dc6f0eb924b7e4fcb51cc4680f97603ca2c4e20bab54865ba8efc0a7db33f,9146,24,ok,15,16,0,8350
006a2161fc23ac23be06e3865b70ad7b0f7af511e156b2d7974c0b0720d9958f,14097,24,ok,12,15,1,4707
006a54fb5f6794e2ffd3ca83bfbc88fd41bccc8505917ecdb552c952d8d767e1,26399,45,ok,18,183,0,35756
006b5f39c4ef99bed27feaae3af96c0a9e9b82418e47daa9e11c1e0135367375,9348,28,ok,14,2,1,14421
0095d331033b2f380b9cf1dda46dff098aa722774a0041da1cb18159e9f20382,15721,29,ok,11,10,2,6511
00ad44c763aa2dfb23723c411be473f651139515d6c847c3702f3cba59de27a6,507,21,ok,1,0,0,315
00b1b70550f887bd87835270ddee76307ced7a00aa6ad354ed744bc0544a03ac,114151,39,ok,23,43,1,25139
00b33d5f9f8a0aec1aecbefb73c724a22800f5d8577f693b26ad7a00329d6f20,48924,183,ok,28,37,0,45978
00b7322ec568470b25e396f76701117a9ea6404054a4ce560a58fa7c3b9a16fb,1530,22,ok,2,12,1,1686
00b799483d38090ac268b32c33bf35d6d65c1c29e0ec42b95058de97396e02a4,4285,22,ok,7,14,1,3189
00cd0f459c4845daea8e91484b1cda294948c46de668b48cfcf6878f500cc3c5,33468,28,ok,17,80,0,24815
011439f1c1c296fc69fbdd9b4f2086db13a8ba828d58cd599b4f5f593ca95b74,3282,22,ok,11,19,0,6052
011ee0c72be16018cfbcdd6b16642eb29c4c85209efab3cf5013daf5fb4caae0,40150,52,ok,24,218,3,41660
013487869cda1bee3eea0826f04601383ff572cba9cbe5106ecaed9692605740,19783,25,ok,17,12,0,8921
01378d2861d40bba0ff6ea3ef970d25a8cb32bf38e90e1a53739f2ac672db5cd,11258,23,ok,15,13,0,9683
01427012043d3cdbbe5101448296dd01dbad44aa42fc164fbe865a6c3d7e3be5,18767,37,ok,16,22,1,11060
0144d0db1c2e48877b7b575488f0c3a7bf5cf188bf6d303ea756865b3889b8e8,12972,25,ok,7,18,2,8528
0151f6f0e8e711d09cb5ae35e980322a837fb418cdd034bff0713634105e05c8,116458,1896,ok,86,300,2,121618
0165acc6315a20ba55948b57a2df7b7cd594453866ad674d751976521634d32b,15828,23,ok,3,4,0,9466
017045ece06dab958a9432baa40e87c066bd920bfab33ed543854742a227c708,4684,23,ok,7,20,0,5328
0179203425527fdcf12d4ecc1e4ab2c2c6de54d860cd0aab114509eda0be6a92,20445,62,ok,18,263,6,43054
017ae0d7e6c2141df9ea927a715b3152f0cde31e202c9c3bb7cc0e745616beb6,47165,269,ok,13,19,0,5889
017d6f6a8012e954fe5ec032123e066b9ebcd25364860bd32e2e26d4d2c6cf8d,16848,27,ok,15,2,1,7935
0191f55837f76fa8d2c1d5374000c80cd0b33dfaddafcf27b50c7c8b1547328a,17709,29,ok,22,49,0,19870
01aa22418312a9c5137150961bdf2a43eadaafe5adf935eaedab622555df324f,14795,27,ok,23,40,0,16452
01cb467660fc54377ff8fa887c41dae59652bc8b8d9b4d7afed3607981fce7ef,4055,21,ok,1,0,1,1391
01cfbd28e984de234c5fa3e91713d2304159fe00df2acdc58594a4cc3674a7f3,14004,23,ok,4,14,0,5761
01f2429212eed5782ec8b9fcc4f7b7ea5af18f109fd10e2604174badeaa86933,21296,57,ok,27,85,4,31009
024551eb8f3eacdd07ed1948b433d9001327732d6f445fd139a115bb0a1695e3,6733,23,ok,15,7,0,4609
0245bac3d0ada657e247346273316c22b106c113f2085dbbc2c46faa0c28d498,10930,25,ok,2,10,0,5803
024f15dba90fa6379ec9b03befce2c823413f6190ccf6264553fa9a785a3da5a,7689,21,ok,2,3,0,4457
02603e2748a8442937544eeb269495f427dd0aca51f9387a19e88d9081d00282,17929,32,ok,15,115,3,20841
026a8dd9189d27f7d0356f546fedc1a84b8d5fb17727315d5022e5013c98ad6d,10017,22,ok,34,7,0,4660
026b16f087063dea02c5974371952355095b6b468cbb3041f2a044d2c6997fb4,10505,27,ok,9,34,1,10630
027bd328b31767fae389ef191b159d2f25eecf86aaeefd6c1481feca369eb74c,11747,22,ok,9,13,0,5098
0287f4ad7350935b83d94e046c0bcabc960b233dbce1531008c021b71d406a1d,2898,22,ok,3,17,0,5036
028c21907e97cdd76a4c27a2323365846a4fbe0a67b0c311e0cc84fc29818153,7546,25,ok,7,10,0,5104
02a1e9fbffb22b6489aff91560f880180f9a9e38a8534ea4fc7cbf437d47cfd7,23367,29,ok,17,11,0,11325
02ab25a263653165bba4a74b3248a2406c9fd2e4a44f158a998b4abb0a24fe59,12451,23,ok,4,11,0,4265
02ca8ef6fe25c0b08c6651f6486fc3bc757db319816202092983ba51b00f0a45,17498,25,ok,9,27,1,9915
02e0dbf89e9429b340c3f6b0cde241c4b229d50f1aa55ab7da231ae8c918421c,21653,24,ok,9,17,1,5562
02e9f32323236b7288dc2b3d4652db678dcd876301fb3852d9cfb7cfaf54e0d2,14026,25,ok,20,4,0,9501
02eacac2332ae8308becf4a0428b469b8b47f9ca0bfba8ef6418b6000b657e4a,18792,172,ok,14,2,0,3196
02ed06736d7f40803f5f340c269e9c6a1706a17bed892c9bcf4ce1dd5f13e524,23654,39,ok,40,40,0,30488
02f2a6ccc41e039f4452a96987b4f0e2eced39814795b41c402158c05722eac5,46584,783,ok,22,420,7,76863
02f8392683b30e34ca543fbd48062562607e5d57bb8203113c5d09aad64ce455,2450,21,ok,1,11,0,924
031e5a4452253185e4cb1d83de7bbddc41ef8950c4954d2f000ef39969adf75d,12326,24,ok,10,14,0,3709
0321838d90959cce43a97d336ccd13c790db7c6a6c525e7c8cf14948d61e3ec9,6934,24,ok,9,14,0,6907
032ff0d178b88e5465c8932f47e35987096fe1f85df7136a6bf8e54fc8fd9bc8,8932,23,ok,4,11,1,3939
033072f62a2f22fd8a94c78190ec74117df00b4d83845c2df2503c821d8020ee,47315,47,ok,51,51,0,50085
033d43e49f0cbb01a27deae719e5506a4b29d7a238a4f62760504e85c4ab93ed,1885,21,ok,9,3,1,1610
034518dd939f0a323b441e405750b2dddb86db251858f6d0eb21e01004822ed0,1130,21,ok,1,1,1,1044
034af7f5661f4c30585a5a3454844a06c4859f5e275d29a6faa9b053f39febfe,15375,24,ok,3,12,0,4255
0392b1ff40ef349e425e972da98284d264b2ffc7641143596c1bedd8f8b83158,13836,33,ok,18,70,2,25401
039fe4785397f7a40fd8b7feffa469a625a539ca08bc0a528da50cc9e4c1a9bd,10880,38,ok,4,5,0,5768
03a224152ec6ad3fdda621082b40aa0f7542f18cac981657c186161d5da52d55,5090,22,ok,10,11,0,4156
03a61e24b6b22258dba03426b3d05df340ae1a4ff5f1397e594ff04919deaf0b,3488,22,ok,7,11,1,4319
03b59a0639399f8b33a6b6f9f03dc897adcb2d4abddbb113e3acf6adefdae2ba,24967,45,ok,14,73,2,19297
03b66cdc940bcc8951e1810bfb2fdf96e2a3acb7a04fc1e5d1aa6f010f8cdb08,9247,26,ok,10,7,0,5141
03c1c749613d67d5ed460bc4fbb12eedb1a043068665a295fbefb774588a796b,11981,31,ok,19,27,0,19609
03cd10f1c31084ad920dd34ca9d8002a20cd6b87a0e88cd146360d6e99acbabe,16268,31,ok,20,36,0,20475
03dde51960c6ae51a890538f3b01ca21829b010453755a5437f6d9b2d7d0bf14,7694,27,ok,5,2,0,1510
03f4a0820f1891c14c10eee1a795572c1022c861532b10e6d8488fc705a4c3b5,10474,23,ok,6,12,0,7875
03fb7ee820da3797a8f9dbca01ab2e60020cbc57c66fc46f8ea11378a8c4a8e5,808,20,ok,2,0,0,526
04174fdc4edda8576bfed5aa52650288320e6a3533bf1ab60584be968bea8f70,20919,35,ok,13,184,1,18703
041e8895c77675c2a0fce4d0d78349993e084112ba5445f44aa8831599623c06,22424,53,ok,18,314,1,31831
0439e5eb5841d8eae3e6b43e7428268397d38edbb4c2d9d09823a4b31b0c3a5a,28409,183,ok,20,167,4,39774
0449759c767cbaae16bee7b10fa5aa9f6e9ef25ff5dd5607e39d7b9d100417bf,42385,275,ok,10,19,0,6065
047efb8f4457d0b60e36fc3028019ebb0b16dfbeb36090f003914227280882ce,5337,23,ok,6,10,0,3282
04891de23199f3d91113af75051a13b23dff5959fd489f4ad5748d72a7966e23,6568,27,ok,5,12,0,4326
0491311b4aebdd1f655d78bb40ae30b21264dc9ddb908401cbbb08c7144323d4,1155,20,ok,1,0,0,566
04a8eda2a2cf849038ee86c4e960a4a63f58eeecb21a67eb81bf6d15fb830c55,65693,120000,timeout,0,0,0,0
04c5d66dd19ea2b7328454f5972a2fc6a8fc13855fc430a11d14afd2782e8836,11079,973,ok,22,25,0,12763
051040286b4fdd9cb93d9e7f9c334620be05ab5a12937f534944ab8ac8a3910e,7638,121,ok,1,5,0,1632
053d3a283dc2fdd605f53420e1f169adc0036b8edbcab16ef38139637ccc5627,4466,42,ok,4,7,0,3784
05445b0a4f2a29a6e0c791f3d9b983e1f464933e90afee365224d8fec5650987,5759,30,ok,8,14,0,6262
0566a42855fac1c21402ef84e0f32625a9e3186c0a29bbbfd64c35dd7bee8a4c,14524,31,ok,12,5,0,8636
056e9e0c9b3698478b6227506ab1d0c19b4d6a7a133359ad3a5327c8d20763a8,5311,26,ok,2,4,0,3843
0576076cfef691d481fa5b5022a5436f7851824086f94824c2dc3eae15c9da53,4381,25,ok,8,4,0,2258
05966442305d02ced67094b8badea175ae3db88899c49864c9ad2e71971a3ea9,14422,31,ok,27,57,3,16371
05a168e4cd480e597e486080c6b5f793680540292cb4753a6b4d29c7cca6693d,30795,61,ok,30,183,0,27994
05a9f707ecc83974311323eda9b33072b40c9ad358575061589a05a493554cbb,5699,55,ok,4,13,2,6034
05c05ff6ba31d8ad02b7cede524e544827473057845b9bccb0a3ca0cf23ab01c,15144,63,ok,10,0,0,5450
0600a2bcb2dbb08fd576c6a9868f914d3286cd3b0b19ccdd34a8cf0ba07be8ed,16796,54,ok,13,36,0,12655
060114a83aba476492ee46c79138da2fb6a8226c862a05d103c5f21ca6b344a0,28677,71,ok,27,33,0,28025
0602acc82ccd8ae0024b9214329e3958dc000e63ceacdc9ce12eb1b59b512960,69017,654,ok,11,871,7,67096
060d10e53779b685f6b2525fc6b1fb7f491601775a6f17fab319ac15e1e9c509,10400,27,ok,5,11,0,5638
0623e0d9f5ac696e499777aab53c8d7232b571211c08460fec28d9ea3d956d6d,20004,41,ok,11,54,30,28605
0626dd496fc7d2536e21a285f8ef4588cf7948215606e87fcb95825ccebe0bf4,26576,33,ok,21,59,0,24595
063b932fb6b953a685bcb66b189b2143eda715650979095e39eb36c92ec7eaa2,44229,367,ok,27,539,1,55307
0675365c717aa6fcf0372ebb44398630bf8f299730f03515312169e5c2988fd3,19922,28,ok,2,14,0,4277
068104a721636cdd6daefde2444715c25ec88f0a7c214bec97418c567cc1c4a9,29962,31,ok,9,69,0,12267
068e336e55e6fba54cf6cb0833c81d8275ef52cd18e5f6be3b1b10b4c644811b,9015,26,ok,5,49,0,6986
0698612e5e88ff06583318777d4026698ce809e1251392915b1e4757e8f157c1,5917,24,ok,15,4,1,5322
069d4b99f8162d369a40f7b70905043e28698cebedfe39190353c686b857dfe0,9315,36,ok,4,71,4,14159
069fd9e07f745eca4e14ce12f329c1c416b2d2634262ba0efe71ecb3d889764f,702,22,ok,1,1,1,1275
06a83259f0c66c380856b7233ca4d5300c3bb88b6f7609d8d86c8a3f72045d0b,3777,25,ok,5,15,1,5375
06b037e0d38bc5a8d236b4be1f21f7bab687d625c20552372d1f38b87bfe25f2,1691,23,ok,3,0,0,864
06b44635985d124cf794ed687469c845c18ab0b6244766f85c7b55ab1290d4ea,19935,30,ok,19,32,1,17768
06c3630e53fe1ca7f8e6cf4b2854652bfcf646459f33b5cccf27e41616b4ec84,15589,30,ok,9,78,0,10539
06cc390deb1241216b900f1014710927677643e49ea02fcb860385254f202a7e,13483,31,ok,13,7,0,13187
06e20c5fe4e8adde2af502aa5f22df7bf09ae5af1f8354ab6c038902dff9382b,20569,39,ok,1,0,0,13531
06e6744b7d0ea9e915b924f8f2488a0d490c10f225f2b5db48223d883176af33,4389,23,ok,3,10,0,5568
06f1617092e949f6c3fb9e8383048c000d8d61759deff79247ab3c8e207403df,14267,26,ok,5,35,0,6498
06f4207b0c9ef78cc595e075ded8fa40e73fdb8346e5f9281068a2d4ba1e5037,44514,90,ok,75,352,5,118299
06fc453cf0ccad8672698042bad6d1b4fe199e6a5f112e9dec8e4beb9cd085e9,10232,26,ok,14,27,0,7676
06ff8ea2bb326e53993bf75571f17636380210b1bf450714b9672f2b234b0be9,23070,49,ok,24,158,3,34773
07097f83dae3b746db7dba3263d9cc334efb88a9a7d5450fb96ca19f33d284b0,6831,24,ok,12,13,1,5447
072ae28d85e452a59b11a77561a85760d64e5d67dc5803767f0167997dcfd44b,6556,27,ok,10,25,1,5635
073b070eaf32b07ffd4ab83704dee2207adf1416d1b254d3fe999caf7d22ff06,537,22,ok,1,2,0,365
0744aa1fbfb2f5f45a646655731285ec2277b235549e2365c7c4e385304b8539,3825,24,ok,1,1,0,1330
0745dbd5a9f85931e3b0b287b27732e46ed0daf2510518350b2eeba5c0fe8101,18662,35,ok,18,7,1,16491
07470b8d0b430cfc298f0312cb603fa5e8bcf2eb2a52e37c2fbe516c5c278426,7681,23,ok,3,5,0,2311
074c596f146d74faf87feded3602784b5077d755873e07e8860d2bae7b9fd63c,53251,110,ok,13,10,0,9308
07530d5a256f8d65a450f4458351586fc2fed78107362f3f2e99936e62495dd7,8506,32,ok,8,6,0,8573
07595b731b0227ac78306e56fcce2b72a93bb5a3c47676849f0551fe83f0e642,4658,39,ok,5,5,0,3557
075d05e805432fe18a7d1ae5b76040d3317d2f737dba788ed1e6fe3704affc49,16206,32,ok,2,42,2,8090
076b08d07fbb93da066485d25371e53482701025c44ef4a890f6c48165a912ad,21635,67,ok,6,121,0,12751
07728e34b487db4077ac4b1e500df319186609b1f8336d4d025e6a71c2d73979,14327,54,ok,25,167,1,34911
0782c0561cdb7cf18d04654dc6c921d6ea4011c03d3320e50dcf836324e55df1,6142,39,ok,7,20,1,4274
079ae61c6e8aab65f1a4e5c2b90e1ebebcc9372ace737fff019bed61fa85f86d,3532,40,ok,7,11,1,4319
07bab30eb93f9d194b079a3f02ba86821ae82b9d4770a38c6b7b8524df9e284f,10722,39,ok,19,16,1,9111
07dd8af025397465265c15c4d02282883db03975578a573f15e24b4df0bf1530,37719,63,ok,18,448,2,47872
07e674e039d02c7d2646bff13e9a188122252927bfc4e84d7f29421719600028,40181,65,ok,17,3,0,7772
07f80b9d60c6c6248ed0ab8f048529b836f6c2fbede164350fb660868c9e74b8,34638,135,ok,31,150,1,31152
080060264d519877bd3483f090756ec82bc5d27cef28a29e7ce00bcd3238af66,27516,94,ok,26,5,0,21403
080aa8e16f18dd61a0258279638c0f2cacc645117e511f8194ac98532197def7,17102,40,ok,21,41,0,13940
0813658dd1c3634412cfc9b743ac2e757b34ff34e4edcb5c213164b2ded932d0,6586,25,ok,1,0,0,1137
08168a26fa82d64ed906c4e6d839508f70b7ac32c02595cfe3a3e64946e53cdb,24057,295,ok,7,47,1,9898
0827f7213450ec893e04c3530a9c4fa6f584561caf57b81b18a31b06d35d9091,19320,142,ok,6,34,3,10483
082a8115b3ad35fe9fd583edfcd26baf033188bb022fe44f9291f84f6e6c9ddb,5924,25,ok,5,4,1,2145
082a997e225508aaff2c3dac537e8dea949bf48d63689b07e5f76e821a60f628,21617,31,ok,16,45,0,19646
082e63997a2ec42c31cb170b5046dd6c3defd868e40a0dfd8939d368e7d71eda,31432,52,ok,31,11,0,19961
0835edff67631f34a690899d5c4287b998611bb2138d1214a769104cb23f1459,9748,28,ok,8,14,2,6265
0837462232e532f98f540a531e407868c90b0f101bbf7d3538246aa0b4fe547d,1151,22,ok,1,1,0,228
0859847eb6b6fabd8cebbbd8ce930a6461b521ba056ed36d1c478191386b20cd,4517,25,ok,3,12,2,4781
086b776c75188841b6c53910a94489961f1873886eb1e92cb2bea252044554c9,13302,34,ok,22,47,1,14364
086c2ecb7f58986219c72b95075f06f87fac0b72c1aa63cd37142fbec4b9afee,7289,24,ok,15,0,0,2836
08708aef565c2fcc37fd945395a79ef1e752e9f4d542761295ce791b831baca4,21628,46,ok,20,2,0,9374
0878e15746cd3cd8ca6739e64a30422d797cdfd347d3b70698de10570bb9d630,24016,40,ok,28,231,0,29462
088003b53924feeeb7d1f850b7eebd048612c8e34c077e6ea3eb4a5ab4d12206,10476,27,ok,6,19,1,7688
0891be5a00c8b3a9c171d167fd9dd97564e830f1681b98dc0846d245aef36c2b,106795,6914,ok,79,1100,8,220502
089c7a8ffa046ad4097b12bdadada4255e5a4c5b2420415c4f6dafc5db6e72d6,2466,23,ok,8,0,0,2490
08a398eecfd4fea7c178c793857fab3753b04c2b58c15ba3a5a862fe4b715bd2,16022,31,ok,19,7,0,10389
08bd738cca54aa6ae361657de11428e76f525805018e679465e5cddb020faf1d,3759,22,ok,6,6,0,3415
08c3cd63ebfdd85544a3aa1ed084959d7b33929006a712e1701cb44d60a33cfc,6319,22,ok,4,0,0,2205
08dcb1dbb7a2dab1ed76e621dcac0cc7ca9d2457b6133fe0c9570772268df4d5,4602,24,ok,5,16,4,6778
08e0ee46cbaf82479a674a535ba4fb454389c9a557c7b8959a0804a46135e730,19240,50,ok,16,17,2,16969
08fcb72372f3d9b73b9185396a31a894f98a66a50b27a1397ee5bd9de7a5d5bf,9083,28,ok,1,12,3,4290
09025cd98dc3642c978dc241409788eb28e5b7df1761078ef1363f6ef363bf67,412,20,ok,1,0,0,264
0915e04080abb775e973b1f5e1d3d76030234fb196758d88524a640ca6a604a1,18327,43,ok,31,76,1,44168
0921f2a998a1c89dfa87d07dd6d46f7221a9131ad7457820f3082b7c556528e7,3108,22,ok,7,1,0,2927
095ee35248f9076fb76d26d7d97e1308c35586df364ff0442b664c5fb3718883,22315,34,ok,6,4,0,3678
096ef5d5da3fade4c6fd8d169b3319f6b35e5ea62daf8e5baf4cae96f4526c83,9140,23,ok,2,2,0,4522
09896cbf3c01d41adb5a06e989abe7e579c13b5e1b46d6a2badae929e442bd89,10065,27,ok,12,128,6,16898
0998bbba43a9c9e492a6f4895a4a984c102cf1d9735199c7ad57694961385948,6320,24,ok,5,1,0,5129
09cfe695e763159a6bae06f3db549290ff2327510c1c70e847a4ebeeb8cd073a,8206,27,ok,21,31,0,10634
0a28a88ff51dcf7430c80302e3f3e8a68d7a34af5c927ef8838e2deed04cb96e,7203,25,ok,6,79,1,5260
0a41411f7250a78da15d6cd6cf78086e19d98bc917dd0a51e03a34f5ab969781,8179,29,ok,16,27,1,8638
0a77ea9670a6d6eb5d7cb8602d176dcfb841dc4943a97c945fec456314a2a8d3,2256,22,ok,1,6,0,1317
0a7cbed38e067ccd7dab4ff414a9bfea03ed28da667307f90a4406c5eeb37d23,3058,22,ok,1,0,0,1301
0a8ee862d5fa45a3dca9c2dc8ba111b83e9ab333a78d89273ae0a111211445d1,15398,24,ok,7,3,0,14683
0a9a17a88c4a2a0bd9c090b2701382faf1f2f2ae00b2d1d12c03f9a07de74ad5,10023,39,ok,5,7,0,3934
0a9cc89a1264e1f625596249294e2d25269bc52b582eab65063e6f79d4f4d29d,19463,43,ok,13,89,2,20481
0aa494ac7715b2d8a1d01413ae343b65673a6d9842730d43b42f06109bf2e9c2,17901,218,ok,15,26,1,10130
0ab013dd9f4373f3052ad39dbb4f60def9495b77d301a3aab08405ac2b1052d8,16504,49,ok,12,35,0,12231
0ad0e5b60069211d8ae54e2cc4249fc6d356ed941a250101b2d77d9f7a3f0562,5036,24,ok,8,5,0,4275
0ae59e2d2c214dfce035c17a47f7a29dc25d385989ad19ada6de7fb58024b1a2,5962,26,ok,6,16,0,8096
0af3bac3c0f5fe6d2f5382917ca15a56b4771ec00b4699b2bb23a054196c2bff,9170,25,ok,9,19,2,9041
0b1452c7f942b0879bab79dc5ffd15077ccbd5909ff806371660a0c7b43d88ed,584,20,ok,1,0,0,425
0b368a2c4cadd957895913b996856ec8068e81c0e3623553c744aca6bb764e8a,20579,39,ok,21,6,0,9258
0b38b5b277f57eeeccb2a449e6909bba7ccb95d2129b9a7013932d4cc9c605fa,24551,74,ok,32,113,1,19878
0b4ae5413272ec170f2d892e880108879da1bab579921110c2f5bd4c9f751855,1424,20,ok,2,0,0,660
0b4d8db29605a780a3df25aea579a9cc8b65478cd5775d75778a7d8e2dda5327,539,20,ok,1,0,0,404
0b543c8b2646f348e4ac15b33f20142e1a2c996e73fd0b81b44cfb2a8a867f73,34686,44,ok,47,100,2,40999
0b7336b8167d4a9716d8463a489a8c5d8e7651fb872c9854d09750fa061661fa,3016,23,ok,4,5,0,3258
0b76ae9bb4967b41d4cb9effad8babed8720b5233f9ec3384f6944a284caf074,16128,32,ok,17,54,1,16718
0ba8f9707e2e70b35267da7ab9718e4cae2c3ba2917e90aa625d413e02fe4d6d,25152,61,ok,20,251,3,26211
0c0a264d4cc0b3e79b8533e2a2e1f0ed21501a5a3f9f2455d2f18c232940b865,20524,67,ok,5,151,3,19039
0c0a93e462aaef901189718767adc82d7c75b247e0012b5dabafd1a286d40072,21151,35,ok,23,36,2,20077
0c0f86f1b420d6626667da4c374c6c62f133467b1a4d8fa3d4649f3a21c87228,4648,25,ok,7,20,0,5298
0c11feab7a8d073a155ed03dc875239e39f9d08554c3720824282759a5262428,47274,88,ok,35,81,0,41546
0c12f7899a1af1b52600dfeacccdc3bf8106119d65e2bca2c8a93bb114ecbfc6,33336,257,ok,14,151,5,32031
0c22c96756f4ef6245c53f44662cd5f51ef2332a5f8c33c45a2b2b93a2e25ec9,32845,59,ok,13,80,5,18834
0c2672a8fcece2cb6f06c67129f29d19fe1201b319915772c1459d7e8dd1d974,9455,27,ok,14,36,0,7274
0c283991764b25bc550b2a00cfe7a745c32307753434e47764beadb4247ad9cb,37588,70,ok,53,164,2,77587
0c2c741dfca2fd9fda5656c5b65ed95f1268c200e1beffd5c670c3b52a53e9f1,4193,23,ok,5,14,0,3814
0c37cabe25f5f67f5e8199847c0962328c11147ebcd4cd5e7b66d3c97515f77b,24435,30,ok,16,15,0,21219
0c41c203cb1625792c717878573178664c4ac5092cda1f2ecea66c7cf337a386,23259,133,ok,18,243,4,39774
0c491cc15edf95dbc131cbac07dc3035f05a9e6fd180d2733b9315685323df26,1390,22,ok,2,4,0,1630
0c4e7755b1679ca2ab1e59dbed6266d9c69594124e9648653d2ea02c8c4c59e0,2275,21,ok,1,7,0,730
0c5bb14b013509b492a91e7bf09db2dd527ce8c7a8c049007cd953be9094ffc2,20171,84,ok,7,6,1,8232
0c872d8526f8749c25160f5208166645fc6ffaa8738b4fc4d066369ee2f1350c,61598,1797,ok,44,783,2,147599
0c9e090b9232777fc2c023aa85a5ddd00700204c9b393134efb1870956cbf80d,24707,32,ok,16,13,0,21353
0cbc0aa6a92452375eff21a6183b46488f6ee11405999430e68a5a23d9b6c8c2,33789,75,ok,39,147,2,55275
0cd50b810003cd0f4421f89063e6b7c7515b59255b73497a4ac9fb3a186a94cc,829,20,ok,1,0,0,527
0cd988b44747add1a9845142c9a5c63260be7bddbefeb36b17a7065e538bd51f,5111,23,ok,1,8,3,3818
0ce70958adee1abcdf8c706c7396f53ef66c36acc9d2778c58d59bad0d0ad569,21894,48,ok,14,97,1,16989
0d13bf394ddeeeb0b2059bccbf34e74be1aaf74a7af3ed7dcc5c01718850a398,12457,25,ok,12,9,1,7857
0d35ebf3898052d07b09f4463637b4265aaa7b1ef2ab90fcb0b991df4bb36929,14742,44,ok,15,50,0,13288
0d3bb3fd10858326c2efcf22ed9b31989670b466002b92384e123d91db682f13,2086,20,ok,2,3,0,1580
0d3bdd40606105a1b81b697cede65ca546bef6da78255a0719cc42af93692f97,15061,27,ok,5,43,0,6516
0d5acf25ef0b020099b18160b6487477237b74fd5f4029179016eb8205b17ccf,6651,21,ok,6,2,0,3755
0d6ce19f9083c65cb453e909ba43a3782d33bc7db04b3ecfbeeab5c5c8826847,5381,21,ok,8,4,0,4062
0d78a64d9aaccce2623b8afec4670ea2dab349f0e5c90380a95bdeb6eb5f3315,4233,21,ok,6,9,1,4918
0d86a5873854a72266975c0b2446c79b3e33303d0c3b8376817b3322ca928c54,6708,23,ok,12,2,0,4314
0d8880855acd9890f8d80af299c814fca483ce56292fa0d9110a1c998c81857d,13558,33,ok,28,75,0,13820
0d90072b8c0c7f8863422422f56270e63445f6ed0105e1d234030740e1c3af3a,2762,21,ok,5,0,0,2308
0da4a5536f38dfde55b9f33fb5e07382a74df5724204966bef420fa4b97bcc71,9780,25,ok,13,28,1,12339
0da9f9b059079de7d8d9c8dd5875755bcb70364c496053669ccad3030bfa496d,15731,27,ok,5,73,6,10571
0dab4cf7e6cc683968018550f80395f5c71a178b35b418ff952165f9123ff55d,14262,24,ok,7,5,0,5651
0dc4532efd3e390572a2ed1d01cc45079a8c76ea46859f7cf62fd5935b845d37,12827,28,ok,17,79,2,17393
0dfec6396c840c218fd4a92855544d52f10d34dac397d27fb6cd49956a31d4ff,10798,24,ok,10,5,1,5167
0e238273259fda83aeb80b14770bbc90b42667d893b6c8ee7d1b349c472c9aa4,21667,56,ok,26,382,1,36408
0e4d324bed41d8428bfeb3d4456c4cb67cea8613365572763478d11b7606ae2e,3902,20,ok,3,1,1,3382
0e5497cedd3e04b042e9e8da00a930717f3fae1a5f3605f4730506229381c838,27928,562,ok,19,6,0,8431
0e558e06e5843302d94d42b1ab5063b8b61116999310ab5c62e8a581ef701903,7376,22,ok,9,2,0,6031
0e7d6969a25530746c87929ee46103b5143aff0bf0570718872c886fbd1780d5,22207,43,ok,8,61,1,7982
0e7e427ee624f1a64854e37beba830c3b7ffa040ce365d88d1944af893593a18,645,19,ok,1,1,0,534
0e8cb9ef352a24a03790ff9e37e5683a5152a04a8acad79daeea1368726cf93c,17910,49,ok,10,18,2,5875
0e91b72f23450556d10a78165241ae0526baf22c1e6739725e7cd9c91fb9ab0d,1277,19,ok,2,2,0,656
0e96c1688d5cf9b667562291d498610666710ca2632a33cdf9ef6397ca6fc7e1,735,19,ok,1,8,0,1160
0eb3a9c49b66b4af26b0a95337a334b31d981a89258d0fbe0b8d7390a36fc2aa,29508,28,ok,21,92,0,24685
0ecfaf5f13fb4e0ebc7044304ea67d699643c98cf31b563d220eb48c8765a6fd,7910,25,ok,1,20,4,6995
0eee9cf07be1ce8503c9885a87265a3af03aaf04761c8a5d95140648c1c73c54,13105,26,ok,7,18,2,8591
0ef011ec6afb97e24675cdf83e4def5d59ef4bc5963ae12806afe9bde07e4bad,39101,77,ok,16,66,3,22913
0ef057179a9027be178a287bc69b63fc5237370840f107ae029bd2133a9b47a9,32521,40,ok,33,10,4,15523
0f3336cb82c088d8430af0b9110c309baa6c2eade24e65d35b16650d197d1592,59457,59,ok,60,672,1,86677
0f3423cda709890d7a5e36b31f74474a7f45162bdb3546bd93de98557f22035c,9826,32,ok,17,28,3,19743
0f3da7da98491c9de211d676d8b84c7d3a1486baa28a75fb02ff172fed12e714,7455,27,ok,12,9,1,6429
0f447bbd16eaa3bd2e0ea96a81db392740ef151246b95d33c43063d09b62432f,9357,26,ok,14,26,0,10899
0f7684ef49d12cd27e730eed1e3bf4b9911524da20e9a591fdfb6f549c7cf394,7529,24,ok,4,3,0,2204
0f7c26197a8b14e48386cde8ad471750611b527c519a00332c0515458406dc63,2550,25,ok,3,4,0,2561
0fb09df4f7c8725a7b76219d72f775e04dd07bc4a79b77309bf552cd11b80812,18105,39,ok,19,42,3,9787
0fb61144ee7d631a5df0ee07740f2ec9eb62962c61c34126d08f8418e868833f,23674,107,ok,31,90,1,31189
0fbd3322591d2d477480eb2ced2a855873e2faed911e3e5dfd7cbb1488154e46,4355,25,ok,11,13,0,6413
0fec361a7e94f2e945b2675ef1b2c81f481d8beacb488ba02dbe1c505d08e387,7145,27,ok,14,75,4,13836
101ff0dbe44202f35bec5b2a93c63e44710cb1bb83230f76593308216fe960dd,7073,28,ok,16,17,2,6047
102905d9c86470c5b569d7a25e98aee81cdc14be47ec8bf880754798ea8d1126,3822,26,ok,1,1,0,1182
103b724dcaa8d5b133870acf743cb74f8400c173b2a50bb113f928cb986dc947,9507,32,ok,11,66,3,19878
1071c5a61545b4b025837d30fc7558183ed74365547f94c361d9354ad5e05cb9,27180,179,ok,19,265,3,41410
1079bee7206a3e29f8cfa1d5603c528f699640c88c155438d066f2dfcdba60d9,24672,44,ok,13,37,2,11588
109d5ce873ef7721664717ebb1db1e27ad56cc75f97e3a57372618118c4e9f8a,2079,25,ok,3,2,0,1480
10a6cff21be3385c4fefd2c733fe6433bbc69ac4c5c4a13000b3a68af5750ca2,9481,25,ok,15,19,0,5921
10aabf89028e07102d6360c6d180e8809f62910ed62d5a9789287c8db7d66628,8067,23,ok,4,2,0,3498
10bf99fa586b79dd87e1b81316a9238b9e125910dac154bdf9164f6c9c703ecf,59457,58,ok,60,672,1,86677
10d68cd80caa6e79706b8e24f5583bc7beb5f7beb760af333346e41c26223889,54864,50,ok,52,510,3,70030
10dd57668a8e81510bf56d3a1c6846d4737b143e90c2cd5b4f1105c6e0e43f31,15606,78,ok,12,129,1,37860
10f2c1f3624bf391e75722453b3857088b70465559624acba8ad47b37b85ee4e,6353,24,ok,7,0,0,2896
11329c2469455f5a3815af1383c0cdddb69215b1668a17ef097516cde85da988,28675,180,ok,8,47,1,14342
1188f6b59eeb10f909340e356ec5929e16ada61cdb100d8699770b705a1a5a52,29292,37,ok,18,62,5,25704
1199117e0bd80b2a4863984c826c89326dff650381407f27ef5485d5f0468925,5959,28,ok,6,10,2,5488
119a8c2eab5f732c18d7521426e1038151fa837506c63ddca17c6851e2fbf946,38234,51,ok,48,116,1,36217
11b335d47780effb07c2179fbc3159c8e603e218559f776422adabe2fa3d7cfa,11371,30,ok,22,22,0,7685
11b4bacca38f670e792b7a1bbd6c6888f9e572c06e1def9cc5adf9294403bbb2,35474,78,ok,50,67,1,22385
11ba5c44157dfbdcfe1f67a54b3054952a67e5d36e5ed7876d26eece39d82c3f,5877,31,ok,13,46,0,20139
11c4d94c3c13ab5b0c66c2252465b26aa608d736ee77f759996aa03ef83147d2,34090,42,ok,47,85,4,39135
1230a70e9f000bedd1044e7fc330912352ab01640f3a67cdc9b186d720549ef7,16634,52,ok,15,36,1,23558
124ca4b0b4271bcefcc5875d7dad5f037cac7a2efae92af0ecd88bc70dab5001,7298,32,ok,10,3,0,16065
12a264f28b33abd4c19fa2507194b1893813cc505aa8328f3495169eb952d092,24672,41,ok,13,37,2,11588
12a61d8916e5867e4e0cb66a302895adcd2375b2b6583ab4d3a39bf6d73368f5,22285,43,ok,19,3,0,14695
12eb9cc043df31ab2ebb36ca4dc398bfa11901cb1dcb2d7e8097c988fb8f7835,4528,23,ok,4,6,0,2534
12ebea908bf8923994f92e33aa30282594fef1e25ec87799b87f95254a587d01,122649,4020,ok,84,728,7,127269
12ee703a6126d427cf68ccd3173b173219d77339fcc096f6839615a87cf6d15f,4778,22,ok,7,12,3,5839
12f9e730332fe2b1ae1a210b58d3c72c59d337bdae3b7ec12fe67ae5aac27473,4270,22,ok,4,15,1,3202
12fca5a7a96577273b6d4184cf9c984036cda0e8f0594747e7b2933dced37ee6,90057,596,ok,96,389,7,139238
12fd219457b92f1de40da737aac2055d18ad9b2d97af4827b9b16ff1ad5ad725,45107,47,ok,32,32,0,12380
1303ec7d872e3bae325a1f89d2b48e9bd866b82fa65dbde82b1f9c40f29df809,5543,23,ok,15,14,0,5751
13190bc5b412d415d0f1243be1c8cae6a4a324dc6acda80d0c16171a5a592823,15848,32,ok,18,65,0,13225
131db85e62b0f7e3683bf4b5a6ae22b801d9acb2effd5cf3d78e9921b77b7c94,9774,26,ok,8,15,0,4928
13346ebdb5ef364f9d4f8514f7b437565c20b9f2f768b18bc122fb6692ece7c6,28854,32,ok,12,99,6,14029
1345fedc0296f30d5d629f1a5023721a9ba92da86ebaae323d293bb1003f265a,7288,24,ok,14,5,0,10331
135aee78ebd8fbaf6ac4a0a18d953e0d4d39792e2b4eef4566d0b4e6865e6b15,9552,21,ok,3,4,1,5078
137ed782d779a45ca824b47565e61608fcaa4fb8c66ec21f605b72f656280bc3,31498,51,ok,73,4,0,33068
13926cfdd2d2fb89fcb9dfabf8b5fb3d2774cfaabf4b675aa32f43c1de2f5978,26320,34,ok,9,23,0,6636
13a8296fb374220cfe60f50d632d3ddc5b78a9249b0970d804c8ea9949a7bdd2,11359,29,ok,7,17,0,5227
13b158655e40396957537bf1c528c6542b315930c1c9e0df640f57293c8af2ca,37047,78,ok,22,166,1,39051
13c5614b3a924bb0956d39c28884f5eb6a88dcbb8a34f35831e4a61b2c341fae,39297,69,ok,16,41,2,17529
13d633d8e406e5bc0a521f2519144d44c4cd394a0c5ff704277659184276705d,4336,22,ok,3,15,0,6826
13e39f947dbc5e59d9747748c2e964a81e654c0c4c471cb683c233080c141ad1,5724,22,ok,3,1,0,2204
13f2599d4028f68e97deaffeb04b4a3cf025275085a5e11b219520691e474f59,5915,23,ok,17,25,0,5820
13fab007bba18c6ad42d28818126dd1c403cf7fda6319faf71b55b4ec4b44a55,15666,23,ok,6,19,1,7781
14004421de97842804c53cd9503e2aa4f43a56a5d93ca544b8de649004ab0ac7,1851,20,ok,3,0,0,2380
1400833dffad8232baca9f5e0a85320ebf2cb3e8a474842c611d4295ee48e598,59317,392,ok,10,307,5,32635
1406b671bc614ce38e22159ad3dff82cb82896a2db9a7fa9bfe4e0f714a4dfa8,20004,37,ok,31,33,2,30359
14072ffd95562e1630bf4d547d408899d8c48c09c7fcf50a14e3e9acee134468,15044,28,ok,8,68,1,7916
1427a77c5d6ecf736b33cec17919f17adb4ff7ea69c31c02d7b23f10cd1f649e,13283,27,ok,12,30,0,8834
142a6bc9cd56dc2c0edc713132c82111a8b44bf15be5ff12a774cb016e143f55,15378,29,ok,23,69,0,21262
143def7c77379046976608f3976a10143be98d5773f3dc0c7f4a2915331d54e3,19726,51,ok,11,107,4,42279
144ef7103d39fb69e93f37300715044c51dbb3ac1e3a2df261a0e5373cd0bea8,78454,489,ok,40,1600,10,180187
1452052c3c9ed3297b82a02e99baafb0c9ba5209f03ad941e6427c3aae5b07f7,33644,77,ok,21,11,0,16711
14600090dfff24f0821f0276e92f389e7367fb6e24dae0c7dd22c2bf21eabeb0,8071,27,ok,9,8,0,3510
14690cce38f89fd37eac1b516ed3be17967c9fb45e97adcb779ff65b636e9da3,1204,23,ok,1,0,0,857
148ca1a98456b2b2cabff5b846de9a27690fcabc76c6a7081fdf9535d6773018,41640,61,ok,19,459,1,47557
149c280d4a93b7dfab90b53b5cf81951224babf4c398ae3ccc9e84b517fe6188,14733,46,ok,16,89,0,13734
14a957abbc36c85f7ee73ba8a2a04ed02d2c5cb5e468460ea3bded51ac4716a7,38634,44,ok,38,17,3,25584
14a9f98d9cd8acb8612581dc571700fc6156c1ba04ba89d2ecdb1f9056feff06,4243,32,ok,6,10,1,4865
14cd94d7dd4b508e8013fe8c6e5a6da97b0c4df6361bf9517695bb2952864cf5,18963,55,ok,39,52,1,27379
14e6c8d4e009d43cbabb2db6961e620928aa45cf1667732005686492e636fdb5,34550,62,ok,41,99,1,30801
15218e552cd31a02fff6c844c5fb6892b9affda2d0330e67cdb5de3205c85a8f,35052,46,ok,19,159,2,66925
15299dec7f7c48bae0b3e02fb3c149d8dd2a9d03fa50ab255cbd640633ab29a8,8416,28,ok,14,2,0,10609
153ac7ef984651acf6d11b7caf01051370c44a99b37cf686d878564b8b9dbb24,7037,23,ok,6,2,0,4524
153f151d3587a19ad0c521d49294eca627dbb84057457f03f009090149ca5bf0,12755,31,ok,23,18,1,24147
1546eec842a3c777f5f6f87191760242d09459206312fcccf4c5ae262fd709a4,25955,255,ok,24,64,1,20123
1548732c24baeb358f236a564deaecafff5d613f6473636fe4a73b4d179bed68,21550,33,ok,23,48,1,12146
154d0fd4e06e1b86ec5fca2beddf767772b1aef89caac74466ec8842d835a00d,10788,26,ok,14,24,2,7946
1557a16d408aa08557034538b75ac64e2655af3909e8065ff2de75a425d0a67d,9227,31,ok,4,34,4,7408
156d597fe56f530ba67863663e3cc3680deccfce9820b0664b6cd629a2b47674,17478,25,ok,14,15,0,14598
15804043e253f3dfd11bd15fd861a3b70e6b9b82109db37b3f5cd2cf211a8424,10034,23,ok,13,27,0,9720
15941b501495479421f98f08f2a8d98c12b7eb14d66cfd9fb8f497270a336fa8,19880,254,ok,9,48,2,8118
15950242d8b569491c09d2880ddb2aface570c921c122a487c6c5b351c40fbe5,25354,40,ok,24,17,0,19132
15c45224530b0bf4507ad80bc377a55068cf9334089242cec7758e723755367f,3886,20,ok,6,0,0,3162
15e81d174eb342df55f841fc4ba5ea9533457af53d07c97f0415b57615edd757,7225,23,ok,4,13,1,7251
1660d2fa8f781e50e9323c94479fbe0383a0f152d7c20b25ddd32c0f744eb4d5,5454,21,ok,7,0,0,1461
167ab414a226427de34c19947ef9c5cf38c6c0ed91ecf9392f7cef3278ff506c,36810,76,ok,22,159,1,36964
16b03e0d6cbcc6a3373edfd62d278ac4f5d61348bebcf1240ec2b05303027dea,56869,52,ok,20,8,0,5063
16b2a6b175349b071927ad96927cdc668598dc32055d4fcfcfc29afdf73c6420,7674,24,ok,9,35,0,8492
16c283f0fc9d1182d4f82ca0cd636cad9c5209f853de3f7e38401874300c6727,2940,20,ok,3,6,0,2184
16c6e0e7941ca8f8ff1859f80a0e5c39a41cdcc1d9030f769558b5a32a184b48,2202,19,ok,3,0,0,1854
16cc7e0e678e95c981b99c35a93bb48f3dbde46c55e879257412ac6fb2ba3ae0,10410,25,ok,19,7,0,13229
16dda8e3ee07c37c0579af921db80ba31b63f09d322748249f9551073dbfc7bc,25274,147,ok,31,421,3,52016
1709c3a68425d1457bcf9a2a916283bfc682f82a80c939af2d2201ca87b49c3f,2821,23,ok,7,0,0,1288
1711b7c790a978c7382584e121cee7883a557a11cd91177fdbeee4320a96f9c0,8379,27,ok,8,7,0,7928
1711bcd20feeddd4dab6660cb2408c90085c5b42227bd10fc059140524899b09,9696,26,ok,13,12,2,9581
172bba5089fb1dc27ffd25f8c025c8fbb1ceda47be773e51f032cd4d247915cf,24503,43,ok,27,156,1,37232
172e48819f5c8940d66db068f25d8ca4c4f5ab84e304f37cba77fb860bb8fcb1,22924,61,ok,14,39,0,13656
172e520b9abde9ecaca23af2899b36be391be0d88a59818598a54bb90358abf7,20687,28,ok,16,0,0,9853
173c30d93cd8d1a2ca60f89498993764f416aaa0a8aa1d06a229e0400dc829c8,26127,25,ok,5,13,2,7055
174972e6850180682c46185f58504955763ffc74f188ec7544a60b9a21747a7a,7998,21,ok,4,0,0,3585
1757d66322ae87f1f72679a8ba7229b8eb4284d075b05b08f8bd423e496b92c4,11374,21,ok,6,10,0,5706
176f4086640d2c5ce433113033ac7f161ce37180f46f8e5cbb9cff9db82eb900,7302,28,ok,11,39,3,14021
177665634a1312e39c6fb5ee97d3263274cd4f72e124f866ad347c93b6c00d4b,1198,20,ok,4,7,0,1219
17905dfba425b340c9f52e547b1ad1dfd0ff70156a4854426856022f3d543ff8,7358,24,ok,14,0,0,10338
17b1f6a47d5ff3cebce3fd0ae4a79e4e602ad86aacd5fe0a25b90ac6ac18a985,32601,68,ok,36,208,6,70605
17d5d88b060ae9eebfa3d36293e39e61006ea963ca655633d76f0379dba4007a,16629,26,ok,17,1,0,11212
17fc0897758f4ef16ad8bdc234b70a754363a93731c1eb7b52c8593247c3bf53,18768,27,ok,17,12,0,8921
18051456816b66f12e773a56f77c5794fac1b1fb7ab6e22d4fad5a412770f73e,27410,46,ok,22,32,4,21584
182b90482d40efd661a7f5e32ac9cb328bc4f66293d778251001d6744dd570e3,20111,28,ok,20,31,1,12830
1863d95f609cadd95a557550ad6bdc05a443304fb69fb1d110e7874ea27a1ab2,7201,24,ok,14,0,0,10379
18723bb03e7598832b3bd63f122e68538229c9e651a7ab32b0911e2fa7665d35,3568,21,ok,7,15,0,4516
1872e71c6ba523dcd60ec9afa29000b38211c846dfda3be9c4f6199fde54f9c4,28508,32,ok,17,14,0,23751
18aaa5a99271d17356bf1cfb3c45c8b8f1541cd8491279f6ae46b869b788069f,30263,32,ok,15,89,4,16211
18b3fa2361346f457c1ad7f1c167e7019fbc8f05cd473c59289071a8d66aa09a,14965,26,ok,6,52,1,8426
18c5f74a1a6821cb3312481f3d2f89f66e7b5f62ef15b41b7929a8d02eaafba4,42471,47,ok,25,41,0,10367
18f37c4e1d980e53d8ec8fb7bcc28b0c6ed7eb5beea95c4af76c762c95f61332,13263,24,ok,13,27,0,7557
19173258dc8d5cd819032df3f6fb031e57545d044848b9b288acafb39d051496,9260,23,ok,15,36,4,6271
191a9dcfc76dd609c1e086103756aa79abf9b1ebc02744d4fcb4cc3aa26eb574,37453,61,ok,43,40,1,85162
191d631292d22f5383491784ed33972a3480b0a5bc79b88ac6bd7835862b916b,4950,23,ok,7,2,0,3766
192ab84143557211d84f13fc15862e42debcbc3db0c516f792f51d6b8e1a5868,11178,27,ok,14,36,0,6989
1939cb97a2d5e0c55964e7b88bc76e20caadf7217b3ad2826d4d4b82bd41a00f,52875,54,ok,50,61,1,36425
19868df3653d427cafa1c30bdb6cec1ca5c8c815eeabab8a8bae6d83efb1fedd,20393,67,ok,5,104,3,14310
1987491eb783da3f0c3854ea2cfb6eafda0c3e0ecd3fcb9fa9d7392a08fd289f,18789,31,ok,12,48,0,11164
198e66fa8d07c24456055c7286a9a43d7a0203812f9c3e837518ac593679bdae,9189,26,ok,17,14,0,9031
1993b1791cf40c1c259e7869851f34968ed8f4770f6a159f69cb44a7d4845799,3288,22,ok,7,7,0,3559
1996bf22d9933cb8da6c98b8eb195532ec92a618b83af254541b1679b29d9545,34536,632,ok,24,101,4,30819
1996edb72bb62ab1b2313ac9c862fdfa823f013190e33b1fddedb6d7367beb19,8838,28,ok,1,10,2,4307
1999bea2a86436b82a2f50476a04b70ae8eb95ffb432396b84d48155308ee4cc,2020,19,ok,6,0,0,1354
19da1a600b2119d4eb6f01c238583ba7d0b6bd628fcce05b5594a5e39fb5d18a,4727,21,ok,7,0,0,3556
19e77528c7816a75f6efbac22609d18ec43baa57b436f505225d10075346f208,27558,30,ok,12,24,2,6917
19f62f37e57ba77c24e674428f1a232433c263f8076b55b5c88fa3642a471572,17140,39,ok,25,180,2,27020
19fcba31e1f40fbdf84254b24812ea314069ccb9788347d5ab5e03fc105a0134,17709,27,ok,22,49,0,19870
1a10a79ca9c5e69789bff88a0f79c2e2917871d0f3cdb62145267254922e8609,15031,26,ok,5,43,0,6516
1a22a1b7b808cc3aaa195d6b847a43f45815521a7a618629f83d27947511958e,12988,25,ok,15,18,1,6281
1a4250d4922b6c25e67e2b8bf10c64f34f1841fccdb7c5b20f1d1aaa2557eb03,14764,29,ok,9,130,2,11841
1a4be5c9a95f84542979ea3384c59294ecf316c062df837149aea56a78233a83,6183,20,ok,7,11,0,2628
1a571ebbb2586039bbc344b153fe82eb8819b91b7a49e124c74f05d2ae416c5d,2428,20,ok,2,0,0,1498
1a5e7ee9fc8023cc176fe70a0621a971f020a141f1709def865523d5747c8afd,4158,22,ok,10,0,0,4091
1a6219c931989acd01500b4bf0cbfcf533fc198bdb3cace125a8fc7ce6cd6c79,2470,21,ok,2,3,0,4862
1a743923fc284b64dd4ee0e0c29ae2f364ebf89caa0fb3f73aa0ba807be30354,2322,20,ok,3,3,0,1637
1a7891217dc6d8e530356d46e81dd2baa1a2da4a22e00afe26e0fdb2c3a51c69,7507,26,ok,8,40,4,18377
1a9cfd0c8b1bbb42109609979c820f2fd97c71acfedf4e683bffc6abe186a328,14327,23,ok,13,23,0,13094
1aa23951740091f238ddb75281c9aeeac6bd3b6b29a4de645efcc5c5ffb7e133,7556,22,ok,15,22,0,5558
1ab5e135d3cfd6f15a13b0939c2c10cab1cea4243c78a9e19ec8a50c27043ef0,26273,51,ok,22,82,3,20481
1ac9ad2258396a1c4ceee5049841e61c1c2953919cc673f8c8c050c16d76204b,7622,37,ok,11,14,1,8407
1ae8325103f125d41213301a4b2f063877a40697fc9992167f63069d1e12e1b7,110876,1242,ok,48,824,8,183878
1aebf6dc9f05e01423ac011afb36dc87829cb2c34712f0f0dd4c98bbf3714c09,20270,33,ok,12,61,1,10699
1b3168b55aa844febfeab0ab56e3217bf0d309b63bbc750cd535b0cb7bf84bc4,4607,24,ok,4,15,2,5033
1b400da1b8a65246d7ae5a4229fb9b98611fb74224735a5b91fd8da316a06a82,7962,24,ok,9,12,0,4292
1b5f4534a76322da2ad7c745f6900857a6802b0ca79850c35a03561df997785a,41855,54,ok,17,151,6,30035
1b6b75fa484e7b7ddbd6b485f9a29317af127618cd56afa86addc4ed7ea93316,9356,25,ok,11,24,0,7800
1b883c32721d191a06c2306cc85586dc6ba9bd1144f6edffe988edc89bde8682,73096,166,ok,70,303,4,81451
1b92162308b2d0a24cb86b4dbdf608d358a67ff4a8d5f11ebb7079ebcf6340bb,9998,29,ok,8,15,0,4990
1b9a8ad4b3acd136b60868d49faace6f8a4d392c78157444dbb40f24ed96a680,2914,22,ok,9,2,0,1733
1bc6c356ecd32410271f2857634cd8a38b1a0b0975236090ce8af35abf212e25,41688,537,ok,47,1194,9,134033
1bcd7570c017e700b43ba5ef46f89395b6f50311c59c3cfe60d206a528e08263,7062,22,ok,12,10,0,3688
1bcf80cf878b2f8c323a6fac315aa091d645fa6e3e511eb706e32a0d05f5c1c2,12133,30,ok,11,0,0,4961
1be98bb41080d1d882f17e283826335d2db3f201c752f37cbcfcec0cb5314790,777,20,ok,1,2,0,867
1c00a45fe5d6c28368a76597d33301a96aa714f8bce25a21717f46ee4ac864c2,18423,49,ok,25,13,4,15856
1c0928af078a4a9beff5e04647240b9fecca7a805b751c803f96ff92f75b9a08,25110,26,ok,5,22,0,26222
1c093a5f27927d00b1c9c6606e10adc17062d8d61c8b8d82a006c1721d1dad9e,45269,40,ok,19,37,1,58897
1c0956b892aa79478f6b21fa87dc14816be04f748f5a163e1da26e8056886b78,8856,25,ok,13,23,0,12174
1c1b6e0563ca0be8e5cd8c95a528d574de57e03891a5ba7b1cd4cbe238a98283,7538,25,ok,8,27,0,3465
1c2144c8c73e8ef26dc035dfae2ba719ec254d0433ac08db32debb83e4c70876,18776,23,ok,4,2,0,15784
1c3910cadd1573c550300a98a3599125b589e59cc50f8cecba6ddc64b22e82e1,13302,20,ok,5,7,0,3349
1c8773aff502301697faca94cb81f233d3669a1cf85885810451a4c44836cf5b,16359,31,ok,19,26,0,7365
1c9c49e5ed65bad6319dbc8efb9dd44217e63def0f21e4fdcaaf4f582405986b,4282,22,ok,6,9,1,4868
1c9c4d5a8ce8e6466591137e8e2f9d986ca356b24486828349e3e212c8a004d7,69173,66,ok,75,109,2,72680
1cf1ad98b51444c86d78bb526594f7380ecaf243db3aee807a2e4813ecec62e5,584,20,ok,1,0,0,425
1cfa6745881012285b11bbc9f246c4752d4db22ae3fcf12c488fef625b993124,11721,33,ok,20,50,2,13785
1d1c90d3b0135abf7a31cfdd7ebc358eba9d6bf44bbdc7a04386318a19d8631e,7527,22,ok,5,3,1,2937
1d320c64b1b4baa6a7c663b48aa2e02ca0eb653175924a2c66f5718153a91187,7370,24,ok,5,18,0,5899
1d4604048c4baddcb222d4b077fcd0d058e212da81e717ddeec26643814e0113,13766,313,ok,5,42,2,10576
1d58a51eb749f2033f4e2e91c342719ee84fef5f9eff119e50dcca91ff0157d7,9908,26,ok,6,21,1,7340
1d5f0cdc52e99a28ca2b8287630dc96b45862e65a2a089d97742b9dfdcd5ed25,4690,22,ok,9,5,0,4591
1d64fdb00ff27d96ccc0eda4c2b353e01a0d183de00b93a3407d3da9f6d7d2cf,74121,120000,timeout,0,0,0,0
1d6a1d33122aa9eec8df4b079579d12fc8e8a799488da527ebfb726b20246176,31127,718,ok,40,22,0,15934
1d8582bf1753fd9e000cd8404ac3036f09eb18bc58f8f2203675b1ec3b6f43df,8682,36,ok,9,4,1,8026
1d9057993dce4c885d84478c9fe58c727830897204f4d44bd51797cf226e94e9,28449,47,ok,36,125,2,44651
1dbda19a2c9962cf798b62557f7c6388a3ea3c7c506ddb7aafbd549843510c6b,8557,32,ok,7,0,0,2600
1dc5b1a938dfa7531aae9b62c418e828ebf5dd0523ece552ea7d17e0dffbc2fc,20459,35,ok,14,41,0,27641
1dca4f7cddd6061d58959f67839bfe0cce59cd5c744446f8c4f70f1c93a23f81,10474,34,ok,6,12,0,7875
1ddae7ba14b237ee06039cd3ee129d9ebcb156c1db0706cddc6b9cb4aa72406d,18027,44,ok,12,21,1,11248
1de520344c09e25ffb0ec0a38c5cb1c98a153548ea51a721e4aac4a166af148a,14548,43,ok,24,55,1,35681
1df7e3bcdb66147ae2922167c6f6b81db7a4af959c42a51fcbbf98e6ab5f6095,13806,39,ok,23,25,3,12172
1e00a0b9718b95a0cc799111d231ffc890f03373d21cb87d5501946536a6dd54,4447,28,ok,11,0,0,4554
1e25669bacd907ec14114b9e943312a6ec4ab265cb407646cfb567517009ba70,44222,62,ok,17,150,3,29270
1e65df19aab602c415909ef6ab3043ffd349c21c35b97aafb3946c471d61cd39,7312,27,ok,13,16,1,10341
1e749dd0d04ccc61a2504641038ca9718149d1760f0b538a92da0a869266302c,23544,44,ok,9,25,3,5599
1e7701ba9ef2f012708275ade13aa9d43426cdd0d0f60d6575bb888754780471,7613,27,ok,13,2,0,10916
1e8b2519f02c01b42e262f86861aaa0795e7bd4ac5e9bcb3987f7820a38bd746,72093,92,ok,33,11,1,20316
1ea384f6f4d93387a32c70b8d469908cc3b39f6bb84e5be0c3410c73ba7189bb,1245,25,ok,1,0,0,920
1eabf1189d3c62d9febfcd6445333cb955d719693800e8642efa14da3d4f8ebf,1177,23,ok,1,1,0,1120
1eb13ee69272807a012b722ba6acceb9aa8c93ce8c2793feaed5bddc49fc3d09,33869,38,ok,24,62,1,20850
1ebc440a59382c6cde9db78a2c3794267bb83661c999976b93678bdea125c709,10968,31,ok,22,30,0,13572
1ec028841a758c58be0ec7303c106dcabd50d2a54867911e632a9b6fb01a89ac,14652,28,ok,7,8,0,5709
1ec233f4385cc8d2a7359cb4bc42d583f7f8b7d8d1827c62a03bff588cd8c0f9,15081,35,ok,20,48,3,16943
1ed0b9d99371d970b08cf74f3ff7c447721d6f01c1a3ba78d29645ab29999cee,8435,26,ok,7,12,1,5428
1ee885769eeb210e9a9aa18fbb9f4b17ace5e247a8aaf8b57f76b81ae8e2d143,3181,25,ok,1,0,0,2651
1f0535eaafd1a5c95ae3e522c11a61ef86c419d49e8973eaeb8524d39e6904b1,13786,28,ok,6,8,0,2921
1f22904bf0edb5b75e4ac7e2358f19a1d7e42f2b0a56b0e0730b17ea5a95dab2,30294,167,ok,10,143,4,24449
1f4dec04505341a6bace85e1cd1f3944d0631f8dca2305e8dbb67b818e06cd5e,10797,41,ok,11,19,0,6302
1f74a6c48a5ac4bdc98226a8009e86ab711011d378f0fcb971d1af6040f8d762,8879,28,ok,13,0,1,11954
1f7949915027dfc31b649264be5997ad30c9d9052f570cb46ef0b8e2d5323dd8,11133,26,ok,15,13,0,8679
1f810c1722d2ce1d1e87733629fcfe6fed2ebd20510256e55c879c25eb4bdec1,7246,27,ok,6,4,0,6995
1f9164dd459790a2c243491c001f22167d07a16eedd1f4a15f41558d949127e0,7214,30,ok,14,5,0,10110
1f9780ef608bb0b970fefbc532d2258d4603672e4ec3508449f8c53887221ed6,25432,41,ok,26,29,1,11357
1fc10924b9734473de0bf24b984fc00d23d57cf05f78dc67917b117ed3dca936,9544,26,ok,4,10,2,10559
1fc87e6e3d07009930a485e7c71c3e23bc6e52a6f2a793bc9f5223fb29947cfa,20660,47,ok,10,37,0,15625
1fc88526e1f5b684f8d307aa0803bb01269df013ab4faa6c566bdba67f3c8944,8899,28,ok,13,53,1,8771
1fcdb65d2c5ad28c12f3fc686251d053fa566b278f180d646cb290687c87a6a4,11381,31,ok,5,32,1,3519
1fd5d59a8705d1658ccc16d7b8eeba3716c945abcd7e56947b77440f962c1cd0,9147,27,ok,13,27,0,10631
2003e82a50362c162260ba5a48d3501a21f0e89409ca1836e11a81e307fb7d87,2068,26,ok,1,7,0,2226
2008e237f928dc1eba92f072707e6587a7a00cfa7b2dd30718af5f64c8bd9a8e,52414,116,ok,55,131,1,35076
202079983fe1fdfea29ef9aa08f38f3f349cb0e30fcbf993a5b4ca4dd33179e4,39710,64,ok,47,31,2,25680
203a50c016e940ec4a76aff00719b97afaa14b7aa335c046469dfd1feb5cadb4,22052,80,ok,27,22,2,12535
205c2ed7c3f3bf56d365d2f25313c4d0579c39cf61420c6f292d6122f142f935,16522,33,ok,10,5,0,5266
209d98ef0c398c9ec59da4886b750ded5d4bf6f67c27ac2ed743f0be9c79d547,435,22,ok,0,0,0,120
20b61a7119a79adc46986e454062d6b7b677455738a467e79c4fb2aca8340896,8373,27,ok,11,11,0,5190
20cc19bb76c164bba8280713a9abaeb4d0d37b05bb81a8c6aba4e682160f6d15,4723,22,ok,1,1,0,2710
20d4ef0627ca8234b4d39649d5df3b93ad5cafbfca7cde4c7ce4b2ecefd56c2f,20568,40,ok,27,28,0,12623
20d6ffa6882804256ee8ffc2447f62d633e29d6aef4312bcc40b1f495790cfa8,6414,24,ok,5,3,0,1824
20dc288bc08efc0094983e497d716bcd963a921ba7113306d4401ec113e9e98a,31997,30,ok,74,29,0,14630
20e46f0cf3ad51090705f73418a1f756a60079339bd8485f1e8157539c6bcf40,1158,24,ok,2,0,0,797
20ec1744c3f9e2c840c714b4ad2dc42d844d2eb7c164ced8c685cf267516b0f0,37126,147,ok,28,84,2,33729
21467e8a5dfbfd2ccccf5d60473eb9f6d51b8f4b29f98e42034b770701165f0d,6149,23,ok,11,28,0,6413
214c7cbad25f58ab91898c37d7da952c7a749fd3155e6e64cd80bdbf0b46422e,5084,32,ok,7,4,0,3644
2173790286c29eff1997c9d957f4a58f4d6f7814443cbddfc56d0bf5d68cd688,73080,187,ok,70,301,4,81361
2174f8ca8d8bcb1490798cd18c56b69fe639e891e8e4745bef295a4979e5d55c,11438,29,ok,8,7,0,6065
21d42b73c1c9b3c64536360084c4992d055fb5ff4312fd45d8410baf7eb91b1f,5910,30,ok,12,45,1,11713
21da5dc9cee718a43e3306088f9240aa98293ba6d91361ef1b4a92ff067951b8,16318,32,ok,7,5,0,6179
21eebb27f2fb9c6b45a4a492df5ce9b28c31e0679532930cf5a41866a3ebaa03,6064,27,ok,9,5,0,5098
21f41ca029d3a3de8ac0cbc3968a38dd16b0a26d9a4cc2a8680918017d1a447b,122665,4043,ok,84,728,7,127269
2223b24ac64d87f82a070443bb3bfbc400857d2bdbe2ecb791b4a72814912d9f,2288,24,ok,4,0,0,2902
2229dfab54855c6722fba1b731e42a4e4d16dfc00f18500b0d3bd2e55440c21b,46267,47,ok,30,176,2,58820
222ac2d82f6b9fb26cdabb73a2fae473ea47954a9d191d17ed7fdd0af588aef1,23003,32,ok,20,1,1,13385
223c8d4da343cbd0238c51515d880686478a7867cb72576b69a70a0637ce22fa,11864,40,ok,13,107,3,19310
226e9cc649a87ae6396d7c46714b7d4378b029c666ad1b00da51a11aa55ccfc4,312,21,ok,1,0,0,168
227c4ca343ee5808bf6037aa50060448d5074540eaee3f933401031a801e6467,19765,95,ok,25,166,0,51320
228bb6e3eaae60514c9052f7c894ae2313e43454712cc0adbc412d6a98363af2,11358,33,ok,20,18,0,9471
22909307151388c37820e6bd1a891cf4e8922d62133bfbcb499870a012860023,3878,25,ok,1,0,0,549
22921036280bb2ca5cb8401540205140adfc18e1019731d12b4a2a0d738d8eb2,25687,33,ok,24,10,2,18968
229a60b519e2e27b2bfc34488f3e717cfd22ffad9300e08bddf5b146ff7551ff,9831,40,ok,5,7,0,3934
22b4737e67db6c85b518f09a477c15c9d4115d87b85ee47158c797d61e7aba6a,7483,30,ok,3,1,0,3391
22b5c205be6d9d0845608d444781799d5b653f5095f3eef192effbd9f860aabc,2071,24,ok,5,0,0,994
22e25896129abdba5d9d08d305788b0be910cd6f0b94f0843e82f75967e6329c,49739,86,ok,27,67,1,24028
22eb3cb88be1178c3831a0aa37c8b810ac4526db68ef89cc687674a86c0eb6b9,2876,26,ok,5,0,1,3816
22ef9eacd5f50fee5d5b81b738f33cd64e97151897dc064a60ffd807fb501a2d,10169,29,ok,17,4,0,7437
22f461acb9cf45717ebc2038ac7a3e4c619aa6d63ece774f025636d810738212,13761,43,ok,6,5,1,4805
22fd6320773d137dd3144cf75a53b5761b3b9f4bdef1709c0e65792d523cee9d,7714,27,ok,11,9,0,5027
23013860a4bd6b69cc13374c55cdb017351f5a436e58c23a4fc7df34e14b684e,7083,26,ok,5,7,3,4575
23584ce7c6c7cfc116d106d5127d55eceb170d9e878879de1e2dff0356b8fbc2,14273,41,ok,8,20,0,7508
235a706073c2cfc5d1a88b533349e5c7819bb16ae6f1d8c5f7414d990eaa4581,580,25,ok,1,0,0,415
23af1f06c7935313d3e20627e28d4714fc699971f3b5ef1d1cb84599d5a16ec9,30882,76,ok,15,194,1,24335
23ca3ce5e4c3c01c599bdf52b2de8cc99c26c0ac5939457982e771ddb21d1d04,8016,28,ok,9,5,0,6206
23cafe79bb16a32098004aa2906e0de5b1fe63783f67a5c539f5dd5fc2746ae4,18849,41,ok,20,82,1,28161
23ce0c3a57f0692c6035dc0607029c8a65239aa1c6363b72cb266691d2cfeb18,2465,25,ok,3,0,0,1580
23e5051b5295704e29db897ff424b66d22f40c515de13600d25b96e2cb65de56,27336,36,ok,25,10,2,19944
23e6aeaed2573793373b460dfa8c5b32305f2195b752498cc6f5e5254dcae4b5,12230,31,ok,10,29,1,14817
23eed8ec8ca1bc0110219261e4f2db4562827c954c6a705b795dcf8134b2fef4,590,20,ok,1,0,0,251
23f8313169998ae2636baf2de9e0e4e119cfaafc7730b415745714f3a419ba9f,23057,26,ok,6,3,0,18764
2406ce6d5764e323dbbb9ad38970bc56e0091f142bf263f860c7ae3da757f699,67561,76,ok,54,76,2,30031
2411385509a00aeab0aed1236fb9cfa07106fbd8675232382bb15b6b07c704b9,53101,61,ok,60,653,2,84510
2415f43928780c4b0bbeebeb5529e6520eff2228f579c486338baa12c7c94967,8824,38,ok,15,34,2,18994
2423510e2b66c4a5392287de88924ef56924fce7e25b3f65edf84feab73c82b0,10288,26,ok,4,2,0,3752
242e83515679587c49021871eccf6c68e24448ebd7ee8f55ea2ba41fc9487b2d,4173,25,ok,7,1,1,4759
2437c2efa8647fe0023d5b229db5a714369a4a3842ccf207add7c267702163b8,24284,121,ok,9,143,4,17336
244c606179fe43c4c1a33a110c20195c7fa0871b7c596476037383a3ad6ff7d6,35119,67,ok,42,184,2,64554
2460db9d5cd0e7c1449a706ce21113207e68c925aad855a4e8a1cc9e594117be,7441,59,ok,14,0,0,10486
24640750cd5ee593c1dcf32833b8f46d32bdba01b29ec2dd9d3e5098b870b60a,59462,59,ok,42,47,0,46543
2468b94fb5017b6d8086e106b109e258a2dce5924d9cf31dda9b3451f88b8775,54689,61,ok,49,458,0,66954
24710cee8479d0da6098a4788b11b701565dd187f8c947eeb12c2326cdcbe1d8,38494,56,ok,20,207,2,77154
24906961678dc906690ebfb13eb7b044db8b96a230826f474cf4f566aadd9f77,21506,36,ok,16,8,0,10833
24af90f51c5b4924193204a8bf8158e5e8c1c27f8ef49ff66a3d08cea27f2992,7340,25,ok,11,11,0,8519
24ebee24855ed093a4b8346c2e9a4f8e18febf94d3ba2143c721617379c94167,31572,36,ok,73,27,0,14140
24ee1d7d2d4f8e47cf48d44d3499f3e332802ca6053eb01c7481c1dfc2299464,4572,35,ok,8,9,0,5063
24f44a917f5c30448fbd6d9a32460d99bc44001da1018e8214633d5d3d6716f7,5388,23,ok,7,0,0,3148
25123ce4ef3c68fe25a2bde4f628f639d18f9ccbc05e21cebdf12105cb717238,28804,67,ok,41,346,7,57734
251475c367730162e298eb88497869511c9b68f55faaac2a06dfbffd47f92b4d,8368,24,ok,14,0,0,3438
25435367f418520019d7eaf257a9769413c68cb9f88c8ebe9c9a88605d1f66dd,4165,23,ok,10,14,0,3356
2549c23cce819323130d9f9195b88e1d9f284a38a2b908f004f9e238071c9405,20926,32,ok,17,92,2,20959
256c131ae6343723dd063eb218d47e7b853ab39293b4d3ebe139cef554e14298,11570,27,ok,14,33,0,9910
259741183fdf24e8278c2e7ba735cb0a8388d82f1e25f4fca56b1ccaa9c52115,11595,51,ok,6,104,3,13247
25b78510ca85641fefc25c8aa3fc3daa96969ff4577d3a16861b61b608c7707f,27047,176,ok,19,265,3,41383
25d5718c1ebc2f5d7ab37d6cbc4849f01321fa6c5d24d12916781f33a8ba7956,5068,24,ok,4,5,0,2833
25e310b6e60a61af53a6d2fdcdde42608ae73bdbda4ef4dd6e419e3fea02e22d,28263,119,ok,38,305,4,84558
25f9a46c125b47c837fe22ca6873d3c628dba4a17619abaa969b6299f8ecb87f,30391,35,ok,15,106,5,17882
2604abe82bac0f3dfc456ddd440725818618d3ca2025ff9957048d71987368e8,9631,28,ok,3,8,2,4669
26394cfb2b9076479af256262a10b51ba39c650dacc0ff917d3aa1b7f4e4fee4,44783,365,ok,28,195,4,48442
263e85edf1e7e9b664c7ecc4084ee39ab14681f9900bf74da5f4cf5c73b55a1c,9051,25,ok,11,33,0,8767
264f13cdbfad820b4b59192203909a0f16526f21feaa2be567ca1c36fa691dc5,16356,33,ok,21,9,0,9693
2651373152d7e6c451a0f55b6d739d3151fa4e58c2cc6290953efb65b4b06f15,5786,50,ok,11,14,1,6697
2660fcb340231cdfb03b501cbc9bceb3022507f3ccd4271ba578e9264cc2d982,8912,26,ok,6,8,3,6615
268f3e4e5114454cd4938921b97b26c478337c7858c0b566f3031cebfbe9d075,7028,25,ok,19,35,0,8509
26a4462af2bee182fe4726bb9f13b9c30a19d7e257fa7fbabe74f4d560e45ad1,25199,40,ok,52,139,1,32020
26bf5a768b2d307e081f5604b466f2aad9abcd1574def0e0295457cee86fa7b6,2671,22,ok,7,4,0,2133
26c191e979bb4446a1f659359753d8fa7f8be1e1858ac6cd991568b6a6200a5d,19657,32,ok,10,15,0,7159
26cca5dcc7eba2074e34a10da3926fecccb047a151b52257b0ac36dbb3aaf16d,10316,24,ok,5,3,0,2639
26dd8e49ecb6ce2fc4a148c4a7ef2b0ee9ebdc850fb0410ed58a24d9ddc5d834,18955,57,ok,39,52,1,27379
26e0506ebf3e5954906ddd5ac80ed6f57c95d79480da56be9edc9a629ba79368,9690,35,ok,11,166,1,18598
26f71e210a0bc650caed1cf60a1b96a8e96a88a682b35de2c661adcf56c43f44,34989,153,ok,46,83,1,30289
26fc3c08d9a9f35096f84c00235a59ff09be8855caedd3f302f47688a618b2a5,815,20,ok,1,0,0,848
26fc6c8bf9b79b8a3483ec707f489bd6e0b1cacec026b3c47cc6fb44f35543e4,61510,1804,ok,44,839,2,154337
270030f026bd52e2f300f85abed9e24ac15fa05daad946a2eb5e79df60a6c7ab,6341,22,ok,5,7,1,4964
271b5da9e22b0729dddaa29c047c443f956df931a31b1e43702fd23bb9577afe,1793,20,ok,4,0,0,407
272253de67fe19e0601d2c597d5f0f29e07dcbacd556528a1ed546165657ea89,4996,21,ok,1,0,0,1695
2731e2bfcc8eff1ee512e94fe1953beb29f22c908723aa56c33b26270c5ca8bb,19321,28,ok,5,11,2,4777
273c11a2d25b2ad7264a282ba6f55ba64981867bd75a05bf208355706a1dc6f8,534,20,ok,1,1,0,695
276173f2ea1d31f39f7a3461003d15f32ee0ddfed339b900239ef59c9d53990d,5392,22,ok,2,3,1,4312
27641409cee79a481e120b141d8c3c3135b83993623344a9039c1739cc58abe0,1477,21,ok,3,1,0,945
277391ddaaf81688d26387ecf1d293afb3e03d7f36400194d97a6c755b979e5f,13193,62,ok,21,499,1,65394
277444b5d4a175567c78d774ec17a7f3279983f34b135cf02803127bfa206a87,15479,29,ok,27,52,1,16412
2774f76f4c57f1c2ade041f1bbb30d4c54d885f3fa79d7888e57203fc1e90139,15069,27,ok,10,15,0,14187
278a251a348d0f9abe805874886932c1d1ec5c4eef7ab653e98ce46c008f215d,12653,22,ok,5,6,0,2972
27b2ef8c7288da0bf5cd997cb7ca02c71163b339c76c496ed7985994b25019a7,60453,114,ok,49,72,1,48282
27ba7083393c6d22dfeaebb5830b41e4e6dbe35bad9e5337fe66a81a09deaf0d,5075,23,ok,5,4,0,2319
27c9ce99a671b7769a690acf1669b2e353e707eb22516d38ef3dff6180a5aac5,10336,27,ok,5,12,0,6283
27e58d114a98f91063994a97b239ec0627f874c36db3be91876ca01b696b793c,50364,75,ok,34,63,0,26982
2807b5e97eae6486abbd275afef36d3105c4d8378959044822abf2bc929bff48,2955,21,ok,3,2,1,2329
2808e0862a9650ff728117213e7adf40e22c829078e7ebb8a8fc2d2fe319ef87,6143,25,ok,5,19,0,5983
282a52a3ecbc04bd1d998357a75e9180a2b7d9cf083470072794d233fb2666cf,11262,34,ok,23,18,0,10913
28301f816a8e9047d7f82ef713f0f0b96b5a6ec66ec992bc24fd74d1a1acd1e1,22099,37,ok,13,51,3,20140
2835743fa4c2cdbcbff1ebb9751d940a93f18884fe423f0f249a2cf164aece54,32947,341,ok,35,748,11,105635
283b09bef8e8b2b118311acf724d42613d3416b40846aacf1433051713f95bd2,36196,500,ok,14,4,0,7340
2845f3971bcad1f27ed1b8eacd0422ba4e8ca668723a5cd3da19fb35dda6c76a,37478,278,ok,28,816,4,84665
28461b24adafcdec445bbfa60f634631cdd69584d5fffbb92bd2e8f31d6ced47,20407,25,ok,13,30,0,6393
2846583d95da5c975051fc39081028ef562aa08a0ec6c6bbd953cede7e1ab2e4,38763,87,ok,52,126,1,43661
284e955c58825f56d2b8d45e44d39b1239057fb1b088a357718ffc5cb31ce0ea,10413,25,ok,6,9,0,6041
285273f85406691396a035c138ca8b840b67ae3521b55bffbd462f5cdcc4c9a6,6516,23,ok,6,4,0,3968
285696a4b792c073cae5967b5a46141d49a8d400bd4a9edf7d5c8b734d819041,5456,23,ok,5,7,0,1859
286f4fc9deebdfb306cbd533f4cbea75c24c746f9fc4481e4dab0b4738e3797d,293,22,ok,1,0,0,170
28a8c7adebfe1a0f40aea4b12d3ef7f5da3f1ef84314da8f04b213d5de4dab38,4728,24,ok,8,7,0,2868
28af3ba792072c1a7ab7ea3c3bc32ee44cb45359ba17fbc9660042f5d4d43815,647,23,ok,1,0,0,404
28b546662a133ad1f72e476460c9c7822f0cf1a5bfbdf0bdcb0ed2ac34adb7fc,16972,31,ok,20,51,2,12185
28b61d01071b1048b0203b71204829d2ad87d7050cdb37022cab236543b7a39a,21106,37,ok,15,60,1,22860
28c2cfaab1506d1d74d883cd1de3527d2d938c9f85ac4a6eacbfa199cc78c674,32035,43,ok,15,86,0,24764
28d0d7af7fb4f187446c33132df6b1f8f0d873ca270957a31be99cf4f0a4a167,30241,26,ok,7,2,0,5979
290bb68d1cf2544451c5b552999b1359705aa2dde97a12fd5c05a9985617a4f0,20506,29,ok,12,11,0,15097
2916599bb56355538ad993dc5e739c5f177be994b52915fb2f506a9e3871c0ce,12574,29,ok,19,47,0,14630
293572d45789b097e5ae217194aaa640c4ba21e9b75e93145c2a7c362c9b0094,48069,50,ok,57,163,2,61250
2947d39cb28bf34dda3ebb6ff4b31a7a51d4e88dbcae0158fefb4f0931f02487,626,21,ok,1,2,0,365
29539cbc8a9e1be50ff1e226b325735af2958f4431390da04457bb7c1ea83385,29947,59,ok,43,325,6,62015
2977cf001ad288c7c5394297dc58686fc3537d620fb574bdd67ee7a1726a8776,915,23,ok,1,2,0,1460
297bfc31bc4ecab26f27b194e17fa440f0f1cae4c68f36914679ed4f861ce0f3,13569,33,ok,22,34,1,13418
299595b140067d5637b93137bb121255327d0920defd64726376ca9df7a70f7c,19215,36,ok,6,22,3,21172
29a570eefaa04a949f543becd922874b9d17189540a32b8687be2a3fa2394b98,17505,32,ok,6,34,1,10233
29bdadaadbf0dbb20ff788aba9b70ac67a457f6b621bb17e94c2305a33586e3f,26034,36,ok,29,73,1,26124
29d91418f16b9c27177390540a0bd860c1de762958bb4c3eeae608ff045588e0,64785,50,ok,29,94,3,51002
29fa3581a357cd7f32e40074486cb37f2b9155f859dd19b9a9e784ba81658ef2,2387,21,ok,4,1,0,705
2a0415e10d20eb6815a1cc11d3ef97fd856989402bc97a18328cef86c92d2129,46519,101,ok,10,5,0,8692
2a072a0fdb26b670e706d9999b0d2a182f7d69b6b92b16ce236295b2ff2a7f20,22173,36,ok,19,6,0,11575
2a10395035a829ba38f9e0da8a619ca4f7257977f13fe840e949e84c55acf6b5,7178,24,ok,10,22,0,3952
2a1e7a52a552513e588dcc9d2401ff1aa7a1ab2508c0e0afec9536e9b1484e0e,7552,30,ok,8,55,1,10420
2a26cfd01ff6874039c8e5eb001dc24b13ced4caff922b5ea7cd14cb0cb42e7c,12217,25,ok,3,2,0,3099
2a4dd54a4f262ee64b221b70854a41875fc429e96ce3686e0316024513fab577,18213,29,ok,17,13,0,9887
2a581acfd0bc2a2cbd0abc56d9f9bd254260b368340478d611922f4f03ae270c,11281,30,ok,12,40,3,12071
2a6866c1850dc7c2ac131c4bba925d476c4179cbb731092fb555a55a654a9c44,14861,37,ok,12,14,0,5361
2a8c80a24e25e6003f5a26dcea93b41faebd29dcad616f1f021d1f1abd901ee9,908,24,ok,1,8,0,1695
2a96b68b159c932e86b50e6e7b2582ceaf067226f36cc90f2e05e96824b81f68,4975,24,ok,5,6,0,2752
2ae12d8ae21c63301eefbfa1b63a5c3a2d9d85ac0a60593086b6a9020db6ce21,7322,25,ok,4,6,3,4141
2ae525f01dc69d900c3faac9276c6a8514e916325a39fdf27228b43341aa114a,37469,70,ok,74,62,2,46303
2ae5857b21db00e06cf512b9f4ba8324478ea8fd3d24cb5cc40278d39b9e83ed,16664,34,ok,15,35,0,10239
2b248593dd244d6aa86798f164a81c13e4e2a4a9c12761aa1ebd6ddb7e5228f9,35481,63,ok,60,188,2,44921
2b48212aa3f2af4b81e9dcee3000c6396eaf00afe8613d0fa2665f9cdfee0adf,42021,57,ok,17,136,4,32919
2b694bb469f38029716a4d983329fb6487a659e31008af7f5b3644f12cf9f120,7835,31,ok,15,15,2,12239
2b9e0f1b58a64e94bd0fae538a1991abba1b67099362a8eec45dd6a5aa9dd8df,781,22,ok,2,0,0,575
2bb6c8f4188de4a3afd87492f54f3de90eedb4f5a13618b8fa40e6f9a4d313fe,3914,25,ok,3,1,0,7152
2bd0323a98acb8469606808368da6c79824f2dd8391494b94ddbeb3d22c1a957,31278,118,ok,22,64,0,13176
2be577797c24cdb02689a6114e09ff77c7bf66944e2c15390eec3ca8188008dc,12050,40,ok,5,3,0,3161
2beb325875e1e19482e06cc7e81955f7c92302b317372811e23dcbbc1df485be,9036,25,ok,7,20,0,4793
2bec0b2e74f3adc55472832bb5ac45ee3314219f81aa3d9443a7f4c1cc8d1435,12931,27,ok,15,18,1,6281
2bf0daecde95f3bb74bb08207fea58cbb879807bfa3b794ede5867586b185ed5,14631,35,ok,16,58,1,19626
2bf6acd66b0b6319dd2e16558a52312f5d964c3fe1ec9a9e796e60fa82f4c965,46537,287,ok,13,21,0,6510
2c0e70d719e45f7f8c31f7848efd99de29cac9612581b2b0b557c24f1cf04961,4389,22,ok,4,0,0,2086
2c176e0cce409c3e08e84b8d6e6890f3ba5036fa84a95a77be69238e14f0d604,17756,41,ok,29,92,3,43397
2c23658539a645be49a26c78c6de365d2413f8eeb5109f52d92c73f0cb900f4b,9035,28,ok,5,1,1,3607
2c2b3c9756f372092f9120393b41b1b6a5aa5546de169d1100daf370e1c880d8,34959,76,ok,52,591,7,96557
2c3cd29d25cca370391674a98d34a846953cd15fadd2135e6339e97a97aa09f5,13275,66,ok,8,179,6,29411
2c443d0da4440a17519d5972d8cf182449c225ae8d0de0223035cf8ffde7d987,10402,27,ok,19,26,1,10296
2c96d2d9f9e1784dcc16216f51298488158aadd52e0d08886bd244f6aa6ccb18,1872,22,ok,2,3,0,1856
2c9d7c42b5701fbe5e756c947ae4310e3bf266b8264d06b51e8f5074f321177d,3979,23,ok,5,4,0,1987
2cd1e92825cd5d29ce71df0b356956626d3332fa5a2117d743f63c8045882a03,42555,553,ok,55,1555,9,168207
2ce18af8f3ef2ae35953b86db8972c6abfa86d9f7ed2b057ef4d52fab957af34,10215,25,ok,12,14,0,8761
2d1fccd4bb897e48b388fee4ff256d7ee0b676de11525d5703230199b4ff5578,8914,30,ok,19,73,0,22154
2d35c1155470630434b03beba361f7cb1d8fcbb3e8b0cf23a76c83de13c0b142,53274,85,ok,32,41,0,13134
2d51fa27a53c60132163cf5d579e1a104bd54e6342fef872ba8efc50657fce99,3960,21,ok,2,0,0,1385
2d75e0e4349661495ab54457ce62624b6d6ae20baf66e71a81dbf2a46a0c8489,11192,37,ok,16,11,0,8702
2d81cb548e574c7cc37323387c361abff594593a82ab76c7ac83c64c99acc049,6998,22,ok,9,1,0,6315
2dab26b2042bde1cbbc4d1ac5eab35625e806d5b92841132bf5d7505badec91d,9007,47,ok,4,11,0,7014
2dc19d49f7555fb29d7f4d40564e6e7fe9f11b1360834ee647a37129ec8c56cd,10380,23,ok,3,12,0,3968
2dcbad1a18dc6921a8bb4c3c47164c217d188d1c5c595d211e9dfea724bb4b78,11068,36,ok,4,3,0,6837
2dce7fac91b4b3d3b996f34101542a04fbd844a2ba60019233dd973b63c0161f,23007,30,ok,13,12,0,18280
2ddb5ef1f8f029ea93313ed7a6886f763eda7287d8a08bacc0a427ab0aa1dc1f,24556,59,ok,15,111,3,27189
2de645cd2165b9ef3c839538aff1ee52d28ca02a78c4f8dcef6cc69586e6477a,13887,29,ok,12,7,0,12368
2e0f2b25ccffdf088617b92f4967fe816009e5d383f8bbb66e19ac3631e4dc7e,2828,25,ok,10,0,0,3552
2e1ca59d5ebf053231027766ea7989b028aad9a1f37fd6c7a761d4bf106533fe,10189,27,ok,13,19,1,8547
2e2a40784db058b6acc45849c5feee6a3026e570db693ce0cb8b336554d2fe20,8676,26,ok,4,12,0,6176
2e2cc3aac07681913910549b815390ddd7052b699307b0f418780597356dcc38,9930,28,ok,5,29,2,8408
2e2faeb67cc3cbb4bc87e6e6e70c27846ab4e11f053b700a1b338b9e65bf010c,77960,321,ok,704,701,0,942433
2e6e3d1948035714d38189a5047116d5ab93cbc574c9f727d30ef88b5540b1fb,8778,33,ok,14,10,0,8905
2e7cd82b9a1f5e2d9de05ac172f663dab58df6638b8c604e28ca33a3b5d9e250,19745,28,ok,17,12,0,8921
2e8c87f0cf923ad0a9798db9ec64cc53286c1c95a196802d1c922fbd527ed6eb,32110,38,ok,33,42,2,22052
2e9f9eec7968eca2461a4bff3aa6b3a283f739ee7536243f46177ce19acb1095,16872,26,ok,5,3,0,2041
2eb96f7b10a9c586163851769666ec14f63291712cdbca47d36c2251a579189a,25463,96,ok,26,150,4,38635
2ec044e90c6d8ab2f1be1d29b3c89a734d38223eea578f200d6e94e367aa56c5,13324,41,ok,15,139,0,13095
2ed4328b5ad24a6a829c1d1d6654349f5bd88bf69fc3ea07b9034b18797e1866,7109,34,ok,13,89,1,20086
2ee4f4297cdddb9369089963be89b63060760e15c1ca984aec85729495b4ed95,4247,25,ok,10,2,1,3651
2ee7c3caa6271e91980d2e188f3cadced5b01da9b5644bcff7d6256529041ac6,7950,30,ok,8,21,0,9537
2eeeba73daa2dfb243ef73ae69a2535bd90cf5b07b2788d6a7676838c12eb734,29621,72,ok,20,47,0,31244
2f0ed3386df25548595edf341c82436f7f917bb7c8d2e19465a949605bcd71c8,5147,26,ok,5,3,0,3804
2f298d496e00f77d3447275bc15ce44ddfe9b9295d4be9409ab140d123454819,6555,24,ok,4,3,0,2150
2f6794570015e7de80623402126a700bc009f7f1cc5dc5823e4967e054cfe183,33409,42,ok,53,19,3,29591
2f91a70d1a90673e280644e0489923858d135dab330fb5ef8e32e64029ecabdd,22705,49,ok,52,33,1,30490
2fa0a01f0d14b3a3aad4b65d98dbc4d388e4e6b18165404d270a168d477cc06f,27118,34,ok,6,39,1,7539
2fc4965ad418da610320dc69c544f77cecb9df9ed930c591b8c2191b27c7439b,11052,44,ok,8,5,0,4295
2fc7a4925f2b666617b8be19b4560f21353eb4c96525e99f6fcabe486ce9be07,950,23,ok,1,1,0,833
2fd3a8d9f27ecf000641e7e6380df6a3a4f5fdc472cef912c53fd76dc80d68dd,10533,30,ok,15,24,1,13487
2fe833967e5abd92bc7de1b9c33a434a9b08b879d1952234f5e468a72fb100fb,1238,23,ok,3,0,0,995
2fe854f3a9d4aeb19b540e4cefbbbc595043de4044fe86b6e52f766df9c2d594,14044,69,ok,26,44,1,24197
300cb94e7803fe8094f6c7e4c7411a7309c0dafbcb0efb432745481d4f0567bf,12350,24,ok,4,12,0,4665
30133812a34f3b3d2aa680dc9623ac89f0eb7427f70fbb15907d35167aa5e9c3,244,20,ok,0,0,0,120
3024312f46747bff8c4b6f1fe584df72198ce64663134b8ca5bbba6b31641f31,1267,21,ok,1,1,0,250
303466e6898038f9584b11e8fc7e6219db3fef841e8e3536617b34d3efbc998c,3955,22,ok,6,1,0,2184
303d7c102e09bcb9082566a6a5fec834d6a61d1a6ace8de86e9a437c79c67436,9209,32,ok,14,102,2,16977
30658d2aea376525acb23c73f73d4223832c8553a91fd018c276fe734f44401d,10183,33,ok,10,2,0,19144
307515b60bf06ce1d082936fb514cf65bb1b19443b9bc9940bf4b6bed6634601,21626,31,ok,27,68,0,17327
3078e41dcd71a4d67404b7e8bc63a092523209efcc2091abb508b20927f80443,26889,30,ok,22,23,1,13269
30affd8d738e21caa79bdbe4fa1b3a42d96412f2a8d387fc67bcac69ac5e6cbd,15971,35,ok,21,29,1,31499
30bab567295b20710cc5cfda64241eb2daf23f93d53da0f342ba85e6874caa20,11909,23,ok,2,5,0,2645
30d1c4c48d1e11dc277a1cfecc040fb39d4dd426124296e48a2b630bacac9384,77986,113,ok,61,546,2,76373
30e7508d1efbe178b8d3042c8f47f9c95a0a8bff8282f66d4cdbba5dad43600e,40040,46,ok,19,112,7,32344
30fc735df857e01ee3a880e317d8734165b95761d58ee7ff350aa729b0220866,10132,29,ok,5,12,0,6283
3106caf7be6c0dab2d05232e936ba9a1a3e96329cdbad68269b023d88f70bb3c,34673,115,ok,9,97,9,29561
311bbbeae3b7b24e40ac442ae670256a78a9c9ee399114a2918f8618bd74dfc6,18319,40,ok,8,41,3,12561
313085ec45f69c4c9257208140ff6be1b7cf056104fa99deba785699c5496d72,10364,29,ok,6,21,1,7369
31328050548831f63d2b72e37bcfd0bb7371b7907135755dbe09ed434d755ca9,3230,23,ok,3,8,0,3350
31689fddf77002ba1507c865b98878b34674ba09ded1dcbae2eee3607c18b946,14599,27,ok,15,19,0,8444
318e477634a134419d7e8996bcd335afa95c073167539bce8352db682dcbe656,17137,33,ok,17,70,0,9172
3190d6c26154d1257d66e7015f039ce1be2fc69b5d9226119916d182f7ac290f,7721,24,ok,2,4,1,3708
3194f6415c1596e2bad58bbb9daa011003624738cbc58c878468d0ec856d45a7,58699,183,ok,29,55,0,53473
319e0a64cf54f96630ee806f16f9d5aa6a9114f9f07bf00891192f930ab44f8b,1634,23,ok,1,10,0,3996
31a37e177857c117ef3a790cca89bdf5cda64e41824bfcb56f9eddf226ac9db3,16235,35,ok,22,24,0,16997
31dc1520554afe46f666756b05b3070b1b76d05039c21f7c65dcfdef22e7afde,14800,30,ok,7,20,0,10727
31eeeea74040e9a8ba4fb705c66463b340536c3b6d02848e51fc6beca5bb389f,53003,279,ok,54,52,1,44282
31f21e980dc283e86ba78ad1791e0d021364c18f5cc30d789166eae9bd724010,25685,53,ok,29,3,1,13858
31f467a75005551fd00e08df3a9e446f923ad04232346ec689cf07d6bbd2527b,7522,25,ok,5,5,0,2940
320d8f763c051f16de91f453c925d1b6a80d693f5e064e797a2be0fefc473f4b,31850,31,ok,11,54,0,15472
326d04b8ef7d53771837f11e1ef5540a0772347b549be4485c3cca68c700117b,17240,29,ok,15,2,1,7911
327e197c58e2b10412d00a14580c2a8b64b297114f7e53c83b4563e0ec528b65,16469,31,ok,22,52,1,13513
3281a57894c0d14e03d466ed9f09bce420b6f601eedc40a155eaed0d91feb43d,21171,37,ok,12,39,3,18113
3285192fd13f4b8294ba616eddc52910c25a5eaf6779c9578c12343bfb4944d2,974,22,ok,2,4,0,2442
328a7ff3aafe78978b320ee4f551504dda764192dc6671cd16a3b4a36659861d,1805,22,ok,7,0,0,1970
32936559de8a87f0977aa4507502faf5f45c50daa88eaeb0bc89ee34a1b08892,24813,35,ok,21,39,1,22679
32975f3e9c8e9fa43c3bcf05f690f006dedf81c1cd8b585c4ad33e3f5cf36844,11669,28,ok,7,88,1,10580
32addca261b74e50f723d4dc6132b4d07fe065128711a6c50b3803b37ea3a70b,29773,195,ok,11,13,0,6614
32c897f73d8e0551447e61c9a4aae6ac0718a7d1f06842bf91a0cc7078e09d84,24138,46,ok,22,166,2,17853
32f46be54943bf044b21050800f0923a1d1ccfd29afbb27b3275fde619fd02a5,2068,22,ok,1,7,0,2226
3307f4957aba9ea2c8b2bae81df6eb27c3b8fedef394bbdcf49d3549dac8c6b0,15672,27,ok,18,62,3,14429
335ab6c7d37f37af999c27ecb21b6a0fced02c013e6e9c499f199803afa501c0,18786,32,ok,21,75,0,25945
3362855a624ca392b495153efc1fa33925b42f1962d469f6aa138987fc03c91d,11240,42,ok,5,35,2,8051
336d906c24c49f6dd6e7569c9e8498df370107db7c98b72506939c64c524995c,4210,25,ok,10,31,1,7639
33811c29b7bec48f48776f680ae5d74d79fc37ab6c8012eef016aee4cc16d181,8526,25,ok,17,41,0,7344
3386f2353b1efeb94935522534a440f03e9babd11510d2b12d3f15bb56f5b62a,38743,55,ok,16,152,6,28425
3396bd6ce8b9436c06cf184e7f17a888f815f1af08047ffc40de7c085a9e5570,49950,123,ok,14,15,0,5069
33a874e3eac8907abe3079ccbad8859d435cb44bf691afa24ff4657e484a7c2e,5755,22,ok,8,3,0,2536
33b21675e80df0ca70dd9f60370349c687820e8a9d72afe9648a38d12fa902fa,15746,38,ok,20,60,3,34113
33e28da428cceaed68e7723f79c10ff74d6e5e9d20d2a8e3c5834b751339f25a,15364,28,ok,16,12,1,11351
33ee3e09a2d28559f89955a428e4e2ea292df8d1b9047461958e1e9edf54a5a0,34787,73,ok,14,97,0,25437
33f86cfb0918010ed29fa954b7ea0d0d4d5a96e5caa4e9d055292b5cc0dbce4e,11174,25,ok,7,7,0,7689
3404d3ab4706cbcbce6303edaa7013687572491043bd7f9df40005261f9ba3c1,41378,86,ok,43,53,0,41553
3406081bd6c7ebc9f7371a1edf3ba5fc4115b04c8f36b91ff4d14bfdc6069d45,20408,36,ok,15,10,0,10445
34073142c3abc94582b8813154e58c25b42137233b5c0aa8bb767d8d1abdaffa,6335,29,ok,10,28,2,8415
340e7709a463c394b92a12c2a57f3783fa5e69e16ddc25d5cc96d4c7a72bec36,6401,24,ok,5,7,1,4840
3424dd67753e0ef1684fba2277e3fdf38fee8cca6a1ecfd1ee77a27b0917a304,44433,104,ok,44,206,7,83073
343daacc113ea8e20a769ec04a1c9e157cb520d7fc90286c4cb6a6f740c51433,13759,43,ok,6,5,1,4793
3469770ba4faf69f7237b1555f72b2aabb265d9f31278c3ffed56c6825e09aaf,27430,32,ok,6,31,1,6870
34735c4395c476e5cc0bc25a96705a2bc74483ae8f23fd67e1e077ab098e7190,14713,46,ok,6,19,1,6699
34824565038e1c044b03c718f906a90ef0ef114a30b334fb05638dae91853157,7510,27,ok,9,4,0,8104
3482e6e8b0b0c284c19b4fca8896d541db41f5eefe944741961ac4322c416bcc,6201,25,ok,4,14,0,4593
348678c2188dc4b01c4f4d9f8ad680737db9d1a07fc723fae7d7fb58a3c39380,19793,31,ok,17,17,0,9896
34a9e1ab926db3c942a4b1bbb7ded90d75115a2d7f3afc9ac8fa00c7db20b09b,16313,31,ok,9,66,1,9421
34c11402288825766587067558681ffe41ec216101e980415b2f258f1a26be46,12704,23,ok,2,2,0,2658
34e19cdaad68669489e8f3e9c5e7b469f8448d3dddd2a7d130c30c926eee30af,8311,27,ok,6,24,0,6893
34f2c5a7bc01edc0d7038d6b063b4014c5bc9f9663b543ef09120b1df475c3ae,19903,34,ok,12,5,1,10198
3501ce63f60937015868c1be897b9185f1aa6f31161685e522a9054516b18c9b,60812,66,ok,55,83,0,43570
3522b04da9725f0b602b449cd3d700174bd721515e688128feef7853ce452045,5106,24,ok,8,1,0,3102
3535a4047f1e98ddb2ce8156ae21b4d3cb8c47adc3901d52aad7935a4e261bfd,34701,57,ok,35,40,1,24500
353915ad440965ea5f8d92fdb8d93cb2e309fb365e68e6762bca7fd6762b30c7,22898,34,ok,13,2,0,6906
353f6c53acb55091f9fa3cf3c68ac04970334ee5cb930415ec1be446dac5c250,15413,81,ok,17,72,0,18398
354d8735ca76ce9a0ca6895646b7c7a0dfc0e93929897a749212b8852ca403aa,14955,23,ok,3,7,0,4519
35b1a4a7b52c32301d3738cd25d71f831a8359fe8839c84712dcc4bc6682f64a,3090,34,ok,3,1,0,24749
35b413d52a33ffe2e27622dc469aaf03441cec55f76886c6cfe951df9739a3fd,12230,29,ok,10,29,1,14817
35fbb22d04c3e3c41175d341666a0f30ffca3f1764de655f1a38e3a34bc0c1d0,6029,22,ok,7,6,0,2559
362fe58a853847e9ead1c23242c68b4ddafd8de071b67eaf3323533ab61bc99a,517,22,ok,0,0,0,443
36569aa188be6573d60a3c3e2ebf61d4dfb9790b08d8607af4c09108b73007bd,6004,25,ok,13,14,0,8536
3663097cf90bd655a1fbfb444c33b2aa643489bee61c1918df60c80c2ef365b7,2579,22,ok,4,0,0,2157
366d3ae53b335a0e29caee0d85d1c5ca5fc62a2110ad73315f0d9aefcc906c34,18241,33,ok,9,24,1,9852
369878fea8bc1d94043fde1675711acd0be8f02273c795815c9aea80e2d4f6e3,6976,25,ok,13,23,0,8268
36a04bb8f3c84acf130e1213f4ae96775e9cde9946d07a3d6f2e9a0cb975cc21,512,20,ok,1,1,0,228
36a4f21b580c798906b6d547ee9dabdf4ad69140493dd067139475a91cb46779,4521,24,ok,8,7,0,4390
36bc4cc0f60a276ac38bae11e46a530f5cec5dd8be0aeae7207ac4893d546e81,11552,32,ok,9,74,0,13670
36cf00667cbe75fce98c6f99632c423072ccc2336d67558a7811262754fadac5,591,22,ok,1,0,0,251
36e7c9f71a3627ae0faf5776c00182328d9c5baabecad4c4efdbd15f742b870f,9638,25,ok,13,12,2,9643
36f6ae12877159f21d3b2a0447c479c1c5bd7a934d59831b81ca712a55589d91,19419,42,ok,13,50,2,23340
36fd0482f60c3b5e6b90e67cb64ffaf5aeb851007e2dbf05569a76e3c6a1abb2,19482,31,ok,20,20,0,16587
371aeecdd47020a123199e9922b25d79a42adb6b28cb32b3605634527e10af88,14238,24,ok,6,8,0,3734
37371dce4692c6ec98e13fa5392b796ea826372b79523099ac538bda1d4a5194,12798,31,ok,23,86,1,22610
3749befcd2439f0688b202f345907ac6d7abf34d942d4fa9aed91f03e42e6425,4526,26,ok,3,14,1,6814
375995a596dd102c00f0a6a80b95ab4d8af2afff99b1c00816b052d8be4366bf,575,21,ok,1,0,0,230
375bd32e521512407d015ef9a846b7c7a37d5054fa00dd5647f76876cb7c3b4d,15383,26,ok,3,12,0,4255
37619824f970d1ff5ad6d2d2472a9af9e2eb3db14778469c2b231c4d9e37be54,577,22,ok,1,0,0,401
3763bc38a73fe43f7b7a75b912451ea359581d77dd401b236e7e17bdf3908c5b,4624,23,ok,7,7,0,3882
376ce809bc0d78e197787b29c049286cef0caadb2f08d1755c750bfa0f5957d0,6514,24,ok,5,28,0,4652
3782aa96c3c47651a96716bffcd50780836f3790d88870a2f86381c4150c601b,17914,35,ok,13,36,1,11356
37884c0949fe2ece54ef2f2f41bf3d062f68b0b05f18edf6a0f1232c895a5ebe,24880,104,ok,27,12,0,18291
37b29dbc6407328183c23fa6f795bcbb72e63dd88847b5e0217f1e7a194104f9,42709,40,ok,41,62,7,42214
37ce4e0c958db6051e361563a8d453b830e0699947b19d1c3d2f5173576d92f4,5299,23,ok,3,4,0,2899
37d98330950fff998fd89c9e40a594370f1030ae30b5112d8928547186a4f51d,60964,257,ok,39,115,3,62901
37de1fb241d1e99015fcd3c8c2a8b1bd9d560ab23aa2a5ed409152b9bd0bb064,11557,10,error,0,0,0,0
37e982560066d77568f636e192cfef93135b7eaeada42863c229835936913eed,16817,32,ok,16,60,0,23946
3809a3d319b3a82b998de3cda2af0e8942bab4a2d088f80df2f105822faa5796,15640,29,ok,7,56,1,9303
381d58842f4e495b80870f99ada3732ac08556a6e2f6f04ae79fed70b6a938dd,2704,22,ok,4,0,0,2278
3828e27c28e2ae17b4b970e19167bca3edc668379ff3f274841e9501f4bbe23d,403,20,ok,1,2,0,999
383a35de086c17de7fad562bfcec269f6c640c1b9ccdda29eaf3aff5acf1016c,6899,23,ok,10,13,1,6258
384c9419b900f5294a71e1025b5da2a867a5313c24798130dae18ac94b8868a0,7299,22,ok,5,5,0,2178
386cf10839b3b1e6ba5988791de65877cd948833b2fd9f6ab07d3bac9276bf3b,41136,58,ok,19,466,2,49795
3880e526010ebff3a78d9508a8f918a19833c5cf4534d5444b4861a8dbed6e7a,11062,27,ok,15,54,0,14077
388bf0ca1a93dd871e64b37d9f9d08764e41575df7931884bc3a292519cb7514,1467,20,ok,1,0,0,189
388f8355611364b1fcd1219256c8360cc7e5ac44df86a6de107c702cf223671e,9034,24,ok,4,25,2,6698
38941538b964af2110a6fd2fae4c1c3de2ff6585ef0da5d1a59de2ce29edec6a,21323,29,ok,18,3,0,9222
3897ac969edb4e13a8d00d7b2a57f529e744a859a45daace4f84e1d5ff0897b0,9580,26,ok,4,10,2,10583
38b3b960415fc94d1aa96e29bed2ff8c0bc4267e4c75114074225a0c09cbf347,9884,28,ok,13,10,0,6330
38b9a94d83620273d588541b76fcf6569b40f5fcfbefbd4645335d895616b1a2,5369,23,ok,12,4,0,4319
38fac0e030b13ec2c5f9378e5a37162f39ad95d175644be07b8b31c564528583,29925,99,ok,37,34,1,18689
391d449e041b02d98168c9cddcbfec4213a1b81a4dccc2fcb344c84f1a693325,30261,142,ok,3,197,7,32991
392e4bb2e09e067766f5de1532f4c79cc772c6b9f68a39b85f535caea9709731,4101,22,ok,7,1,0,2784
39632a78aa793df69c4fda8c64df616c2cf7ef23eee1218e5120570a5dce711c,19563,28,ok,22,3,0,13413
3967b1e7a284bce179272f5f8826d02d73fa1cd0791c8e0764a48bafaaf62f17,31789,38,ok,50,17,3,26877
397a7769a0a70780c3f66b49f58ba0f7e270ebeccf57f9fa3d04ff18fb483e19,90809,722,ok,39,3075,10,607972
399397fe1a0571b2e02ef02381e2933d9e5cd28a9fe3633a26665a19a2c43df7,20720,26,ok,9,15,0,4565
39ade914159ace3fbeafb0c4cf60497bd0dbb83932832bb21102f6e41a0ed70c,28313,181,ok,8,47,1,14117
39be8e7d49cd82d0fa79a07a05fd268c97631d0360382bb8fe6732d75513dad1,5313,24,ok,10,23,0,6080
39d3311d358c9074ea834788ed95f3099425d460b1d834769e3a35be41a1e4ac,9078,25,ok,11,33,4,8878
39e7ab207592e1cb4bf6ce918cc74ac6b49e84ceb7cb97129eb33da0d119dec3,10599,31,ok,16,14,1,14037
39f1e78e3ba94e98344cb1bb23afa3176657156511d1c8e2d06c26310439e0aa,20143,43,ok,25,70,3,28115
3a0989825793f80ac7d8a0a348a6745d045f813c9347160ee33e340bf7bd41da,15127,32,ok,5,1,0,3681
3a1e0f87a4a0080a45c05216ed479b2a415e286b5da00ce48bb4aa2e9040aa3c,18267,30,ok,9,3,0,7512
3a32d41eed54b2292852f27a014c3a62fca7ff62923d24ab44e6ac4eb37af8f8,44239,54,ok,17,151,3,29505
3a4803ccac05b32f7f65c48816598d3b0f2e65baa55298ef11595127a236e4c8,9372,24,ok,7,0,0,2745
3a66ffb55bd844d198eafc38f805c8456b5599a998ffc64fbeae8ca13d9ba87c,11329,52,ok,4,24,2,8001
3a6d3db17f5dd76d4c900bda3556d43cd6503e55469e0e93619327e053f2fff8,13988,23,ok,4,14,0,5758
3a782ed856992f9487c40600fdda61791526769e128f998ca0621a29a4de3b90,7250,27,ok,5,2,0,1533
3a87663b3f6e9413a0b37bf9bcf34eec006b87fb452e244950e47866d2d308e6,19350,34,ok,25,82,0,32912
3a8a3209697d26671448ad2de7f069493dcff0abe8bda0abbf2a2fe4735b06d7,41414,26,ok,12,18,1,8448
3a958cd4f685d08bfe6b69bc300615cca905e563f5847265abb2d4df2e6ba32b,14473,25,ok,5,29,0,11620
3a9f7629675e3d2841dee17f82f2009e14d17b0051eaecf47355401561452518,7877,26,ok,8,23,0,9724
3aafe22e2b3f5d2f6675706ee52d2907ad09d0943f16fcc0bbc1173ce297bc66,8104,25,ok,8,0,1,6834
3ab60a613d8d982748c9a3aa8cbfebd5b231938b648eba94b8573dbb38020b2d,18248,24,ok,6,3,1,12608
3abdbdf37aa7a93b0c9af6f3467fa99e4666ffeff8fbe4b000c907af1b9a2445,13719,24,ok,4,13,0,5500
3ad19403a23fd8002ad3f82e6ba2c0ac595b4f640cb8793010b72c85943b7573,1756,21,ok,2,3,0,2442
3ad6318ac21a8beae32cb7bd640c305963998707ba90692630492d0c4e785482,13446,26,ok,8,3,0,7081
3ae17966258e558bc0a990e52f5d364a066a70f8dd1f13a208eb78c864c4ff9e,48331,108,ok,55,245,2,50781
3aea65ff1e6f584e8987b61c641e090a33ec45512013c78bf6324c356332aa98,293,19,ok,1,0,0,170
3b0f6a9fd464ca2ea0493f3272faa47125c66f6a0574304735411871d40e9199,40422,50,ok,17,62,2,21954
3b3278c341d496f0ee328a97553d2c2c897a3a1970cbf4a18a4c296042d6be6e,4537,23,ok,10,3,0,4012
3b3659f72396f0925f39c33cd6664bf2e3ba8318b18375296de1e42e39616a50,778,19,ok,1,0,0,499
3b3f561aa6d1155ed6e2f81d432190a0cf2c3e17e70caa27bd4a390123346213,2238,21,ok,5,16,1,3355
3b54570f00f8d61d3fe6d61f36d44b3634ddb607124c27d5d0bd8250db32976a,12180,30,ok,7,6,0,4130
3b6682171f3f9cd45053245d30a293fd37f6ddfff816c18812a48089369e1f4e,19999,31,ok,10,36,2,8806
3b79f2dc6c3867ce44c272f1c12206d5a832747d54ab3bb58fbf7cc870cc910f,13838,28,ok,20,50,2,16455
3b840333a93f0f27a7418d26d083566a4db99594435c93600bffb8f7ca4dd6dc,29988,39,ok,14,79,1,22995
3b9c3ad0e90b850da4080c5c7445b2cd973abb70dcb825524df00148492157bc,26358,25,ok,7,18,1,17055
3bb3934cf08b663d977bf6f3d1acc05ab9a952e709b7802e8e86790730e0f476,1123,20,ok,2,0,0,1133
3bb76e3c5849a8d09bb080583d25a4882667bf0a83bee391e0ce969ab6d852e9,28505,37,ok,38,15,2,26121
3bc4be82c8e8a738e947ecf416af63dfd4a9b462b9cfa5a9324a0b30aeb49276,20503,30,ok,6,3,0,3608
3bc7997d8f216e3bfa9311893763b488302de7010970bda70847570753fdf0d1,7631,23,ok,9,9,0,8284
3bcf316f76a9c5db718ccd6e2292cad70d8e8ce4371dfa0a2a7fdd86b8749ffd,48970,144,ok,69,151,2,40035
3bd05dfa2bf65299d359e86a4672a45900e8c5768d9f056ad8da5ccd779bcd12,92025,147,ok,60,194,0,67561
3bd4a6da60043c5fe2d077bf31055ef7b83fe0dfccf0e270460ad2704b118507,814,20,ok,1,0,0,857
3bd714d035fdc8468194f68aef1a5c021c8d59e20012950337a4f35407e604ba,9873,38,ok,5,7,0,3934
3be6cba845bd81462f0ba63824c32bd3e4e40d24d59a481065777ad720ac0a14,8104,21,ok,3,4,0,1499
3bfe17146d697d2e357ade365313e79c94a43f7d697464fe62665dea7d89d8a2,14128,25,ok,4,13,0,5903
3c2e6adf068becdaa7c55e195124ed2ea50b2e6533cdcf30d3ba103b87965ec3,52923,98,ok,16,50,1,17968
3c3b4e75a94e9a9cac638b505e2661dca341eddd8484002b309731d16352281f,10565,25,ok,11,0,0,6318
3c531bc7dc6db9f421104a002d0314771c29f67f178e34407617318fd1cdde77,45184,41,ok,19,37,1,58897
3c5dae1828b213c8615ea93b3430a01be31b8bddb8298663ca4b2a2642b1800c,2393,22,ok,2,4,0,2050
3c8a9b8c5cdee3676dc46953cdf50a9a89b53254d7f669285895f370684b310a,38819,45,ok,28,27,0,16108
3c8d0b8b347752e57abe0b50380401ca8f5793bc971b685fd072571bbf5d54cc,1468,21,ok,1,0,0,1067
3c92ab9087a63bd3ef4035a94be63d9e746df6e4f001ba63f56ccd332c768498,8971,24,ok,7,6,0,10079
3cada5183d06291aa8da0628aec9c945a14b55bc909c1a2675c5d0820a3f9f9d,3051,22,ok,3,1,1,4636
3cda0d78dfcd8f3b7aab36a8002e887146e17ae982e9553a3f55b4ce61ec17ae,22586,39,ok,13,49,0,23143
3d19336d8b3c5e20a8208a95445736dda55bf4aa780bd0fcd71c66f06b8bdf48,2318,22,ok,1,18,0,1803
3d28b81b83345ed4478e88f335df469aa92d427affe0876a6b08f40ad257ee97,4737,23,ok,3,2,0,2148
3d3c0447351c24e4fadaece14088c724d742e8172a587022d9cd65af9ce9089e,19594,31,ok,9,18,0,8904
3d508cc14bba21e357c5464615d1bed3ca555112e119817d5a4e219f25ed2ef1,73028,420,ok,12,110,5,33647
3d5315c4f0d3df139b10353a6904f951d877e5be9cd3594d06e96ee569ae6cf1,11456,22,ok,1,0,0,7428
3d5bdfc11bc3a2602d18c9863471e7c9260534de95b9f5f488dc1dcdbdd6cdb7,32613,57,ok,33,8,0,15822
3d69970c585285e627babdc2ab69e087e4542bd9ecc07a277b28bcea56912571,14835,32,ok,12,6,0,4550
3d69ca1fd7f2c14acbf60e0005f4327caa9944ebb8d8ad5a7c0269d87482d14b,26219,220,ok,19,231,0,32915
3d7fc44024a51577aafd021e376d529e8bb559e8d71e52d94e18738a57a5c53f,10514,26,ok,2,7,2,4837
3d948995c9aed913ecd8d14752a2e46f68b5c9b24e17bbaf702527363f3aa6b6,8745,26,ok,8,13,0,9532
3e216c3e0b8338c2528b76973def0d629de55591304d5a77404fb19335fe6bb7,9911,48,ok,3,0,0,3031
3e464b6dda26a8d5b0bf13d2cb7781a6142bf2c2e4b64edcba093911fa16df5c,4477,24,ok,12,25,2,7662
3e467f7591b214c28db6407ae0f38d67fb64a15d0588e25f59f603a54bb30267,6376,26,ok,7,5,0,7624
3e4e179ebb6bcfb8b32b19c1ac82ec732069a28ef672283a46b2246149c7c8ee,2119,22,ok,2,1,0,751
3e5dfde1926cb96428498b72596c2ebbe01e60709ff9fb7556bf17e99743a647,2280,23,ok,2,2,0,2186
3e7a2f545e6447ddf0f6b3b338e0dce313a3f07cfb74e053d8ddebf751165176,12094,26,ok,13,9,2,10380
3e8f372ac26c0ab674c6da7b01bd237d4c6c89f34a3d353b0edbc72644f12364,40451,63,ok,42,24,0,32856
3eac8ae28c81ebc70fb7b8feb4eb862aaed0463767b8824d2ff64a699df90928,30527,31,ok,3,11,0,5382
3eb9643f927f5992d68acdf0253d96e0ab56014e5a8200f97e68d271bd7193a2,21596,30,ok,20,2,0,11428
3edff485bf3f4f7cf1cdc2640bf594b9037dfa984a6b398283369af90d3bec91,7478,25,ok,13,0,0,10040
3f18920da0c1147589d244a045fe48802fccc8a5fa3eda41f03cfc5715fc91c2,22539,62,ok,7,131,4,15588
3f2a02eea6c458c034fa5d2a9c57ce02ea8ade606cac8a8080afa443f6c4319d,1756,22,ok,2,3,0,2442
3f2d08f3faf2de0289bb6f12a029bab3766a66fc9531c2b5ce9febf483434240,30694,930,ok,25,32,3,16892
3f2ec1439fa3b3b64e7bc615fd6a712e12865419a6a29edfcf669976b37b0419,17639,35,ok,6,34,1,10233
3f427b964f842b2a0b024fc00ed668b28e985f291ee4815fbbc4e52d500ba0d7,4132,25,ok,7,17,1,3525
3f42cfc31109f0a7db35129c19933cc858e317d359adbd2bb6d9b8ebd563e21e,6164,28,ok,13,29,0,6910
3f7792e289df95d3199ed9db35a0cf2a5154aa64cd7298a8c441b7170230635b,20446,34,ok,23,102,0,28185
3f7882ccee842e8010f1ca102f6fae8d49baa3458deec4e534e93196b2c0c26b,47868,69,ok,32,166,4,47248
3f8603433994e0076a8f241e4b8b69aecb977d3907046a6f7bdbe72e9e6c48c1,46501,128,ok,36,88,1,20058
3f88b09753a43291da62799db81a051fda10ce97e7a091ad8ace4da17c62c284,7122,25,ok,16,14,1,7786
3f9150b678116d364fbc2bcb51ef7ddd0761d571de1f6bd7ba6e64871e827de6,1125,20,ok,3,3,0,324
3fa7e52a889fc2e4f27929811dccf8d16ce10169a61cb8ac52053a69204a4db4,10573,26,ok,2,7,2,4837
3fa9143a2994aec5a6ab7fae31abbee379e1246a88ca150e6a89cb5c5fdf5760,8545,26,ok,14,53,2,14716
3ff02d2ccad569cce82f6fb74adf46303d8159cd22c27c18be492e587d364f57,23336,32,ok,10,47,1,13275
401ec68c5aa2f56691b12407eedbf2ce6c24ce43bd9503a45cce6071ba2e63d0,5144,22,ok,4,2,0,2402
403f145eb3addee2e25b331597b8c301d53eb0d32bae12e731ceb895c4501a1f,9411,32,ok,22,101,1,15137
403ffb9261e4bc67bbd737faf419239f2cad243167f153b727c1446a96a666a4,47444,57,ok,34,36,1,23028
4041cbdd8d7d1b700e6b24afb0b40a59aef67f36459782dbd32da381e02a63a3,31570,63,ok,12,12,0,7904
4045e01865653cb2eb2e5cc39dc533a655efa8e365f11054faaef8c228524364,19422,42,ok,21,18,1,33223
407e01ee25a9ef57784eea8436d323e8388b4f4f335ae601bba269cdb69f2b73,584,22,ok,1,0,0,425
408a30db145877680f9ca40214c1baf5ec905b7c9675fcab09dffe48c22df141,7381,27,ok,8,9,0,7951
4098a4b7331bc965731333eb838649add4cf2fa786cf7d3c693dc4ad88111029,24322,57,ok,34,121,4,69692
409b58ced2f03b9b7b5fff562b2b8e2a8bf35575235f0c3a33629724fa473512,12834,26,ok,11,15,0,6626
40d2dcfc78c9783bb169efc3b738469503fe4001eb8a8c44ef35246da41d0ac7,6924,23,ok,1,2,0,1876
40fe1a212059b5166464e3923a74476a1a7846a9b36ee5a614d7ec080085d248,48202,113,ok,55,228,2,48642
410b28b225f84b2918059c47094d64b1ec2cab307f5e3ed8619beef2d0511114,12699,26,ok,8,10,0,10133
410eaffd7826d97b47291cfe7f883268b0463c1c85e767c389734155061c1105,425,21,ok,1,0,0,181
414c07c64ee4a814a81387e4e5269632a06b9b15ea91221d6160fe51503ba9ff,10097,28,ok,6,21,1,7340
414e06172b1a83ad55c8b7977e511eb26c4dd51b476d9c2c671f24e286aeb6d8,4305,24,ok,8,6,1,2989
41641b953a889c7025f706508cf1ffb1e4759057eca3db933e681986bd14f157,1635,22,ok,2,2,0,2638
41663fe154af5bc18e8482c3569b4d983e4d7f11d0a4727da9fe3f72cf44c8ba,6973,24,ok,10,0,0,5117
416f44dabbc1ac367ccbf6246e25564dc419bb3467cddfc3d2b559298d3c7559,7656,23,ok,5,5,3,4681
41b0f2614b2be48f5ed741f3c64c09d0ad64277e427f4dbace477245c1655ee2,5286,25,ok,13,19,2,10729
41bc83102ce89d3fede0bbc2c3895476e9a0a544a48b1d3f2abf0a0107352638,5537,22,ok,4,0,0,1806
41df04894bf2d8291492326f7a6ab9c90a90cc9828e31990ce8aeeab42680bfd,16039,32,ok,12,13,2,8330
41fa1098f20a6d425cb4e67f533d9b27d17fbe0af49dc4b3223de6b456bad301,20465,31,ok,14,7,1,8721
420cc4c83df4a1fdc0e092836deb1b561d7962cbee011582ac062bbe55e06ddf,7190,23,ok,9,7,1,6512
420de438a80290122056a8919ba878d02488c79e43ce9f17b5e7234a533a6a8c,17509,54,ok,23,17,2,36880
4229e91e6b5ac600702aef3bf09d8fa46ea1bd6d89e717b260a3f2bc41c374c2,31433,96,ok,20,37,0,45152
42478c7d30d929252171b277cd8dd9d2e91c3593546acae070eb615546d506ea,122175,3673,ok,98,220,1,127653
42549904d3f537404746b43460a560820f80acfdabb433e33cc63bdf8238ed4b,40574,30,ok,27,45,0,13748
425656ba92de98d2ead36a287c740b00dadb9cf191427fe88576067528d0f520,14499,32,ok,12,33,0,16189
42974348ea66a5993a0b6b02a7e9956d3c71ba21655fd9267dde589d108f5962,5463,24,ok,5,7,0,2374
42a37f1ec10e26d3f79e843dec86238367108a9e37c929aea5b909d2fb011097,8733,24,ok,11,0,0,4688
42d0ebea432bdaab8a01b5f728ad557f9f56bb3adf56b8d539facf4e2ecb6264,41256,53,ok,28,33,0,17733
42d11b57e6b2ade5a87627e06a370369b44b432af58cc430d0b71c2de4ba706f,28804,61,ok,41,353,6,58686
42d23e2f193c92163199524478da59f155a8ee9f722ff9517de2bd3a0a06b7e1,8343,28,ok,8,0,1,6834
42d722e07d9e3af69922854bdccd62a1221d64df18b984b972f69aae30355738,6768,27,ok,14,8,0,9802
42e07c346e42d0ca5f5d500343540dafbeafa6951754ee77c087b3bad03b22e7,18650,299,ok,4,16,2,4998
42f0d066da7849662cca67b80d3e4cd7562732b5fbc54f0ca60620a9a05450d8,1233,22,ok,2,0,0,730
42f39e2243c8cd5248cf3b35d91700dca1c88e490f2e821db74b0d37ebadd2f8,9418,36,ok,23,132,1,30519
42f478254a07cad3e2f1f2bace3934456d2bfd86e573d9c5f75579e85fa94f66,2250,23,ok,5,10,0,2999
42f8112094c963ba4450d948a90038fc88a13840b29b8909674d39db597ddd8a,22517,40,ok,10,25,2,11112
4312612c5cc1dc46623efc553910096c2c2af9cd83b324cbd6068071ea28fcaf,17267,29,ok,11,0,0,4355
431d7ce8e82945f0679faf9aaa59fd11412e722132429117e129d455e6075ca6,9765,32,ok,6,108,1,10448
4335ab23b7de3ed12098e7d0af0ad8b21172d53bd100889a52fc2df803531fc9,7903,28,ok,1,21,5,6700
433ab3c147acb637a798b0e2fc1b5e8df6bce4bebf41c9bb525686c1010aa1a7,19295,28,ok,12,6,0,9423
435836ec67d6ae80557ff606ee80f6178fbd30a3cc6fc79956b46c486d56ad6a,4976,24,ok,4,2,0,1570
435fd892707dbc8470e9dd0b0f71ac0688c413a4c10cf2a0d0d70d587804388b,55564,256,ok,67,306,3,90287
4386cdf222d1b98faedb5be6e8a6d65a471a27391b7611e532de09d782e56c07,16517,33,ok,14,17,1,10707
438a5528cff17ede6fe515f095c43c5f15727af17d006971485e52462e7e7b89,10448,27,ok,9,19,3,9363
43b83ae4e5ae689f004278f936a8616a2add5e09bb1024e8830c7f266f464963,56905,88,ok,58,271,6,80965
43bdadf5027c8a675d53cc920f5cfb9d1570ef41d920cca332e7862fb61dfb15,15411,49,ok,10,18,2,5779
43c74d653dbc876ce95571b36b1e2d66939bba3cc7f27de7d793254569ecdca0,27852,37,ok,33,94,1,28421
43d2935437b3bf3c2fd6cfc5f8d179882e3451da4fb23990e8697c3cfb3cc18b,36719,44,ok,48,41,0,25082
43d8123c74240383636c61189d753c0cfd1980972d5b2126aa5738063bcb6c62,14211,27,ok,20,4,0,9501
43d961f27c617e100fe07f2a7bc8e7e6887950e6973e6c11105b093cab9380ff,5683,23,ok,4,2,0,1940
43eaef63b2e9e04f75e0883fd19f1f160774f520df637f68e5902ec780425a7d,52090,23,error,0,0,0,0
43f28ef9c36e5387396650beba57aa1f924acdb738f831565392e0952fa1204e,8548,27,ok,10,9,0,8399
43f80026ed37ba7a317808ac0fb5d848877810ba0deec69afe9cd5bdbc09d4bb,26884,173,ok,19,263,3,41035
43f848b9d5368c9ea23c06a559357b633487844a3df14fa519ee832e83dbf8aa,18678,28,ok,7,8,0,6893
441b327cf89c9f137a9736e03fdd1ac4cc9fc659934e75af645cde820d62d183,3109,21,ok,2,2,0,1239
441d93b820406eae418919d81c619de553bb45512e1659b05d5980293ead8f0e,3636,23,ok,4,16,1,2956
442a63ca1d86aac01296ba2db26222a09f6e9ac1b6df2a8ed62806b2d1653726,35973,27,ok,9,2,0,6841
443a6c94e6b90901b66b7059c5b1609fe2a658c1c60fa91f7198bce73e7e2e09,54763,59,ok,51,80,1,43016
444a7b05af7a6ff2aa04543a028f474459633249de7430063b1ad5b15f6a2608,28626,83,ok,41,203,7,33777
444e1de68df8e110fa1b0ae430bcabe9c5f9438b3ce08c32ebd9558926d79a90,22300,35,ok,18,1,0,9022
445fc62539a1046baa501784d3e8fedd81e30d0671196bdc24dbf85124e4de22,20215,51,ok,15,128,1,42592
446f601635f38d2f7550cff14e784c26b7abd4138170cfa9ae1692e972cda357,26476,40,ok,15,89,3,25098
44797e81951b6047c771a0716be2907b41680723084b113b9c17c42862bd2ba6,63122,114,ok,71,256,4,41053
448d2c5e1921a9d3fe349b6e40b93b3ebc9cbf38d427145419e0f787cb71cd4a,20677,38,ok,43,61,2,26105
44971b590434b69352774b5f425f750b62512e2ee638b68a1871c83ed23739dd,23388,277,ok,14,34,1,13900
44b79808ea1ed56ce371a9afcd056ecbfc7289915d9ad458ce66fad7360fce09,27694,40,ok,19,114,0,33017
44da5141a86eed1072a3c26008281e6aa9fe0e7145dc13a0b038868d2dda34d1,2833,24,ok,7,9,0,4022
450a59a3452072b688b113ff326f21ef90e2f6b52bd9c07e382e0fb5beb2677c,52160,76,ok,51,239,7,72756
4536723b074aa9290d5b79a69ff8dff0eb0804183dbb2b340850564b293c9928,32196,47,ok,12,21,0,10523
453d43574d387319d477c387d6452d6862305fa0ccbcc29b0ca5b68e2f6ff87a,10313,28,ok,13,16,1,10490
45644c8ee251d9188a2c8ec847c8835cf04b24e7be210574c07c681dc580ecd1,15005,27,ok,14,5,0,5847
4596af2390ca0688719db99b33e60bb2ef965635f4eb86ee4254e8263b9cfeca,12902,29,ok,7,16,1,8753
459b2dbe13afadda4b742d6c3d19bfc0e5fdecd0f12d5bb096685bacf805ef41,2179,23,ok,2,4,0,3583
45aa1454dbc1deebb3450add5d9eaf91c2f9130acf5e49d7e2ad1933c676e1e4,67414,1426,ok,26,7,0,16628
45b1cc1238cc3619511ce59e22bfd9fd16878370c44c6e80f34e66f90fd6e3c2,14275,27,ok,17,26,0,8454
45b1f45a68523a70bc39910fb5ba1a09b0d29c04fd56841b26fa6f2535af9a2b,51648,74,ok,35,66,0,28009
45b6f92e9044ebe2e3282744eda333ab729cf8e340e12ac878c269c18cd23ad6,4528,24,ok,6,12,0,7496
45d1d70275fd46fd3159559f17ddf8aca5ffa02841769fc9c67688926f58d23f,58706,176,ok,29,55,0,53528
461cdbd72bda4fd69dcdedb716c8af1fa79023587db3c73432f4f491f9e25b1d,3041,22,ok,6,0,0,1887
461f06c4c0aa2069ed7c4c9fab88379a3e8e4773e5246d03c52754b9298d9311,20313,57,ok,24,340,2,32806
462df79433302a05f0dc4c24838af1deff02ab55a52b50b16f53e2488cc89f10,4307,21,ok,2,3,0,1480
463cd0d3d9ed324e619283309658efc905b47b0a80729e170ebc69a357d0e638,21436,33,ok,27,40,1,15767
464c7cf3fb3cd426e700973c98ae63dee903e83d411491b691dad72c035dcd7d,6164,26,ok,13,29,0,6910
466e59f1477cd2cadb1e649d3bc09648f42f784ebc527f28566bc8d9c10ae785,25605,41,ok,27,118,1,33298
467abfb636b73bd11ad3f21a974d5564ec0c367f7c1d8b6a6f29603a1c916047,1252,21,ok,1,2,0,1025
46cdf5a1ad8658da782bd7229f815455dd15fad5df345334596d5178bf0c5ef4,20144,36,ok,15,25,1,13905
46d57af43dbdb228a6eea4f2fb5144e240927109dc993e91048e7cab34e3e189,20431,37,ok,27,46,0,15326
4713af123f167e0b5689f485d57693d791393931ef45bd1e75e763d3a57ee5ce,14064,27,ok,5,22,0,3915
471f5c02556a8999b1447d1384cb5b373cae1668003b98a37421268f3c06fe04,12959,26,ok,6,9,1,11234
478c5d722fe228617b0b9139148c970941880e00728d3c8f1d3d2d1b41b9ab37,15812,27,ok,12,7,0,3568
47d94f520bede00f21724a3fae31770142cef3567f8c0b1101abba1482363e89,6903,27,ok,17,9,0,7111
47e0fa7be2a90052c7fd8b9cb6b0a2e04007ba418962780b62f603aa41fbb477,20926,31,ok,17,92,2,20959
47fdce86e8fb24ac4cade3b7b20af6102a33dd880059ef133c5850bb503a162f,30377,35,ok,33,152,0,26057
48005632b669de43afe4d2634aa870c4ba45a80f5ad321643ae361ad97e9628b,18564,25,ok,10,18,0,5018
48203f559ddee678805f2c09ce04fd3fcfa3194494f97defbb569c09a78b7c01,5557,25,ok,4,4,1,2448
48443ea908bc5ee461e110c1d451d8dd26ade5c9490aef517030d809560e8653,4419,26,ok,5,9,1,7279
48491d478e8e44b35e36b03ce9981438c510cdfa74eadb7fe5b5c66dbfecbd18,12875,29,ok,17,11,2,7523
484fc4b38aceb4342e29e8393bcf2a539ab834b233fe8a8aca5979cfe32bc36a,8692,26,ok,10,49,1,11275
486199a623c505f4a9c4c040106c359a50d9b79c4ebdeedc9e00ab8b21cc5e30,7540,22,ok,10,17,0,6040
4868dd213817a72db033a9f042c8ab27e80a08add7915b60c220b1a4dc267b94,30211,144,ok,36,541,4,62460
486eace687feaf5c54dce048e0992744c75f85881b44839d408332ab3ee7142b,14112,32,ok,10,47,6,12940
48705b6cc769672cb7690fde75ab8b68a73525cba2c0ec4366d159dda2cdec16,30717,37,ok,30,22,1,21223
4886d255b242530058b1311a0d7614e1068800db9acc899b100528d35ef8e167,21834,32,ok,19,8,0,15372
48b8fbc8e3ede839f4fe0e0b99c23e0f066192cc65139c080e05e67040644178,1026,23,ok,1,2,0,719
48d81492a15e4a77f4ba270dcee530910ff0470c14bfa446cee2ee42ae43d8cb,702,24,ok,1,1,1,1275
48da9953f231476277de087172d11e0f304cbd47cd8b56f15b0c9eeedb6262c8,8074,25,ok,12,7,0,3815
4911fe4a4fc0b25ec939288c918deed35d2a1f994438dfa56038c48ac9d4cf00,8263,26,ok,4,23,2,5942
494fe72239eb9c065cbe8d98368a0641d6ce7df78b230d6426a8fa1cb667f04b,10688,27,ok,20,32,1,8951
49564d388d735dc1327d06763e6a131b2d6ba3cdc66e056dc4ca3b7c375efe12,4500,27,ok,3,14,1,7543
495aedd61bd946908dc481745fc91e58e6ee96796c82196da07ba58be0fd90a2,72554,135,ok,69,280,1,108403
496f95da17d92d286e9e1a261c07fcb4f0a17dfb219d292f921e6983446eaca5,52305,143,ok,45,240,8,87249
497adb62a98134658ab04edb8a7a4dd9b008432bfa5c0a38f8ec95cc07f5fe83,29488,32,ok,9,1,1,7423
499abc11487ab8b6138fc77cc22eb69c666c763afc2d408a94d568b1465ed0e4,4510,25,ok,7,0,0,1541
49e1153e35206d1b1ec54ef3f68818716a8fa80cb470596396ba50803e601681,37025,48,ok,30,92,2,46351
49efb3f7378715b03db3bd5c74a7f0ff7d741dab6f5894a4105f346c821b5464,11270,24,ok,0,0,0,7525
49fad116e89f3c11b96d36adbfd3d9d31c7d6ebda1982072bec868f8ef5d0abe,12647,32,ok,8,72,0,8115
4a0edd47b108b6605594fa8b6557b560e0ab56d2f8cc5ae4206fe5221281c09c,12419,25,ok,10,7,0,6548
4a3572f0356a0a498972feebb05ddf58afead367ad4b82468d220f7aa9d5b2a6,13367,23,ok,4,6,0,3565
4a4441814cc6beb69692b0d11fe7bf83761146d0ab98a6f06750c2f4c37a12cd,29909,146,ok,19,39,1,12697
4a60c9a0db6f7d374fc04fa565d7739eccad2e12afca657b94adbf718605104b,22477,42,ok,52,128,2,40781
4a68ea777817e31433a248d413e64bad581c1e547fe5efe5e42d96ed21cb2b69,7121,24,ok,4,4,0,2312
4a77259bbe07ebf9e018cd5a38820b3b4258a145aae858adac96fa876a7c4b04,6217,27,ok,8,67,0,7201
4aa7d889845894e482539cf834a8dcc0c84534762b0f66eb99a15358f67f0912,12524,26,ok,11,0,0,11140
4ac0c23958ed4fef91e4dcdb82028afb94b68a153816d40aa62ecb9e2730975a,19248,32,ok,21,18,0,16912
4ac5326e079a63cc287c88e844aaffd7ba1847a34047d68ea5fc3757307842b0,27387,57,ok,8,32,1,10853
4afc62dae512229e7050c29fc3f62d65e2a2dfa0a378a60e1e62ef3a0e2cd39b,7135,38,ok,11,330,1,25394
4b023f8de341bb5a89a3cfd92e32779b79616984ab9659d334a08451534de73c,21326,37,ok,15,16,1,12512
4b0c394218a20a76b9bfb0671bf7a8b745b5d5573640c6ceeb91e85dd385d1c2,15402,30,ok,11,35,1,21741
4b0d1e4d709caa240ff7329892e9e02e6ab32bb39d2ad29ef19710f292133c95,22025,45,ok,21,4,1,11997
4b0ec481f895d45af3ea43aaa2bb431a7a1bdc4c9fcc376e089ae0d69a6cb881,16739,60,ok,21,143,3,21577
4b2fd12da278856a551eefc1e23dfeed80e2175b4991db22b138e7acfed533d2,59663,170,ok,34,93,6,52025
4b3d9f6b09f7127b0ce81b0ce9d8428f3f960e4e3ce13c11c1cbb446cccc9e73,91853,159,ok,60,194,0,67561
4b3eca23fd7b68d4f4fe33a9fbb9334d3faed19f869822c54df12fb7adeb47b1,280,22,ok,1,0,0,165
4b73e69e1f16e9c5a263e781303e678ce60b5cbd520f96b7c2ffa27ffb16da96,11179,28,ok,18,20,1,10201
4b9316721487281d8201e1c6044544400f120253487971e339eb23a465516935,460,22,ok,1,0,0,546
4bc97bdc1aa814985d12c6221731bd9c0c7a2353b6522f1119e60e4d452a076f,13579,59,ok,5,15,0,6104
4be4128083fb36a873d3e6077d5f8aaa69ee13bec5a3516d911a45cc1ca82bbb,3456,23,ok,5,4,0,1941
4be7713d31bbc8fdfe201bf41f5e12616aefcb548ad484d5f2bb193678192848,9990,25,ok,10,18,4,8758
4beb4b6f90eb65291db698ca148903cf1946b20b7ffb381f5b1e25fe779af700,16273,34,ok,27,64,1,23667
4c0ad10d38ac7ee0c0c842dc4bd897d467f61420f79731639950735b04aaa524,1286,21,ok,1,0,0,1404
4c3391edc0e03a736383441e624964f3bf9c5927b2e3e6f183c2ed459fb4ca1d,26101,31,ok,25,18,0,13961
4c3db3ebd2d6a2ab23de1f622eaabb39501539b4611b68622ec4e47f76c4ba07,34253,49,ok,20,70,5,22626
4c404e31f0e06ac72725f5cd5284c3d71bec81af8b047b6a6d4eb1a892adcefa,7372,25,ok,13,17,1,10447
4c482f2d41663439cdfee66be122829eb47ed1b492588abc9272a97c93410a45,742,21,ok,1,1,0,546
4c847984ae3ea152aefb47f8293bc83d53f2f0d8c28c3ec4c15fd4238f60a6c5,1915,22,ok,3,0,0,717
4caa98eaf6d9f37b21c361e256f10a0af130bc979d08d080bdd9ee3b5a3099c2,8035,25,ok,8,22,0,9066
4cb15e3f1cd37821f2f0ffd7b880bf1d8238344b3d58045e892864fa29a4133a,2964,23,ok,5,0,0,1729
4cc2be7b1d53b88d677fd4c89650b818057d5b21f54584946a88d81a1ed5702b,1781,21,ok,2,7,0,2601
4cc70fcdf4d884becaea2855f0e09ad8afd976afa630ff838de040da5e8935e4,28773,314,ok,19,51,3,22578
4cd470fc841156a321c109d0b2c06796291dcb471046e910e7a8864432d32d11,1190,21,ok,1,0,0,857
4cd7051bd2f4954b5e5192d88d67945849790689c8482805de462a8a89bb6d68,11323,28,ok,17,18,0,7432
4ce78afeab7e6af5fefb3a2ab1289b2a1852847e532c8e7169ff682f94b88b81,3090,48,ok,3,1,0,24706
4d1302d9e6b29e8fa57c42b80a302c8638281257399287d08a482ab0b0f53feb,15154,36,ok,17,49,1,14095
4d160c6fa1ac834b3747cb93c1795938be7e7310c56ceb447ac255952c0f7bba,6793,28,ok,11,37,2,11157
4d195be2a39349df1679d06665c3d32f87837efb9d8396f6ccbb08463e180020,2654,28,ok,9,2,0,4436
4d24790f3ea2a02e521b84d583dab00bfa246cdfd06ee858f1f656a831cccc83,129499,120000,timeout,0,0,0,0
4d25e5c50656f6b8be1abf6e2937047c913cb32603eb373d547acbbfd7983a48,36040,42,ok,20,14,0,6222
4d2fe0da6d50c0f6fd85bebacbd44a1dcca43aad1721cb7826cf5407581d21d7,56474,118,ok,29,38,1,52006
4d3e47757eeb0f854c8e91e9644fb619e379a73cba784c63c6c3370d1f5d9493,3496,22,ok,4,6,0,2438
4d4a06c5d80518842c04d6258a192993328d03e46cfbcbe0972201d760596a68,11119,32,ok,10,5,1,9452
4d58bf033e6f0601e25826d2a7cef68d5444a3375f80dfac4e96c49ed08a961f,1451,21,ok,1,2,0,947
4d62697bca9ff756bb345c3e609d84b168c4a4fc88693d6d12778bb5336a3138,6612,27,ok,4,14,3,6315
4d6abb0d5dfae9b2450c694e123f1f4f2e614bd109c6b383a03d36d49b2b6bf8,110523,44,ok,39,11,0,18574
4da77335ce898b0533189ccf0934232d1f076b1dd9f44eafa349797d7dd6cb42,12157,26,ok,8,8,0,4722
4dc63eb6f50fde1f730e8e7547f727ececa2ee2a6a2dd2c43691eb4ed2522781,867,21,ok,1,3,0,1259
4dffc5c9f217b7e36e8070313fb48864f5883f432edc675b58a960b4273e36c5,9176,25,ok,6,5,1,5727
4e078251341d0ace55ce437f898015e6470d50806fd3f1119793583f8e5ae328,63496,37,ok,26,102,1,54608
4e0df4342d505504d3e7fde2cf664fe896b8a01ed992426192968189ed83e821,20265,33,ok,24,56,2,22032
4e0e4932dd24fcf434236d09434c18a8f8eb8496c6f70397d823452814d3fc9f,23552,34,ok,23,4,1,9940
4e2d2407db69c2c164efba6d4ca28870f3920b31df802b39b79299879b7b87ce,29400,34,ok,13,32,2,28347
4e733236661bbd2582bb60810ee53cfdc01d803172a439a0dd0739164e0c7eb4,16705,32,ok,38,54,2,17860
4e74c4227bb16287e3ec5e263665f32362fb68fdb7217209b76ec99509d157c9,24504,27,ok,14,34,0,5919
4e77d43928874d120e8f7cd0cd985eec43534dd037f2bd32e7b847d9f7c98bbe,48114,68,ok,34,80,0,30656
4e86f27aa2eb3601e2692dd0ca69fde94dccdde2931e49884e8d5c95a15d8d9f,5134,22,ok,4,4,0,3963
4e913acc86907415fe639254153b70db9fa3826ced865a9ab8aee156e77efb37,9906,27,ok,8,15,0,4990
4e93fa8e08142934053b15b22df55183f1e13f229e5160ff263127e476ee0c7a,18521,294,ok,4,6,2,4506
4ec55be85fb765e3597cf7082a1b82a005229e86946ec9b124284aa14b84ffdc,7208,28,ok,1,9,1,3114
4ed2cd949becff6e4549189c525ae67312515d19058a8ca15efe4c6e8cf90881,12816,38,ok,3,4,0,991
4ed50e9c80a7499acca0657c434ef8aea9ddcf31d8e5152d810d1f2a3b8e8183,30795,38,ok,30,183,0,27994
4edc5256afb03e74dc5c4827737262500de51646164363f97c1816052d1ffc96,7057,35,ok,15,31,1,11531
4edd745f5fbf4d103edb55041efb8e6c399f66d43c0b6d38b781e63c432b6c8d,32240,34,ok,11,102,0,14971
4f080d249700b9a30ca2e1bb828ecb29e47357cd36b122c7744593cef30b7a08,30211,140,ok,36,541,4,62460
4f381278f79c01ea6d035165d8e8899eba9ed5429d9e1c85e41e15d627ed90ad,11588,28,ok,6,0,0,3701
4f5397f535f1ea4122e6235fa3b4ae5318cc5d6d670e1e584c53c4612ccf353b,1766,23,ok,5,31,2,5585
4f65ea3d017844f92223bdb5a7f9a1199278fbe5da8324483dbfd215c7b273e6,46457,382,ok,64,338,1,51646
4f840be85e0667438392a66fe200350bde8f4085c3aef9ecaf3bd552d1533bd1,3856,22,ok,2,11,2,3045
4f8e727fe0e449adcda5dcc384245404a30df08a9695ab01c13d44c89fab06b1,7396,25,ok,9,13,0,5479
4f9766524191e4014f1ab2124f9d0d45140a6baea55e9ecce6786cfeca924f3c,4488,23,ok,8,11,0,4503
4fba5f018878a4131a0746a2a7545503975e5738c8486b627d21eacbe0145546,19997,31,ok,12,12,2,10674
4fecaeea189504ee4350d1c0410ddd08157e8a9cdc4679aa4cdca0cca40d3b56,13447,26,ok,8,3,0,7081
500291974b3a223677e260b060d96d4e2e3a97d43117096dd0fa5ae8fe5474eb,9935,24,ok,10,18,4,8754
5002b29a4c05a5260370d7d761971ce9c071a578ae2ea8de3af36669f9feddd3,38324,69,ok,16,37,1,17164
50063ecc21bfabdf762fb02c15a11f68c04e1266443c37dcc2e7dbbe46abcb7c,7723,24,ok,8,2,0,5929
50456170a5bc40d4c129ada63f6ef4d90e20a1cf38a54eec34b7cc7ed3986048,8765,22,ok,6,8,0,3175
505516f749e39df90d59455912e48e64f2645fc890ea0f574f8f25452e0ce8e0,6292,26,ok,10,24,1,8834
507aa34c7fed79ff380568e0017a0e2c6db4db0671dab403c524e14eddeb7084,2292,20,ok,6,0,0,1103
50866628d5c866f369eccaaa1316f330395361dddb084efa2f98f06b277e579c,3693,22,ok,2,0,0,2725
50907cd027a8b23a2c506244b8f31bfeebc5cfdbf1c14a0dd65596de2ec0d61f,13577,26,ok,20,58,0,11899
50a4e415a7f2e851604db17e33bae36f6b8165471754c6aeb3778ea9ebe44dd4,57274,144,ok,40,301,7,64501
50ba6d6f5def622b2279562b8e026607a6f5ca78c494d05bed7c64f0a9f8d5db,12959,22,ok,7,16,0,3910
50d34b1c5f174dafcd342d4a1282a7f5a9eb3c0b82bbc60386ea48cb6969e437,9349,26,ok,11,15,0,6880
50dbf130955a5867b41454f0da32b4fba7f891e4704086d96a78ac95f75a468d,464,20,ok,1,0,0,378
50e5b8b4ec13ddd04ddcb2454c66ec0b1855622bfba29355e2d6e18d7a6ba9af,942,20,ok,1,0,0,425
50f8ff6f862dba60af9fe25d729d035f3cd3949c316d1cef6fc58c95d25ebdb7,13048,26,ok,14,32,0,11248
50ff2fc90650b23b331cb4f20c80f647d29dacfda24cc395f9ba5850c3d4ab0c,718,20,ok,0,0,0,568
5107c4ca469a73f9ac3df5cc15a924f817da3cbfd9fae5868449a964cd93a982,15346,22,ok,1,5,0,2093
513e50e2ff198c8ce888969035029a0e2d5ee001d040d1d19feb3486c3c7cea2,7323,22,ok,4,0,1,3875
51ac3adc6dc4d7ecf22ba7b0d174e424c51857f7d67936b09077b6240edbeb79,584,20,ok,1,0,0,425
51c2332ead2f1d24a2c2c29c8990e2582c0cd3a9bea07e7fe95c40864947d55c,4080,22,ok,8,16,1,4155
51e13055a74adeedb8cfc84e612dca1a0817aceab09388e059c08ed14f92e837,3100,21,ok,3,0,0,2088
51f164c505572622b981496583b65cfd283dbde818ac8aa52de537fd5dfbbfb9,4675,22,ok,5,0,0,2833
520fc09a2fe6f9371bb5634b3f09f7ac1cbfc95a5d7cbc2822e92a4c421c2851,12823,24,ok,4,12,0,4665
5213c941a453dcb2890dc93ad9f0c5c4e8c2cb81c61343ed0d24b16caf56d7de,31348,47,ok,31,37,2,32419
522f7d3da5a8e67012f4d8117892b215258fb29067d1b004d60a7506e5d3427e,6503,23,ok,8,3,0,5431
523630b74d575eaa82ce50d2ffad67c719e507578f4819ce182cbd113bdb7cc3,11218,25,ok,15,20,0,7134
5237e2a391e0eafe4f1f4e2ec2c942a95444a41f4d79426f3bf7d3a7abc3b604,287,19,ok,1,0,0,169
524c879277125d6ee6752b54a60ad59d1b348ae257f6aa5d6a1f37f795d77c89,11601,47,ok,6,0,0,2999
524d179cd9d5dba6d6eec897559ffc50e3826a0c5de444918302ff69bbac45a2,50925,71,ok,34,63,0,26926
524ede1c6122b15456329564878a191a00a7062e1a8c9009deaa44eeb5a59c57,14294,40,ok,16,42,0,15034
5255007db3c341efff07c2b098f9d038811853f777bd9d894fa955712789bb76,26217,54,ok,21,14,2,18527
5280a71c35ca3ed71bfb0984c03eb899ed63450e95f4cce69e0eeabc39b4d830,9485,27,ok,10,43,2,9913
528a6d222cacc7e453545e63e3c01edf7e79bac163c25c5888b422f26d10350b,12498,27,ok,18,47,0,14560
52ac4899524d043fa424fe797e66dfd6cda8786e1b5ede05f47a26abc06ceb39,66877,216,ok,44,516,11,103271
52ba2e1cdee4e0236eb1ce0ac415553adfe9da399df95beaa3204e15b3c5429b,51899,57,ok,23,149,3,41080
52c650a38b4b1688a20eccae73f6dabe1457a6fb024dc8e729455d53c320711e,101409,279,ok,29,344,1,63278
52ea659a26e4d488f5330f0efc80951b4ebb1e86a41f02973eaf541bd60c130c,463,21,ok,1,0,0,230
52ec506f82181914a9fd862f291b2210b468afcc0ed2884d5b59bd1eb748f899,23314,53,ok,21,74,4,19187
531cf29e9893351a579a14a316c89a6ef8cf9ecfa3078049d36079be83c25d81,1030,21,ok,1,1,0,228
531feab70c29fe5373191071fdc5d92057cccee9f5d8113fc090447029868100,7683,22,ok,5,6,3,4749
533c71f7ba73500c92cff62c1621e8deaa5f9496ade12a5e8ca52e8219c288c3,1850,20,ok,1,1,0,978
53985f16803f047fc075e9b00c763f9ff66551d21922848d7df77db7b746dd3f,21874,39,ok,10,25,2,11002
53aedce077a1336d68972edcde6964272fcc95b74bcc0f95f259b50bf8caaeaa,21663,51,ok,30,99,2,24938
53becd0a397fba4985126b43751e34b01c4d583d697f5cbeb6f8471075607491,9846,24,ok,11,16,0,5624
53bf98c1cc46b2ffe131e83c004048e349252b31cd1c9994e305cd121dc34e6a,19098,51,ok,20,61,1,18566
53c0c51c9d8245c9f97ec2cabea5454cc7e2e2ae1fe315edf870b96f9a43a592,32626,68,ok,36,127,0,52928
53fe6e349af7fc9c0db89992cd1c2e3bc6387f3fcc0b3e87738affc103651d1d,6508,22,ok,1,4,0,2192
5438f7a9df755d0fac4e85235cb3f00d4e70d6eec45b840737fe2f18453dfa70,10362,24,ok,5,11,0,5638
54559baabc714e73daa5bd377b509f31f00b226166d2296b53bf79e5109556c6,14285,27,ok,5,28,0,5686
545f5b8ad2c0c7c7e378d75b7d2d4060c3250259cb02700d53c4fe084d3b3da0,22836,31,ok,15,92,0,18576
5476e9ddd17811045889f072c6e212886c0f402104013bb97f431622366c059b,11948,365,ok,5,44,2,9177
5476efd14f2edbaff780565fed0c33612d503daa2fa15efb21fd88ca1389a592,13222,34,ok,11,30,0,6152
547a076fedf192ebf3fc0d274ca80fdc578c6a2c02176643554ffe46a45843da,3902,25,ok,10,19,0,9678
54a4bec4258f7a5c5297f3968f2774310a08c6a7093835d332a6fb3e9a1c3f0d,21626,43,ok,29,93,3,52855
54ae3bde3cb3ab3d23fdda4aac7b3e2e08e6899fbaf28642b9764f7d000703b4,6890,24,ok,10,7,1,5085
54c79aac3d2a971fb8d11e7cbbab87ee2a4be10b60b48bb21e1d6254affe5bf3,16140,35,ok,35,36,0,22053
54d35ddc63885c8af21129537feb7d23616aceab3ee5057867efbdb99744b768,2749,21,ok,2,1,0,791
55008af516d6b91df0230014987b2249b0286859fe7cff345382dc2eb6b147b0,7406,25,ok,13,2,0,9991
55078ff08f7ead0ca0f25ce6f776115726426395b5ca4bb516d757e0b3c88b5b,6002,25,ok,6,0,0,5074
551536222b0ed0e5b264d65783296edf0d6f62b258238632040c2f0b028e2106,457,20,ok,0,0,0,120
552024b2eb69e1db20a71a52407fa975dd737f55372b7a3cfb6ced29669805ff,120259,417,ok,97,52,0,53006
556204e41691378d7694d17d73625bf3a2e8b6311818e8a9d19a2f69cd837d39,7751,27,ok,3,10,2,3877
5564d0ba556444e5111f878391835b477eae40edf864fae1fa84d940b65efeb3,3289,21,ok,4,0,0,1530
556a300afee794c559573f4d95dd858944e3036e7cea14487830f27bec601df2,25956,25,ok,11,27,0,5495
557c34220a7ecc4a7abf9e1762adefb69adda14e31a34f27b6c0d4edb10ef64c,14153,30,ok,8,36,1,15329
55b49798574989734e1173b2e62ace150d30f9787ebcbbe3224edc95a2dfaf55,24800,28,ok,12,14,0,8677
55b7983a932207d4fe9a134b93fdeddfa59da3b05fe19d988874972eebeba38b,6231,23,ok,5,12,0,4028
55d32eba6a003a19c8b976a1b64ffa1a69a3cea821904f290a473221af101c34,9830,39,ok,9,80,0,7449
55ddf707650bbdb6c08448972866d2b508965d671c396e284c66a524d5bc0334,15293,27,ok,23,14,2,9830
55e06e7adcc03fe69642f02d836a137a755c439c4d4816304b346e9040346383,9389,24,ok,11,13,0,5071
55efc170d32f5c0b5d326173cab6425c9cf011f99b48506411ff9aae3913c318,20944,42,ok,20,3,1,11659
55f2d22fd4dc238a4d3935c8d14f7f77f585b3713fdead02b931d3bbe7c1471c,19904,30,ok,12,5,1,10200
56049f9b5e0172a1c9eb294913df4d4254323a6ee6f6d3569968f83af93f1092,25336,42,ok,9,64,0,8726
561464b059468e483995879e1e84eb3b502d4915c168e348b7f9faf8e45ec530,6900,23,ok,2,17,1,4239
563208213b3fc7a3fae7b0cdfa4072fafe80d1a6bcf4317a4cc012e6736a152a,3918,24,ok,11,42,1,8062
56358b699ee76d3522d21900263c981f3d47e03822355f3dd984c882b6ff30fb,24585,52,ok,27,1,3,16773
565bf705b56cf0e6790b7734c26ced74631ce24c19e4e2f416644ebf45e744cd,6050,30,ok,5,1,0,2911
56697893f5198f26f6c0016aa7f84c92dab5eaa9ad3add2010adfa10786ec474,19419,32,ok,20,7,0,16163
566a9cdc5f6632efd61226765fad47e2d63cd2fb96574e96c8eedc49f1e3db15,6235,24,ok,4,2,0,2110
567e85fd61a4be34bd1f5a1a5be43958c1649c662db0a6493de54ec389151346,43542,3799,ok,37,217,4,79435
5685e329548c8a5488ce9d741e294788d0369117bd832819f8ab215bca83de00,39107,102,ok,52,130,1,44482
56a18edc93a66415762af20ae4553a480764f33ec0ae6a9dafabdd89d4799969,19972,28,ok,13,2,0,10126
56ceeecd51603d321aaf26044c0b2c21004b55a40480093b3867d1840e0f76cc,4215,26,ok,9,22,1,4552
56d4e5fe322f95decc4c6caf7e64540eed7adf04111e95650ec0d4ff66a141f3,25660,30,ok,9,10,1,16791
56ecf19e0ed400c8e757e474223753cff7e5e5a018c66faa91b296c2450674cc,615,23,ok,1,1,0,240
56f35977196fe39ac4eb80d30907446b1fb9948ffa6a1e7ee3d19656231e1730,842,22,ok,2,0,0,468
56f4d14606620b989483735b8622171cbfe90d849706534dd67c101b852112d6,12501,28,ok,16,37,0,8397
5700be217a7b5d91324bdc529fd1e8047c275647c9c576aaa5a2ca46f64fd04a,12872,32,ok,17,11,2,7523
5708256f86f8930e96321548d2d461257430ee21e2a9c43e109b943ed7149fe6,2012,23,ok,5,0,0,1146
5715fbed22165e548f54fc3b1285d9d010a5fdc130cd1b619c0d336376bd2f46,7208,28,ok,14,0,0,10379
573b185ed8851efb48590b55b6f2bd97bd64f1890f1b8bbf20a6cf32951f4066,26615,42,ok,46,13,3,25012
5751fa12b4e51d689cee32207961f6b26cb84b51273a5de108db4e893eb21b55,27971,47,ok,18,51,2,19403
5784b78d159ac1ac739e00819ee9109b23707b4b22ae072e76f0cc25af8bd5eb,30331,56,ok,35,20,0,17301
5791c06517d396ecc20fc7219db35e1817a886bcb5d67c3b7fc9b0a299ae098f,5184,25,ok,3,8,0,5205
57ab5aaf06f3fa0647ef1dd293a595588f1e5d5c091b92cedd9752d0a9483502,2661,23,ok,7,4,0,2133
57b9f8e3f6f3ca6def429b70572b0b27db49286f605e41feced78d3b2c26427b,19547,72,ok,17,22,0,11454
57ba0367fd7f5edd8e01a3a1c432a441d49440fdb229fb3dd835528dfc7a41fd,21858,41,ok,13,43,0,20439
57c7a9d243c54f1bcb65d7fb0c83b1b339b25e6f33832f04c71f8b8972400333,17864,26,ok,17,12,0,9876
57cfc2d4f5990f593f9543206798aa004947dda908f07e5a4cf4f447fcc9ab14,7832,39,ok,6,24,0,18516
57e51099494c8c87313ddb86da34c855d642313877cf4222415e7f7844721878,7467,36,ok,14,27,2,10851
57ed66224f37e97589032ccda3f5e7764ea0cfbe315b26ddc5a074438f4a2043,701,23,ok,3,2,1,1052
57fafc640bd221d5fa43621db9b6cfbaeea6996902df84b0b597d20c7cfe0d1e,22975,30,ok,11,28,0,6543
581a6401e17ec217988954ef107b58ef09c3e6e9b3141712c2f33394191cc6dc,2280,22,ok,2,2,0,2186
582a5b626075d0a8a4a031721e0af8383a7a62640d3183dbb699f4f14120e0b8,29993,56,ok,18,166,1,21961
582f3ff2f8a16465bc8a9944a82e2bded5de5bb7cdbced6f68896307dd2895c5,14482,31,ok,12,88,0,17006
585699775ab8f0d38bea153e4c8d845d9405c6906063e3fc4c1414c120ab58f5,8914,49,ok,4,12,0,7041
585ee96a14a871f2ed06085dcc1de69663a64b58a0700c3a1cd116aee84eaf32,24135,53,ok,29,112,2,42064
586bb0bffd6534891bf91d63745e8890eda4adfc573329492a991b88241085f0,5800,25,ok,5,14,0,4380
5886ea011f2ff7d928ce3cc8950457369e7666701d27a654eace29d084dd8a2d,13269,39,ok,5,17,0,6302
58982b1a840b3563fe1f82e06391ea7597c3f9364e422d22d9fa5c373cf99368,5062,24,ok,7,0,0,4041
58afd9bd9f4432b20c96478c4b7c640fb9cc25fe6bf382ca27a94576c9f6d2c2,20770,40,ok,17,139,0,31462
58ca04ba61cdd5b393228ff135de8976c8f2c0841e7dd8e3ec21b8383d652c3e,26987,102,ok,30,166,8,30034
58cd38e9b35df999b37877358faef5587db6d1e2eaf2d71e5f65bcacdf0c7f43,4121,24,ok,6,1,0,3027
58efcad74b3c8a190ebc6c3e18daa0b7ee2a268bd2331fd2a4c954fbe52951cd,28898,35,ok,11,47,0,10923
58f3e6a1d1d38eda9976e0e4db0b537d73c126773e4f48e97301582041d1da6c,1874,23,ok,2,3,0,1860
58f7a2be128724e708d67b9d05eab416f69b42eff53f5346ac96d34c75af0386,12250,31,ok,25,16,1,15018
58f7e270998478462675905a36baf3186065b66903b005b3bd94afa3c6e09acf,20177,151,ok,13,117,1,11229
58f7fa8ec9a5c6c27284cf36481388aad0c2ed2f592715ad58c39766dcf7a0ff,9357,28,ok,14,26,0,10899
5902f488eb7fb2d7105b8c89367aa85f5a5b738741f73d7bc6cd5280c771f5ab,21884,56,ok,25,90,1,16118
591687ef484574f148f99380dcc39ccc41c217ae2fe80f67877fd24d43d60953,11252,34,ok,13,8,1,8011
59194fa7f1dbb5375edbe9fed46d6d5dfd6e9903358399155b4828300728229c,25949,30,ok,5,13,3,21337
5919709af7d577d04d9500a01c4e407cbb9d194fd535079f874f2ead11355f3b,20001,29,ok,1,49,0,16419
59323fdd0bcc2b41d2a0f962b5f2e10cf8a69784fa0e4d1784639630e66c9ff7,19054,26,ok,5,0,0,6685
594d9a620b65b4cfcfe75a030b889664495bc5dc88652cd48a2ac13e57276ba6,17396,31,ok,5,26,4,14071
5991ae59e65b0d1e3a222939cabf197d80c41ee09a5e62fe4f7ed1526623a864,36046,54,ok,17,81,4,23454
59abe7b0ec5fcc8284a82e7c36662828379f3a1777995d5222ce811328b25864,7413,26,ok,14,1,0,9981
59c75ad40be2e9fdffc34d168c0204244cb21ec0da04bc0c9a3a1732709c31dd,31289,200,ok,44,0,1,21639
59e774161809a88eacbc0265768b7601bc7bab756e43970b75016e1cfec1d1ef,15602,83,ok,12,129,1,37854
59ec54411399933846ee969249f904e46ef9740d955dfe419f01f524e3ba2304,16906,116,ok,8,9,1,6690
59f2770418c366ea3099b5b9ad5d6366f2ccf5213ce866508a280b38e4d9cefd,19387,42,ok,1,12,0,9697
59f947219edeae772f46b7371151a4d07e6d09228bdc506b1913d054d9945df5,24226,36,ok,13,8,0,3416
5a0b997df68146ed258c2d781aff3a6579cf97f8c0e7341895e5df425b28aeb8,13614,26,ok,3,13,0,5439
5a18396ce92fcd207d47f3efca7e17531a6801c45f8cfcd9fa1fb7bb85ea8a86,4295,23,ok,6,11,3,5161
5a37631f2c1bd57f131848db266bbad707d500005beaafd28757506efae12dc1,58019,203,ok,32,93,6,140225
5a3df1604de0ae75d29efd1e4057c827fa8813944f7ecc9b8a603e8d14ba502d,10183,27,ok,5,3,0,2639
5a4d0cf76b10809972eaca6ae1622688b88e541246a549842852b7585f5f260e,2068,23,ok,1,7,0,2226
5a74ca5fb6d7ee6b051a52cdf27bd2bb9a9f3ddf1ad205dac36a123bd194ba37,10654,28,ok,11,14,1,10853
5a77e7728cf9b3bbed4e913be4a88eaee8d8e19088e9b5a7cfe15ed5a63ff1fb,18465,30,ok,14,13,0,3613
5a7cd921c7a54bfe4392ccf5013adab4008296c30971b94ea58815227fb1ef0e,39708,83,ok,16,41,2,18843
5a8560c0ea21f927a240b78f0b11504301523199429c045ebcc4d1184c611e99,8695,25,ok,9,11,2,3865
5a893b7a362f1182691280adbe7aaa9ad4040c8398b9091493a48fdc91bc30e2,13268,42,ok,5,17,0,6259
5a9b820f9bcc458da05550a45993a9bfe007688e35803c317cba13163766ecc1,17022,35,ok,7,14,1,7609
5af47dcbc8ffecad7efe9fec0b29f0421b659a6b7cf9ad2126e5be8b94762df9,28814,127,ok,34,282,1,62734
5afd1577414b3183f73b1bff0b53611ab7ba71fc3948c874e588d56496a1677d,45178,49,ok,32,32,0,12385
5b138f89254051734d90b94ffc37a44e363881cf8fd2647c373fe17b3c702dd9,6173,24,ok,5,0,0,2247
5b1a26f00242495c732015de34a263e5f6cd3f04a58c69f6805ba1c1f8bb7087,13761,43,ok,6,5,1,4817
5b22c9441926f69988739aa9b398321ce74e2f5efba5001434433d6d8f17d36e,27599,86,ok,20,479,2,45051
5b29801b11862e05685d111c118237e66de07c7655cf961ea9eec0ea2bac21d1,10802,26,ok,9,10,0,6873
5b2d3cc7a23068ad4de77a1656ed95706b4822be3ab0b4deefff64a0f0a89504,13437,49,ok,17,306,1,29714
5b40f7361366d795bb8b91dda623741bab310c018230a10361d2004b8b64b525,4454,24,ok,7,10,2,5115
5b5708c1a6caca37f817d2af32832b05754d9871ea90f925288dbf2e66042f27,14282,24,ok,9,17,0,4106
5b57b11e8bb90eb4870a887cd4b272094e60221d83fd2c38a29dc8749d38f533,13338,24,ok,10,27,0,6308
5b5ca5485729fdd7bf542f34e805f6e1ffb7fae443d9398dff4a7967ff72fbfa,17039,29,ok,15,2,0,7190
5b6736aca439c26c8e40ba28aae249f1bf175987624dafa2a804e89468c9618e,25026,48,ok,33,105,1,21501
5b77d1ff3a1111e4d3f20f41a3979d9227ceec92c65e2f7be7e8ca456b716d21,3925,24,ok,3,6,0,1585
5b90ff32336f9c7d0b32f8e2a09b134b541712b8edd980ef88190edc4754d59e,10121,29,ok,9,32,0,4904
5bb6c74791bf1f46de11f241bb97e4798bf02271721b3d3cc2e38cf8e864ac2f,19655,30,ok,20,13,0,8986
5bf2134aef24c2b04dc54e5a8b139c619494adb5591154f687d00042921d4399,9170,26,ok,6,10,3,7753
5c2c44a7e0401051cf6c5c09a360ad16e347df72e88febc9e3a0a9aca3b621e7,12453,30,ok,20,45,0,16982
5c798833a48a2705c81c5961f619527f20ab7a05f930aef8192a395a269c4811,20832,39,ok,11,48,30,23385
5ca9b826f047752261fec6e79e1f81c2d22fc16a43498b9cf64b872c785682fb,40568,582,ok,52,649,8,164144
5cb341f3a0f9e6f9c80956dfcdc12c45e6b130e4e95c179c8b551212b366e9a3,27588,31,ok,27,9,1,10711
5cc12c9628b6de8aeed3905b6596ab40bdb931b02bb042e7cea2ff7c17d7cdc0,329,20,ok,1,0,0,166
5cd0191c27f93ec6e85d50f8a55842dc20e1ac52047d9b37e2f93ec7073a4cd6,18561,33,ok,17,31,1,9374
5ceb765c68e75956ae8f747ec600a4519bf0852f276b8db1f4ea95ee4be3d172,110549,1479,ok,49,777,6,175782
5d07998062ac4696132c6f02626be8c613676dfbbbb1f38bff066b6fe24d6538,2268,23,ok,3,1,0,1163
5d13258c3b823f8265652e7ca48a063e7dab02c12f826b0f858b9a43460201d6,6923,26,ok,9,8,0,4252
5d34e7d64a95c4c9d23140de8459581345858edfa1045b3157ae6241034dedeb,7156,26,ok,13,0,0,9798
5d3f8300b13fe373bcab015c6ac46a350916f82e5e4dd702c290bbd938105f2b,2029,22,ok,4,1,0,1738
5d934aedc1ab9ff882ad807586bd9da87996ecb040b661d2b7810f9193ce3d75,37450,84,ok,13,24,0,14143
5dabc6595d37b9fdcfb7cb245753e1c9ff58a41884ee6913446093d97aa0f233,11024,34,ok,10,19,0,6227
5db738b05d9148128a240b0e2c1cb935c2805192bf98a579421aacda364c8dae,9894,28,ok,12,22,1,10283
5db92f73ef4d7dab7f583619f04fd24d765afaad099834e85e46fd5f96e235e6,8364,26,ok,10,6,0,5124
5ddca515fac7dcab2e5501cbda11ed77ef80c9656c63147395038db5aa2ef1d9,14153,31,ok,8,36,1,15329
5dde0115b085976a1b45c4366c7b0f90364e0289c5119ce84d4fdcdadf703943,18460,54,ok,10,21,2,6326
5df0a59c957c2fca54b672c7be2613886d88d560e3ad475e0634bac45edb9129,2757,23,ok,5,8,2,4935
5e0a411e923055be7315780b2edecdd86c7ba65e938d35ac72f60b206b87da93,22075,24,ok,3,1,0,12326
5e0bff5a29e2473b5289fe96aeb59b48ac335e5e87c46632b53be1f662447d2c,29996,34,ok,12,99,6,14042
5e23820ef39d9eeb42b5e7f0833b0303a9a4b11b55e43b05584355e173c411fa,17593,29,ok,16,2,0,6226
5e36f06c16479a292140752a66fc121b2cec12e596f1d6101e0e10718fcb48a0,21625,32,ok,7,6,0,7215
5e5b82ee95c4b65051f36deee12df838a767f6de941689313e3d8434a0ac8d01,3058,22,ok,3,0,0,1539
5e73da950717eee3b5a32421ba45f5f65c0e37a495bf5d518643900909ae716e,48332,286,ok,13,19,0,5889
5ec0aa5d710f80b9d77ad2da4b79f1babc34d6bc1912ce5043a9edb71c7e725a,6557,25,ok,7,4,0,4448
5ecd9779a93a4d2286d35654eeb3d12989ceba746530c413e1cb5189e33992cc,25092,32,ok,18,70,4,15602
5ecedfd009f076eb26e32cebed132f43fcdaef1c1afc873759a0e13f7e4f918e,3680,23,ok,7,0,0,2311
5ee8f4da9fb5aa9f0df9a31a4ffe719b76da8ad3e568c223fe13df8401303187,10650,23,ok,2,2,0,3151
5f03a001f6123a6905b9b8d271fdae7410b9c3dbec2252fa271d277b0705d86a,18422,40,ok,13,19,0,11698
5f26c824d48b1e6bd55bc790fd3e3d1c96b41f6233a7814f3e76313fae080d5b,25606,38,ok,37,120,0,36239
5f41462676ef708519915f79367292c8bff6a3d2894931a5d1638a29748886a8,14288,41,ok,5,12,1,3290
5f72dd9ce62f3c7e3f7c21d428c5a1e7284edbbdeae9a7ec3e3727a6b98ef285,13297,27,ok,10,2,0,10320
5f7bc3f7da81fcaaf721d192bd69377a241fca674f056734ca06295953de5946,63237,471,ok,9,669,3,58247
5f7d2d3b842ed82de5d15c530495ffd9f501869286dc8144c4fa058d84141806,7907,22,ok,2,4,0,1728
5f85b5ca8888347990b7d6384a3c73dac1fc652f93086224d78dbadfc934d729,5987,25,ok,13,14,1,8301
5fb4102e0e08593eb91c7c6139efb0bdbc8302ab3012f253d06c39168773bae8,16556,31,ok,14,46,0,11061
5fc4441a1f114f0d2e52578bafd95f56f2f2b67751cc08961a690b80e6fd61f9,7382,26,ok,11,19,3,9284
5fd9b2dff5d1273980f75c1dad48aff77ad95eff3d7278994bfb59803fdbad04,10231,24,ok,3,13,0,4083
5ff6825ada1bf1a1089b585799045bd2479392347b60ddda77ace7d2c6bb38a9,3670,23,ok,4,0,0,4036
60353edc14f1370441b9a82fab42d104dc488c2a0448a35952b828d4740ef732,7687,23,ok,5,6,3,4749
603cf5fcd9a116855e530bab77877b0e6fbd48f767824908f8eed7b3491bee47,8817,31,ok,7,29,0,14795
604de02c83c390d740cfda02703ba50321c593610dbc9641ab6760310f26f623,7403,38,ok,13,22,2,17870
606b6c95ae37aa0d0dc763d67f3073e1ee58371222715ab6e3c55fd62af61659,4742,23,ok,4,0,0,1162
6086307a98dfe02cf67874c8bdfa5fcdcb3354ecad2cf23eca0add65bb4ff9ca,7793,26,ok,10,26,0,9776
60b8687fa152f1ba555fa24e64d0ee9e87b622feead2822a3e8a9061b2cd158a,15834,42,ok,11,35,0,12964
60c64fb9c0a26e5a2c81282b57a54dd325fb91609123fe6e1a524ebb43377e11,16611,33,ok,14,23,1,21945
60d2a7abdc6407467ff2d42a166606c8dbb39e87b531aa35b455620e0a23389d,129979,5752,ok,116,311,2,165821
60d7ce6298c735c6afdaafb7f0b1af97db2c566d2389ba08787364b95d65b9a0,746,22,ok,2,0,0,556
60e5a17111ae7f33b3c626e0f9e1cdf0b609e0e8bd77e8bcf3578a6ebcbd6543,27264,173,ok,19,263,3,41399
60e8798db610bdaf3370d39ebda56ee1dc2c15ce1c3a9e28b528bfa24a06b477,1848,23,ok,3,4,0,828
60eb6b4b9159841d074b81d8555c20a94db4c0473ef405eee116f2f072f88416,4064,24,ok,5,14,0,6157
610092b165e288c5a615201bee4ac75dae663066a2c2900857a88d61f35404f8,3928,24,ok,4,7,2,2487
61079ef75168714c8472d492313197c7b8f8375832f060c0e186d140b13c5c6b,60708,3061,ok,42,96,3,28409
6127ed1e3c1457526c46e0aca83434c8988a3b08be0a23ce40fa6eb945bd445d,13831,36,ok,28,58,0,14901
6157296d6d43c9a66d1be3d9c20439a1aa98a34ba9cd9e62177709aecd79a56e,6088,25,ok,6,22,5,6607
61622d86491f13225db35a5e6867c66cf08eb99cf5d25e7db8ae8e504bb0e78c,18389,254,ok,6,31,2,6302
61a8c28007732dc52bbbb2c8aa3b880c839594ad45ab85de1fab671bbcae9b0e,15806,26,ok,3,12,0,4412
61b3a195cffcaa12b74442b7392f3a08bc00427c84c96f04a75c576821befb7d,11120,31,ok,12,11,0,6362
61bbc68d7bbe96e8da09af2a6a21ec5ff078cfbda8ef1bb08cf4198cd6e94b48,19964,35,ok,13,14,0,11043
61db354e1479556eac04f5f45d30f3a3c06c9847c512cc53fcbe320a6cdb8818,574,22,ok,1,0,0,399
61dcbacf1b941740ae2f332ba25f9d6c924092f47ece5302e0ec518d1f322ed4,25351,56,ok,19,95,5,39375
61e1fc5401a7b22418c2bd3bc5bd2c07241e4dae098c587c89f3f666aca12e37,37283,720,ok,34,479,7,101669
61f3ec45073b00a29bce98268932a9dcfa4f803efd2a425e0938d44047608b4d,425,24,ok,1,0,0,181
61fcaa95e0aee0d9b0c0cc4c1247e1088cb961f3f557fcdf7ab3f7abe97ad43b,19131,33,ok,18,8,1,16576
6203d68fa729d303b69113e8d95d2ece3c0aeebe8f6eb2542500afc0efbd838a,18849,55,ok,16,19,3,16813
6209e220942b05d0bf2b4498accad538bc7b4a1602a19440627bc2b1a2197567,10478,25,ok,7,1,0,3822
62182cd72e7d7552346d8946680ed09a283ee951c7b5f32aeb19477e0fdfe8c0,30089,139,ok,3,197,7,32818
622739940e49192c25287ae4a4a54b95bf595d51b3fc46184772b978b77ae33d,5962,25,ok,6,16,0,8096
6228d40b1f245ad5fa36be7efe7c65490d3ac5921a8b0231bf9644c83fccf78e,27563,27,ok,3,11,0,5592
622bf8cacd4419b6c3fca054359e3294beb2b3aea40f0dd57149b903289cd4b8,8010,26,ok,1,27,7,7643
622e38ad4ed18eaf5f2561e74c8f6d8ff860dbf5cb976baf295cea78508eb362,18511,24,ok,13,9,0,4207
62320cf74ea1bcf877124c7cc322fde41dc38a31893451d61f1ef786989ef4d7,28197,41,ok,17,195,3,32740
62390cd3fba43a2ee0cf349da3e186b59e8e5338c71d57114256e184e418ca45,6518,25,ok,9,6,0,7080
624b7ae20ae7a6f497d115ecb194fd753ae7660f3b6e1404b9c403657d26fc30,28553,29,ok,15,67,0,10940
6273b6eee1ca533dc40ed557e90dd81825d15ed0a79317bceea79940ade0acaa,5813,23,ok,3,1,0,2204
62b298663e3e1a906ff35d7647095de3129c689f60bcd651d1a3fa64d70e63d8,17783,46,ok,18,57,1,8086
62c282b9c9afd504c8f3d0120de1ebf999acd812ecc2ba45bf171f3f4512a673,11752,31,ok,17,59,0,18026
62e6f978082b327d89dba563a673e2c9626187dbaff9dc580f85ace48b34226b,7882,25,ok,8,19,0,9237
62e8089edc7842fffb1bf6394a40b25238f721ea1d4d113311984047acbd4ab1,47069,88,ok,28,39,0,45800
62e9d80a10e90fddec0e60e9c5573a218b5dab94874d0b755e4934fc54cbf033,15613,32,ok,6,71,0,8809
62f4bb113c0fd19c5e11044615918063607c1155b1c18b55778980b343a1aac8,15316,27,ok,8,41,1,7754
62f61b32fff99f7eec052a8e573c367759f161c481a5caf0e76a10ae4617c3b4,27518,136,ok,16,73,3,22305
630b0e919ab7fc1e103ba51664034bee109cef85a2e6afced6839c9a3ab45c26,36451,42,ok,14,172,6,44802
630bc19134e656667f059971536ad90e43b2499804aeab8aec5c7c5690614e83,3019,22,ok,5,7,0,3461
63351143b7b1e761b8e6b9e5d0e087364787f7cfedaf84dc5bd50d8a1d9268e6,8228,26,ok,16,36,0,11716
6365e9fc6983253bd858a36e8e2f8cb6d527ab1ec7a7a85ea6d206cc8f38d7e0,89736,61,ok,34,56,0,40028
637df77d12c8e666032990e94158ccf133369fc1f04569a87d252622e1accf33,18379,32,ok,10,8,0,18488
63ec7343aa82c66a9b515ba59a1bf38f4e5a14dbd3cd672b82b96047cc9c3192,16891,31,ok,22,146,7,20870
63f0bc7bfef41d314e668b1b4dc488e3b3cb3cc4875da18d95b6decc0ef3fb16,37165,42,ok,49,41,0,25237
6403121c24b17deed1d7f39ddbaa96119b6c9af1a6a24bc30bbddcf962c257d4,372,21,ok,1,0,0,229
6428017d9aef271fba623b0c1aa83f555a23b1c35a46248f40b93be65fc5193d,38863,30,ok,3,5,1,33100
6443889f3f9a35de4aa34ac83ddb9439a5fca050817895b45037e10a39607ec4,4458,23,ok,5,2,0,1780
64556e5bf8f7bb2ab9766de29bc86e53a77acab086ee84f6cd650e549c76eca3,26517,49,ok,28,128,5,18412
646a683963fcf14d4bfd0e11ba7f1e07a790d446b06c87d34af69f0ba06361a5,10783,32,ok,27,7,0,19655
647d5bca96e2b5c5d9acc6744bb76e7ba262a449611abc09c37a8202337dada7,4572,23,ok,8,9,0,5063
649715de2b14df3c34a560d9ffb01deeefe029404cd3e9ab184ba22702cbed79,22493,38,ok,14,56,3,21669
64eb28154d25b613c818d825502fadf1665aae221a6f1d33bb4f84eddac09f39,4631,23,ok,10,11,0,3594
64ec785c3de749f5c6c5c0ac2de036beae42b460d778107e1f3552e95db672d6,21234,36,ok,25,11,1,11453
650a7ed0668224662d3ec095bc7909a3ca163278163077998903f5611ad9069c,2505,22,ok,1,0,0,1391
650d8780674f5f36a12678e201d436d43fe1c87317beed9641a6704b7b4d0e93,5575,23,ok,5,0,0,1755
651c5f70fed3d115833e450b8fcfae65263353d203b6a04e67f5e053bfb788aa,31382,49,ok,15,98,1,13925
651d94293fba14b5534fad59d7d30dec4f8abff50489dbf418b21e03e5b7fdc6,3532,22,ok,2,0,0,1225
65300c006c7b0151043be891f1f99872a25b20529d929db38fdfed96af966ff2,11154,33,ok,12,14,2,7079
653ec64cecdcb96308de4b8e2367606ca43c30529312f0e7a2e6fa95d0478d60,24979,106,ok,25,2,0,18384
657ffbcc2721737a01bbc90dc8f61641cb8a76f628cd80200731f2324a57d016,6245,22,ok,3,0,0,2507
658392af7e6d39d640ff49f252faa7216e78bd19dcda4e79b590f6f63a0aa76f,593,20,ok,1,0,0,254
65a79fb5351db567fb73b92c79e451d8af2e2bd7b589a555f44602455166ac84,16805,51,ok,22,23,1,38117
65b5f4a19eed8f6a6a3c802b4e06bcefbe8182d9687acc820faca8734637e4d9,19134,34,ok,20,38,3,9308
65b9c52b4ef5aa0fa5ae5c50f95e548ec9c24e495f52c9a854fe1bf1faab2c53,2197,21,ok,1,0,0,2658
65c75f404a967ef9409b7c6fbf5d69744be78c08528315c15ca237e70c2d5912,12744,30,ok,6,19,1,15942
65d44092f176e02e7f2f6eab4a9a60fbfc4afa1dd2666d1f26cfff0decbff75b,1173,21,ok,2,3,0,867
65e6fa754cc1edbbe365c69d8b86be71666329a8283b5305ac34efafdbfd28cd,5429,25,ok,5,17,0,6982
66012cb4ee576703e78a9ca8d36c87184201f864f52d649c67f8bbfcaefd8ed5,2604,21,ok,4,4,1,3010
6618ab96636a9b0ae1b65c9b1f6e63012e841f861d5f56e21048ffd56c164b14,5041,25,ok,8,22,0,6702
662b29c0a3dee2b0faa0fabb04359d03f163ad3d3d1a1f53c9986337678ce347,2217,21,ok,1,5,0,633
663c25947926c532d634a25fa8de7fc3ea09acceb82cc87b98a5f2a0382d4d16,5111,24,ok,1,8,3,3817
667ccb3892f78f7daeb63bb9539ab4236622ed521efe78d8280f0937cd5af111,32064,28,ok,74,29,0,14617
66941a8ceb262cf8e8227e573dfd80486820abf2a89423b7fc06c10be4ec723e,6315,25,ok,13,6,0,5848
66951f718a7bea5e52fe51e630190029805d5b43e7c80d56ebdd045671230582,18624,45,ok,19,56,3,25875
66e25b075aac163445934c3d197965d4ad3ad332ae934108173a0ee83baf25a2,8997,25,ok,5,5,0,3829
66e86faae2a7fa410981d518564472fa40751a846ad852ea5de6cc7c6549d5f6,21078,31,ok,21,11,1,15292
66ee47c4c9d92d4e92eebc1971fb635d769dd8812744e2b651ef48c3f8bcaecd,4225,24,ok,9,5,0,5803
66ef2e49157eebe509bf949afd3014bd3bf135cdb29ea8f0f483b7c41f67d836,9275,26,ok,7,78,1,7233
67198f14bac70b8ceaefa761b7b811a16e4615e98cfdd40d5776519b7ba8da0e,7920,27,ok,8,33,1,9263
676b4c9260b694aaf448639f581de3bd4dc71b4553d03fc457b63fbc9a9d55fb,13585,31,ok,4,24,4,8443
67848b7ab5a32ea5b0410d16393b5d4e79f68266571272a3aff4edf5ec67483c,22135,40,ok,20,25,1,24003
67a5d3f216b4ad95bbe63514935a2346b0e3db69cc8ae02cfe81f5ab21b0bb84,6249,24,ok,7,1,0,2895
67a5f23155040d633384e146e5f59ac10b9e68a6ff46cec983e4b05a9e027c77,48097,45,ok,44,86,5,45695
67ba2a36d61df77053d628f4f6bea50d300caa972fe0d9c539ace9636369f484,18808,29,ok,12,20,1,10963
67d066d9daf1fa6e33191548a61068d1e20f5427482ae923d4a7c8b0d51efaf2,4031,22,ok,22,6,0,3030
67d1d9e4b61fbf2038af20f0838eb0600f87de50a05ee9bc4e23e52427ed9261,15058,27,ok,8,34,0,14753
67d9f757d67b18605c38d62e1e8c54f3749755080d44b6f498d9e13efa86a541,11079,29,ok,5,12,0,7110
67dd54abf2778ae66e0c26d02560368209fe3e4ae1475c8e2463d4010185d70e,30001,196,ok,12,18,0,7149
67ecf7d6f9d349dbdef9c3fe57ecf8bdeffc6a5dc67ff7b64874302441037817,12378,29,ok,7,46,0,9782
67f18d2e5acbc1d316fd16698a887cb732386c6a8d606638fda3f840759f4823,15682,25,ok,12,29,0,4907
680b9ccf2416bfd941962bc751921cc6c2a9abfdb520f68b2df950a1bbd41258,51016,46,ok,35,36,1,43312
6835c23806075288284c89e133b271a3ac9c61977fbe49121f92c5431f29a0e7,16019,28,ok,9,62,1,8904
684580d7c3c2f2f7e2d85072ad695be32787570be0e3aaccee9f19c8b1756c48,18214,30,ok,24,63,2,18877
6852adf6f78315fa368c77f260d4943d3f0ae7032f63267426639d499bc5a39f,2319,22,ok,7,2,0,1788
687248b653fb19b39434c11e07e8d585f28529c06995f24fa714ce2d1d180bda,35363,38,ok,3,11,0,5924
68751cc711c68f2f41ae3690d8975107e758f8ab0fec63780e0bf60a5ab9ee06,14239,53,ok,10,10,0,5267
6879e50db141f6a2b281375e871869dcff02c935f32da13330aa2ed7738b1f19,13095,25,ok,11,5,0,6974
6890f00ee44367eb94f390c7d93ea5c92825313e3716784a9dc26b86b2d45188,12371,32,ok,10,49,2,21137
68dd40168c65900894788af9afaf56975e3e562cfaa136f2a91895113d265c73,9076,25,ok,11,33,0,8755
68ee3f8fd6c153ba96fc6fdd0fbcab80fd16d301c231928307acc51903885fc3,9350,27,ok,18,2,0,12172
68f7af0a5e81f11f5318d7c71b17be154e409d8b158cd7036d2b67b6e9e25e4a,9492,28,ok,3,15,3,4761
68fa8f09c7b16b08d043f7e4fb1edffb47fe0aaffcb37c3cbc8b86d1be4fd515,19799,84,ok,19,25,1,13399
693c54a3acb11cd87fd707805c9ef5ef967c874441b2431ab7fce60a6b7677b0,4547,25,ok,5,36,1,4926
697ae975fc32a2f25092b0979a3fff887a631a114044bcc90085b7f9c632076f,20392,39,ok,15,33,1,18316
698367b09ddb1ddb858d03ad820be4e52c481d0b58c2c1332738658f5f61b6ed,13843,30,ok,21,37,0,16887
699dfd1ae67575da411f086ee86799ea76db953f3c5117de82fb6466eac8fe87,10250,29,ok,15,2,1,14771
69cbcb5afa568e10fa3a11547372f7f8a983af0ebf2bc0a768f095782f372637,6867,26,ok,6,18,0,4836
69da8179d8caa50bda8b51c3698e502bf65f03b080c550454159b448b853cfa9,7258,25,ok,11,13,1,7836
69e35766bdc41278104b559333f9faa69571c11a8a5fe56b2186b904f414a879,19972,29,ok,15,2,0,6638
6a2feb8065c1858db5e767139f71b75cf5f6ae1c157141377411e02f2a98ff6c,9589,28,ok,11,63,3,13095
6a4e054cac529c7049803bf751394a06fe9b60e13e9031dff454c56eefe307a6,15823,42,ok,14,47,2,17081
6a87d738c5b1b5234dd81d33ccf7a7fe657e5c8c80fa8883a90856cd44d7888e,63242,470,ok,9,670,3,58362
6a936eab006fb9c2ba597456488a46f6da0c1af542e2427c7ac7b81efc8d0d21,8401,28,ok,7,20,1,6420
6aa5a2797c77f8535d5bb280d1316dfc6dd04510f0e0379ee40b912176501f5c,30106,27,ok,3,11,0,5377
6abac53e2306b09a13f6eb60649953305159ba293f8f97a2ab0720c6a26ad9af,6140,23,ok,5,37,1,6103
6ac2f94e19146bedb76c356ccd5af6450f1073891e5915457076836b8f887cca,10546,27,ok,5,12,0,6462
6ad1439a0e8a63f2054dba8caf49209285a264495df5ef501b22c618b220d470,7722,25,ok,6,14,0,4594
6ad505bc7db75ba3c8d0ed4a0a777232a71fc2a450509c84742f561342335c53,19152,49,ok,6,90,7,20267
6ada72380e9f86661f21b46437071024c96e015c5a5671ebd9ba9d0ff1b193ff,806,22,ok,1,0,0,425
6add8b6ae6d23f23de1b40a6ca52d7dd572f2b2ddee46e029ed8713c528389d3,125125,4650,ok,109,312,2,163596
6b1454e7837d2b3abd654fa65ba0f8b09dcf0a47b4587aeb330099ee41549f8f,5161,23,ok,7,4,0,3859
6b1e7b98bd136e5482654d14e365ce633573ef9c3e83e8f67b006cbf7645ff1c,7160,27,ok,14,7,0,11344
6b35ee2504b4781dd8eefab0920968485fcffabeb02b768d9eb6da3c2821f215,2291,22,ok,7,0,0,2173
6b5c9904d0a4b9a6013016e1535ac72b0a24a7580985f555cdbc1cf5077e3403,22237,26,ok,12,8,0,4797
6b5cfa77b52987cc75e764be8a610fdbc037bb588f67691f27d7f8167192825d,44182,60,ok,20,7,2,14096
6b6c191902bc48bbe4b4611ff87c9906c2ff15630fa2c32f8497833da2b86783,24561,46,ok,18,182,0,35658
6b6df6a300d9bb17fa68a2d66a7f64de01048dc5bfc6b6aa2c4e61544408a166,5683,23,ok,5,2,0,4772
6b70d6615a6f18b4aed674b7b667ac95f495d624411cc1506d84ff96a561d85b,19444,41,ok,13,44,0,14388
6b870017bca9322c8121ff0ac65f7175f7b18ff0f0a702902ebb938ab1ea12f8,64120,107,ok,66,213,3,58266
6b9ef0f570e482869fc5b42bad0e045a20c0c813bdd9e2fd25849dcf62919535,4739,24,ok,4,0,0,1162
6ba93bf4a5b385b6d0846e2679a53b6627c678492165b006afcae06cd57b8820,15313,38,ok,7,87,6,20452
6bb5e9008b05099dc34415bf031823f42c09c0b0c9c87c5b886e8f64aab6e221,27427,35,ok,30,29,2,23838
6bb812ad7afd52c363fafdc05fb7d4c996051113037261341702e9e737e29b4d,16390,39,ok,11,10,0,8613
6bbf5e26fd8f99370534f976a11ce10a7cdf8c66a2621f4b0af78c93b436d25b,26445,42,ok,54,162,1,35959
6bcd873c62564c2872dc60e833fb90b49882e76a4e31161b6314744b81c6d3de,91784,20647,ok,44,145,3,39394
6bd075a1f2449ee957a00bf9020fec4e6d9a9c15a73799283f9afa5fbf8748f3,5350,25,ok,14,26,0,8379
6beba0da35a8458b5d0b819f5db98d3aed2a1489e2ec9ea0441c3ed565ca665f,19632,25,ok,7,8,1,15347
6bf962495d6d7b90926ea689c5eeb249b15f7201dc25ab1505f08d439b2f2bd7,9570,28,ok,14,28,2,6435
6c19d2b024c9a5f9bdfd00126160c280056e345e8856477a997eb6b6bcd46959,89735,62,ok,34,56,0,40028
6c23f6ffb33a207b54043a9b255313be228702dea4b82a76b57d292272f335cf,37595,106,ok,40,215,1,59575
6c47b86b587e898b527c93c75bfb13956a3a791b321ec98de6a781951fc175b3,6046,23,ok,6,10,0,5106
6c486f586a9079dca056c495335e341c3ac5c017b3e3a78110025a5a39bfbf85,23433,265,ok,14,34,1,13900
6c49b117008fc835a24fe932c85228c63ca6f5c2fd4511d728a164a913067d21,42484,94,ok,11,40,3,23093
6c49d99ef0f3c7c80a8d6568f237ca9d7fd3b1e923bbba5ec5a4f6e907d39992,9693,27,ok,17,6,0,15785
6c4abe57ad2f83905e74a334a0b0c8191a2cc8bfb59ea46c95e4f84fe1c45697,387,20,ok,1,0,0,233
6c591b8fe50ac60c2959f0ede4c3e430c74aa297abc69234d6383076712d4f7d,6043,23,ok,7,22,0,7069
6c5a20825c0ff9fc639e53ae07cff68a36097c8de168335425967b23aa248750,538,20,ok,1,0,0,404
6c6224428fdbfd6194d861f5948298183630985eb9dac67646b7bf63b8f793fb,10522,24,ok,16,30,0,8422
6c78a6b1ced100fdab17b249808b371b2c2ba49d2bd25843a2e9b51b80379658,58649,172,ok,29,55,0,53528
6c8012acf17efbf551b4c2bd8beb6241d3942dda42b686be669111fefa745ada,9772,47,ok,3,0,0,3031
6c81036b622173c645174af4187ae79a52afe9d0f8982812c1c29fc9d04d2339,4050,21,ok,2,4,0,1021
6c83329a13014736589fbfd2af4ba99c080eab87ffc2cdf5d2df20b1c31e7448,1207,21,ok,1,0,0,857
6c83fa459352917c32ba2877a4f2e9c887ff866ec10b4a68c968d0aefd5dc8b3,15356,37,ok,21,79,2,21750
6c960f14531a26ce8bd1a8aa37721e1f030092dc7f88920d6534a6943df04366,808,20,ok,2,0,0,526
6c993138d89bccee8babf840cf59643bafe6a386aed117fb6aa5686fae352bc4,24644,28,ok,5,41,4,30351
6ca534f4b6fa978460b9259d3c5b3168b92315bfee7cc38d799d8cdb88910701,10688,23,ok,4,11,0,4265
6ccb1974a315d4c0474b69508fbbe762e303d0de202cf5ebd690553fbd6147d1,9646,25,ok,8,4,0,5010
6cdb9a3cdeec01a113c50e311218eeb0991aff8f7b379f556badca2b49b1eb01,13616,27,ok,15,32,0,11345
6ce358737803c08f60e02bb95d1377bf14412e4378d702ed137e6bbf189c6b66,26183,95,ok,21,138,1,29098
6d171978671ae95faabb7ec0df6d4988323e0686a5b81ab7a6ce9b18b33d5a7d,19078,25,ok,15,22,1,13943
6d23246808a15bc813ffe047995ac9dbfbdec06bb87bf8a535d33eda9de86c7e,9052,33,ok,4,34,4,8211
6d54a8f37ce175e07f1c6b124de4d9ccb5950bd3d982339c7597bede75703013,1346,22,ok,2,12,1,1686
6d6567610a6e51124707b379b7dbe14f2a60fb81669321272a203140dc4674ec,10797,30,ok,8,39,0,8180
6d661991960c4462d165c7e799b08e9b89c8cf1ebaac547e3e05d49d1ddbc8fc,575,20,ok,1,0,0,399
6d6e4f3b2465a0ed9def2beb7ed9214ff07755f959d3d5ab7a2558134ed261ac,1571,21,ok,6,0,0,1517
6db83acdd2f4eba41710d01c68a89e0880b495833579dbd95535c0bd4c0a956d,3446,22,ok,5,4,0,1938
6dc8364ea810034cf172fba2dc3899690e85159452868f3d3d2237408285961c,5168,24,ok,9,4,0,6157
6dd088086079c258f62fcb9f1588c94cc7022a32f5d4618d4de9fd7cb8e2b4cd,8142,25,ok,8,5,0,7058
6de1f75c35f16154b542756df8b046ca9c62672c36cfe0d650e92c4b2322b4a8,6379,23,ok,5,7,1,5014
6decce7493373699d72f6aab15556b268b5d1f0b88fa0c47cef7f1dd1eccbbcb,9785,39,ok,5,7,0,3934
6e00a774d7ad80e70d4243049c23be3a8f7159dcb2a1da540140c0fee9fa6fa1,20714,75,ok,26,52,0,9637
6e2d8d51b66b6ec7d136dca948d8fc0c550eb18a7d6b4d10be8e2cad2e93ee67,6243,24,ok,4,2,0,2110
6e370b607e3ce105ae9280aa5d4953c9a08c9ef29e22d59bc6dcc58d719dce63,130278,128,ok,91,287,5,93875
6e3ed4df39ddd1c4992dcb71a5ce7c65a166ef6477b839108384a5124402c171,5093,28,ok,8,12,0,13899
6e43deaca1f03216f82567e65a258af7d647c1336aa2ea3ea1243c3539f298e3,17400,30,ok,8,54,1,9854
6e5b1644c9058f25f77fe28456d57bfabe5aef6165deb9690be67114774bd23b,5007,22,ok,4,1,0,1979
6e6c13d93e197aa380303a42cd120f5ddb080dd36ef2a343ee1dbd04ca52a443,70489,43,ok,9,15,2,10249
6e6f87b920cb63e6115cdcd414b5afc752e3abded1b44b34754e834f4c6a6030,28845,83,ok,28,116,0,28964
6e76708fcdad6303e4a9b45b0cf069caeaa2ab2e83dce0038cae111907888d16,482,21,ok,1,0,0,139
6e7d317f22a482e80ca04b53e28d468330d85d4db953dd29c93c495add0146ab,5854,24,ok,4,5,0,4940
6e91a60695667097fee08491f9a4ddce5c7464fa851acdf5026391eae8f4a3e6,7395,23,ok,3,0,0,3016
6e9661776c66eb01e4ee574abc764068532fc5444c6e4abb92404e90122b5bcf,514,20,ok,0,0,0,443
6e9897a0d084a6b0fb13bc719263ad808718b4417c12b6b314c1536297a46f71,4027,23,ok,5,1,0,2563
6eb010fb5779d83a858e6fc6a42679936c93e1c6aa243425eb32257231d63b8a,37080,69,ok,12,2,0,3927
6eb64c060e8d6b5f7b34bb261e1fcde8fc374c7c0f117eeec3f2eefe6fbe0bba,17682,27,ok,11,0,0,4721
6eb77143bed4d5cca8def5d4fa96997e67d48520285ac7cd79cde97d13d8be3d,5536,23,ok,1,3,0,2447
6ebb55442124c605b87b4386b87e5ca520f3df70e38a54174c03d573a5455839,1243,21,ok,1,0,0,384
6ebcc98aa39d6a40f5e8b61087fbe2c78033278e8def8a6feaa3c966f59d436f,8713,23,ok,10,11,0,3420
6ec7898ed3d34b0e25ec51e2ea430125d6b61f053cc4ff474f6b2b122bd82704,1835,22,ok,3,1,0,1464
6edb49620c7bb90745dac6645f17f2adb6b03ab00359897d8bcb93da58980479,32843,82,ok,30,172,4,41898
6f1f20529172f3956626d13f87ab237a0364ee1f4b1c96615e2f001f4a6c617f,29874,32,ok,32,11,1,12085
6f48fbf0c78fadf29bb530a7b9493ab77e8726c9c20b8c9c3bf59834d1ea34b0,128044,131,ok,48,290,7,124657
6f4c17b3a2b3e0baa9694da40b3c4adc00e1c8a9667f3f07d409a09c9385e992,9256,36,ok,14,29,2,17455
6f63b808b23c1fd867b063108b9be72c3aa847f4f5e3f1fb95be6f3dddb09244,15649,25,ok,7,3,0,14963
6f7a2515350982679b9118868368e78e579c1832cd95a5142fa020c152f75690,14991,30,ok,16,36,1,15010
6f90cb9a0ee81cff03ef4aec7dbbea75eb065e79e6718d9ec27830459531e396,16592,28,ok,10,6,0,9763
6f94bcd729179502f0461b1095162d447377fc098571b793dbbca75dfcf1b462,5488,24,ok,9,7,0,3720
6f9bcebefe68ff5ad6a25c45eae9cf26f0f160887c4dc04887c3c9b31ce5f86a,30824,117,ok,40,187,4,60142
6f9ffff186d9a15c293a08355dd576d9ad3198aa8f0f2c8bbbeaf3e522882c30,10278,26,ok,5,3,0,4513
6fbc2d8b83e0bea2e99aae9f8b3ece23826f85ced036b5205f152fefb895ced2,6381,25,ok,6,0,0,3793
6fc60b2769573c789f99bf217702eeca6dd9c897b90af0e7b63c4a8e181ad5e4,50868,120000,timeout,0,0,0,0
6fd2e807c8b3c046420813b263f6476b35760908bcd656f5ee22c563d86000ba,66575,260,ok,50,169,1,82152
6fdf89c5fe1b4c11c5c1c85dbe3c6e7142946b1d233b7cd173b68c27882f186e,1148,22,ok,1,2,0,1162
6fe2a2db82f1057b73f4de744cc360465abe59567ce67a80a58aa0ccaf215197,13900,31,ok,5,67,5,10405
6ffe4269e914944be872263d34cfde5b48b405673e569cd15407b7e7f25ffad9,56552,1215,ok,48,118,2,49261
6fff095baadc5f6ca597dceea6a5a866ae2b00955f8ad75b66a6f6691beedbbb,5153,26,ok,4,8,0,3276
701026cce8d7f6fed4166eefc934be7dc104ed5a4c6d063064e68d3ef6ea93a2,11818,47,ok,10,27,2,10725
70136467ec2a84c642f6b84447b3b7601117e0e3cbe3e81157b417aee8a0f660,7017,25,ok,6,4,0,2667
7033b8d936f3ba50cf294bb3388afffd18a404201c972e404d14dcf789636123,19242,55,ok,16,17,2,17553
703fc35c4823b3becf7ae010e2951da1e4a259d5ec46dd2b85edc7b0151b71c5,17336,31,ok,9,57,0,8069
70476567ae54585647c305036b2a8e375fff492ad06e38c3687d0cbbed136433,34866,89,ok,14,108,2,26779
705684fd0ec0c9de4a8dd4355c1e658d3fe7bd32904679bd067025fadc3ed0d5,43257,88,ok,16,399,3,80002
7086ee641b3e5ffc0259d95eb560f0c540dbeb13ea05892eb2af6f0236785ebf,14691,29,ok,9,0,0,5144
708cc40d6e46fc5134a76b914220b4694bee8f13e0b8b2cccd7aaadea19b457c,7331,66,ok,13,0,0,9623
70acbc4b72df636f4f61873363f72c93ac62517abecb7a5b906add222796e4a7,3437,24,ok,4,0,0,3636
70fe44694c9fe6b0abc69a6da4858fc2aaba04fa10492a466a1d426d04ca8560,1713,22,ok,2,8,1,1610
7102ed031f18de849214de681177ac79857b99b87a3a310b80034c567afc5077,4660,22,ok,8,3,1,2128
71090c472f89de5be75036a1671bbe64c28068a10319517576865017465038ad,23382,75,ok,16,386,0,32907
711d045cec39bfd1e697ec9170f46213d59703e8fb241333f1eac41c20f22d64,13519,30,ok,16,11,2,13215
711eaa2bfb496b318eaa77215c4868522b55953b6ca8e7c9714baa2ebc92ace5,21170,43,ok,34,104,1,32817
712b076fcbdadbf30dd369e3eb0c70014fe5194b9071eaa72581af9cba791254,6385,22,ok,1,6,0,2156
713a288d91e84897d48a42bfc56aa67874c2b91a18470136bb7064808e660d88,10618,26,ok,11,17,0,7114
713da0a98a791439537a01d3e7e8cd376d1a9e59713b1f5bf4753c5321661474,3365,24,ok,7,18,1,4869
7146c4dc1c65423e25ee2ac12bcfb891553e89c1497889b933434ef6ed4f8898,5192,84,ok,5,1,0,3542
71648e1b8ee1231ea03c096257ed3c6d55478effbfab77b8e587a5139ab84cbe,9783,39,ok,28,57,2,32046
7167c13aee8957d92ef38398c5c087e220bad2b6888992171341cb7c0812b1b5,12093,30,ok,9,0,0,5396
717d58eea5f3c7c81f9d11b47a329fb958472e78fb52d549fd8ae30497eeaa34,7743,27,ok,20,31,0,9657
717ee2cce34c980317646c6631933e508ed93ac43f28878ee41b23a9b48df028,37071,48,ok,27,26,0,16361
7187ca902c58f14fea132ddf77316aa62924b1680d450930b15ea4e33f0a57ba,12729,60,ok,19,12,0,14373
718cdb86a1fc7371720032795f849a28223478e08e5405896aaa63d59ce0eacf,28895,35,ok,14,97,5,17044
7198fa50a8de9116329cb5b4bccd9dd24226f1bb3f7adadb3be8aedfc42cd74e,8049,25,ok,10,0,0,5345
71c274fd6c0855c1a151f7cd0a00c4f37171ea7cc4a560b24d659db4b02383bc,8978,30,ok,14,34,1,8584
71ef41334c1255e5eaa7ce81cba83a654728adb97a8abedec83028e91cb844f0,31349,33,ok,12,4,0,5284
7212a1f98a3a216d327c3dc2928029aabd7591a0454e69abc8a851f231bf60c1,3327,23,ok,7,13,0,4737
721439428f8377a5454b02b4b3899483413f13e45099f1d5b12e93dcc0184e3c,21370,36,ok,29,63,1,26471
723386432efd572798e7d5a74a6d309446047600088870a88be6203ff83ab61a,8841,75,ok,12,2,0,7124
72339ef3ba24b940e9afbab7dc472590385eba622c2f91f8d44efdbfda72fe65,3456,24,ok,5,4,0,1941
723523383575ffad246408a1d5674cbf97356b27fab5357c6e6d2081096b3cb2,11176,27,ok,10,34,3,9586
723a725b9b27848fad9e71b2e3872e222c196f4b7fbfd3d921f8a49fefc44d65,10269,42,ok,5,7,0,4186
72549d761f5216c18bc420251fbbf544031e2443b6f12693d910a02fcfb3b3f1,1065,23,ok,8,0,0,2327
727192d1a0dd42342cd1aa7a2f8832688a578d28a8d486c01b715d7a48a76008,23653,38,ok,25,31,1,19967
7273bcec1841fc67bdb486aac92d76ca8d0f339b4d916b5e1c7a818d5ee9bc41,7258,27,ok,13,0,0,9623
7282f98b5cfde16bd92efc9c4e62fbbced592cf098c2c1270a32a6628a263b5f,18007,51,ok,22,34,0,14239
7285b0f4d1bca4f610007e75948ee935f7971e5846d142d7db8b720ccee1eae3,15342,40,ok,16,15,1,14163
7291c46304b77d1f183efc2f546742e0063fab0e9318f3cb0fa6152762def706,19436,58,ok,19,7,0,15206
729fa446a553d1913044a2c2cb176b69e53a015fdabc732b55c9f9fdab155e96,46338,135,ok,10,5,0,8692
72acff3c98c3670a06bd20c7a6f04b6676e1e12a06dad46d7e588ab55c3765c4,36688,78,ok,73,62,2,45006
72ae9a04124c9cdab25ecd7a58a7b7be28ecd8791dd02fefbaddfd06f521299f,5255,26,ok,5,12,0,3401
72bc9922dfcd0cc4fb825bf7f6e28358a33b8cc743586717b8687923f816670d,9981,28,ok,5,57,0,6773
72bd2987e304a02d6ac9f0aba414a71a99849e2e5eebbee6458e894fa6544488,15868,29,ok,26,22,0,13010
72c72269797606c93903cbe13e5edcb0bff4d028b5b960342b5bd022710a5bf6,1036,22,ok,2,0,0,1190
72c7c2c8d832324060d14e02ec50a942a40e669a39429c351b04b8eab52a38b9,11680,26,ok,4,31,0,7318
72cda851153696161ccdb3ccbfc37e16568cfa83055088bb49b193bf14e6737b,8144,30,ok,16,25,1,10716
72d16dc10294c385f120ae19a49fee0f129aa75033750a3e7f9cfdd32a3c824a,15149,27,ok,3,9,0,4767
72d9b2fdebe2c5e5478f6385dc871db0dbc4b521c4dfba3b3f0d81fec9c59379,1847,27,ok,3,3,0,1642
730cc0b884e5f04525f2d90f484fdd4bb1535f0ffd54fa6540fa7b2aa062c02b,9522,27,ok,2,11,0,3420
734c059cb0afc73f39be84492ba74cca3c7110e0f881c3176e9d273c4137418b,5472,26,ok,6,2,0,2567
7360813fbb625d0a1566053dc9deb8c3bbdfc1272b5e46ac1f129aef0215e0cf,5751,29,ok,9,23,0,7848
73917f2589eee885c63d22e964da34146c6e6df13305c5b4b74569e6a1dd5391,73071,147,ok,136,357,6,97577
73a8013c0bfbd5e759fce70b36fa2e43684607a6a76a9d86688e74237209d059,119854,158,ok,65,608,23,204632
73c6767471158ad80cb5c595b3e91691ff658dbe264a9cf071d543425d842e40,3050,30,ok,7,1,0,4930
73cc8dff0e568ccae02cbcf0c5971be9c9b269dc1c1adf3f6107412b38f114a4,399,24,ok,1,0,0,254
73e376524114583300199a27c5c79bbfc287d878967aa1c73033605ece31ad77,5871,51,ok,4,1,0,3790
73e5ab1f971e5effb5b25989dd986b1ce5b1691f6d0aa3996b803754a7f23826,7284,28,ok,14,5,0,10467
73f273df1e6a124367ff0ac86fc8c3ec1e00289c74aa3575a02d7550d8c446ed,11932,28,ok,3,8,1,5630
742695db871af29ec35c2d85e76dfcfbd40180a705cfb815feb9c29975dc8b03,25938,56,ok,19,119,0,44825
742828e3ea0b6cbaafa0d53baee04c4032e817cd1acfded8c183730981145f08,7698,27,ok,2,17,1,5513
742b08c1f93bc0bf2dfe0476465ae7e8971f5fc72dd591db84b660b2bf444670,11334,25,ok,7,4,0,2345
745191901ff09f1e8a442b5d471583b6a3aa39052b473cd3e088730e879532ed,1695,24,ok,1,10,0,4012
74689c7fd0d43a91de41473a1a95977d67726826f052cd891fc4f7b8451b6caf,9628,30,ok,18,9,0,15973
7469dc27e3eabe2506ff51b49a9e430995270fa2a9d28723d9939a8be124b0ec,22974,30,ok,11,28,0,6543
74af1a031934346260f7265dacb633209dba507c1416f1e37d52405b53478f71,21972,39,ok,20,32,1,12975
74b7964d0690bc2665ad8d5b3486d6b3f718ed47e321fe04274c2b445b81f5d3,13370,29,ok,11,9,1,10904
74d620e8e688974202b2dc3ed095773606f4c71b3e9419ec2c3a3b188043008e,1030,25,ok,1,8,0,1168
74fac76fee6633c80075411e435aa842be8526a3f488054f63aa7d69db1e0cc1,8166,34,ok,8,5,0,7328
750bc79732e2afb29d54b0ba14c388049d276d8bafe1f090bec38f2de9c9ae67,2408,26,ok,4,7,0,2450
753c2154fb97b0068f1f6dbd8bbcc65433acdf79ac3ec6f05ee99dd6ad84394b,359,22,ok,1,0,0,173
755211d95479113cc13cc1ef6d043ac3403bc4a65ad3cbb4f1c6d458e39df509,15560,64,ok,21,37,2,11143
7565d0a585254be47001281baef5bbc5d539ccbe1c813196b3c45995a6c15b74,14407,28,ok,7,29,2,10280
756d8a64cbeb7b1c9b4ac80ca1bbe8b1300835200b748bcadcd85fcbfbae6e41,28023,132,ok,41,291,5,79962
7581085085b5775ea14da8d8d81b9f85b0896f18291f92303aaf86b3da293ee6,3967,26,ok,8,4,1,3636
75848e0e0da7c46f39d333de17b6d06608900d5ad40c75eb4db9abe3406e43f8,78215,93,ok,51,228,2,87933
7599eb7a5ebeea3dc3e37016ac54d38d498d94f54588139359d64058525b210d,6267,25,ok,4,6,0,3028
75a5aa8387bbdb27090bd376b6d288484c54dcb258c27a38daeb2201c6e6ab36,24128,34,ok,12,76,7,13545
75a71102c6f15e38e739ddf27119a62c4f97346d79d5f761a47bdf39e79f64e0,5120,30,ok,10,11,0,17612
75cf3a582b622db2c77d54a3c3e85c9b18c857e37daf2bab76cc81f2931771b0,18173,41,ok,13,7,0,11955
75d17093cbc4224f8688976bbdaf830e53d0f062aa931efd4dde1bc215cc28d2,14136,26,ok,4,13,0,5903
75de44fc7f75f26d9fcc25c5e3fe15822afc94ad0074b6c35998a7b703ad153b,60724,1028,ok,32,99,2,35227
75e5cb71647a3ea3e2cae7ce14afad991c647e0fd938fe09887aaaea4dded2bf,2685,23,ok,7,1,0,3543
75e655ca8b5121a0a5f267b715191f21b805b14094572b6340a076559c1e3f23,3455,23,ok,6,5,0,3147
75fae87d8eb058c51098d5a05c2b4e73e63c44c10930280ab9c53d9539e12701,109231,6206,ok,79,1116,8,222694
760468d232013dde9bbc9b98ce0b29b3dfcb4546e34081dda9d9e0947c1eef67,7998,25,ok,11,1,0,4453
76091ba9a4f21b80612ca1befdd8c9c0886bbb660e713b8df7ea042ca3df8ced,7646,37,ok,14,29,1,14415
76132a548c90760f746437d39ae327501d857ae8809c5b6a43b97ca0823f2069,11468,26,ok,7,6,0,9400
7618c6ec4c856042222d45084e4419874da94fc7cf8ac35058771ac9e78debd7,18270,30,ok,9,3,0,7512
762543cb0ef4e0304cc8ce2d1c79e0e8037452a30e10635d67e1a6fc12fe495c,4473,22,ok,6,1,0,2076
762c4fd476047334aedd24204d9abe9898174ef0c1f1f170827318b02e7f3d10,7406,26,ok,13,2,0,9991
763ea32c344f79bbce87d814f55b3328b831237443084e726caf8b8e4ac2b4a7,9324,28,ok,9,7,0,7290
766122a42bba2000a80405ca1a1d19efeec971ad58e7a50b1293fc06bd6d0f23,4487,24,ok,1,7,2,4135
76878ecb4511b8a700d2f2d388714aa12445db672d0e50d979fe11e2232d1496,7704,24,ok,11,16,0,5748
768b58bdf07754b98642a3643b1a5ecdbedf79db0946683a184264cfac8bf466,33468,31,ok,17,80,0,24815
769c28e4ae8e08cb3e90c8b82420429441f2b4eb19d9cdcffb1c05afdaead46c,9189,28,ok,17,14,0,9031
76ba0b652289305b69e5f212401829a07448e8657710aee5f6ca1efd8dc60fe5,6083,26,ok,6,22,5,6574
76cb15cdae479d33e7ecb80f1f78cf446d4de23827be987cd1dc7ade705bb35b,12174,29,ok,14,3,0,9208
76ce70fe6afbee2fb37c0cb164e79892fe8c437c99e2dc49cab58eeaa3ae75db,44536,46,ok,50,286,2,54032
76d2ba826c1b5a7b6cc0aaebe058cc3ffc373c2171f90d63ebb7481a28f577bd,31951,46,ok,12,21,0,10523
76ec899301b04f2557b80abd925e20926aed906db683ab5852c036d2d039513a,1844,22,ok,9,2,0,1482
76fd3726f153a8fb18301bdececed1af08f4109841389a59f0aab9dc473eeb08,43464,585,ok,43,760,6,99556
7700bd263a84137f1ee307914f36a11101d9062c135429b8b440d2863e5b9a26,11711,27,ok,4,35,0,5323
7725fab80f17f39a1afcf7372c8be2fb842fe63be0af34988edf176b3d3be081,3808,22,ok,6,2,0,2000
773655d8d70e06a29e3e361f9c0de56f654f8ba4e5e6dc5171b5b88251e70bb0,13398,25,ok,34,39,2,10167
77432db78337e52c308a8c85ad96db0dc1e011dc32ce976bd742c007e6df7e23,1889,20,ok,1,0,0,221
7759620455ec23b490994618b75f0cd445d1ce79067b0da790954eb31e2c9340,40061,80,ok,17,101,4,28045
77a724825352014515b4fa468c893850a55caae88a9e0dcaf19bcd43cced1b97,5118,22,ok,4,0,0,2046
77bd198231c6d3eeb4c1390d550e15f09a31c5db51403b10641d4b8a0339844b,5484,25,ok,5,4,0,2728
77bf6fb1eafa6ff1f05dcfc9a39e1ed8f60e4ee1535525bd0aac0b85beee60d9,16092,39,ok,15,32,2,19016
77c1a251e1449bf916975e5d4007a4bb27ac22dc4a7795a996527e4bf358cb8c,7003,24,ok,10,24,1,5633
77ca54faccba9adeb4b3337e3170df463ac01e0948806014bb2e59aa2791d64b,10364,27,ok,6,21,1,7369
77d2b6826c791f07d54d7a89e989e3b1f282206f11c5516c34b4c680829bb374,33752,58,ok,31,83,1,38224
77d958b25ecfd622a04236ffdb7b47905232baaca8f41624c6c83b17a7872e1a,1157,20,ok,1,2,1,1438
77e26e62a0b91dc35e51677d51eb8c94a4ca8637312253689faed81a18f35a33,21948,33,ok,6,4,0,3678
77eddb6147fb374b2b4ec2797e0cd51a60e1d2eee77fb9874b30bfa71bab4c0a,23456,33,ok,27,145,0,28100
7808ac3a6b6dd79bfd51e2319b2c89c3dae2e3a224664832970cb1f24c2ce55b,12436,32,ok,18,17,0,3561
781e2616387a68e4f90f96011f72574862fdbf96edcc8f8661970b921b47ccfe,19646,34,ok,12,88,0,10666
78274b8ae5282a34acdafcca308148ac6a1a0442b1da321c3fe143613b71cd04,31250,42,ok,29,45,0,23858
782da988a06ef049c709e5a1d505b86f3f856616bb9c45b203eb345c0f095253,14930,31,ok,12,22,2,17043
7863108598b13bfd62c378af538806d470940bbb7bd48c8b74079b2878cef9bb,10258,30,ok,8,1,0,2589
786bb0c0834d4eddf64bbbfb07fd19063a3b7db7e0040f47c668eedd0179318f,24438,39,ok,22,40,1,15704
787af105229e019296b875254869f89441f3a9c58fc8909be3bc11c9d7ab8d52,42074,91,ok,64,375,5,117365
78a81a6ec4e6ae29f4aac97ba31769b6f697a25d0fe25fb6e9682ce5c830640a,23640,53,ok,32,98,4,62284
78ad3434f6dadb39c9810592ee3e5f2522e2d8a95ad4a1b5731e6c224f7bd161,550,21,ok,1,0,0,404
78bee632a64720dc8a9c28aa2d34ec2bb4f1d28974888841a133ca1a5db0cf96,6703,25,ok,8,1,0,6048
78cd5a154598a30d5e75314fe292b7f42fd589424cc00da4d192e2cf4c11ea89,2361,21,ok,1,0,0,1429
78da1739ea4dc39d7ab1dc56db383633ea759110c321977f0fbfbecdc9738ec4,3655,23,ok,4,0,0,4007
78ec1729c0671ecbf4dac529bc50f4a19d71b4a396bd8a4aff52b71c979334d8,9014,25,ok,9,14,3,7736
78f67651542409675abac9185874c81ed19441dc5fae3028372c7803a9e5545a,674,21,ok,1,0,0,468
78fb45ca41b18acf4e7de7b142b7338b8ca8571d4862733666c41d980911af29,4918,23,ok,7,13,4,6327
78ffe22bf153fabf14f6be784f43039d50a6a787d733e63b8052b3e8f49ea565,1599,21,ok,2,4,0,1297
7907c6338e67c2f9ceae6f2367cfa1d4d8e0096adb06d35c3da885763d341a77,6341,22,ok,7,11,0,2841
7915019aedb473cf7a2d9de399385c89f006ea28e3189015660c784b8accbf84,20688,26,ok,9,14,0,4518
791dd565aa471f8c36f2318efb8c95b7e1e4be8a7067e612599d540536d42324,10371,24,ok,8,1,0,5251
793d6184a41011c2343c4c0c404f02768e45716318e1cbc3e29148e610196538,357,20,ok,1,0,0,164
7944a96d512f6e51532687811cc0c932505b0c051be9d351f5332739d70f753c,19418,35,ok,23,52,5,15415
7962e9688dac17d8249d28af2e3817b88a8fde5c0c2d7e1624b0af79276a36ee,6775,24,ok,7,15,1,4700
798286f090725b03aefe51f90766c858a2e87f3aeca72d218539d8ec6a3371b3,54579,88,ok,18,15,0,5878
79831b8519c34d0217d66c12f2731a6cf56f64d0f78a6f5ddefc0b8d582dc3f7,7335,23,ok,8,0,0,3027
79844e1cdded979836bb3d1cb643931350ba61f383eb39678bf33bb5f7161df7,846,20,ok,2,0,0,505
79948997fe8f21c040cf46a0af478c3c05b6367a2ccbed7ae98a9209ba5ee925,8134,25,ok,3,7,2,9017
79ddb90c9086aee548ef6f55ff207a380a25e3c43217a047863c16061da5853d,19154,33,ok,21,76,1,24824
79ebca40c46bc2de32537e597e595bae9e0142af16ec26ae5e19310d9f2fc361,7102,25,ok,5,16,0,4970
7a4e2b964aca487b8dcf0cb6c4e4f15468cfd1d121620e57a5773db21de4627b,899,20,ok,1,3,0,1259
7a564cbe1ec0388ad915eb7844eb46580107d25b114e21a9540cab0ac93b7d0d,487,20,ok,1,0,0,258
7a9104c8afb83326048bcce6f232fa10a59124aafd0492a40df40e201e258c55,903,20,ok,1,0,0,761
7ac3713a1df2919fc76d50539bbbadf7fc9758cedb5fe7d322c93dd5d5fb42f2,10371,41,ok,3,4,0,2834
7ae002f14b115d7ebf9a58030eb5dcfe64501cff0cdfb0529f1943d3b519d526,29872,50,ok,45,135,2,37799
7b03eed4c531b5d647d68d236d9078028e28780dc02fbf4daf169d0c18feb51c,8709,24,ok,6,1,0,6475
7b067d9d22b1449d9fb3cf2c031eac7d9e2d286140bc5dbe3088cd6218467056,8835,32,ok,22,100,1,15794
7b1193d7d4a05bf01c4949b73be003094c0d91fec77a4e0b50224c07f8848b80,1607,21,ok,3,0,0,1144
7b201ba42729d379eec64b56dde7fddb678fa6b0c8b04612a9ffe37ada829f95,2701,23,ok,5,23,1,4588
7b34caa1567695579997b9c59bbe64fe38153bfdb772cb4e29446c7a41ce1b0e,1029,20,ok,2,2,0,799
7b7bd05b90e8cb8a337c290b487943786c4b0612485839ef22faa0c7b6992efa,24101,34,ok,28,231,0,29462
7b7d97d3bce03b73bcaadb4b7028c50a39e147199349f095d09e86a5453b9085,7903,24,ok,8,0,1,6812
7bbf4f8fc227467136bfde2ddc63dd0de9527ca79d55a219a3558ce414a7b30c,8402,22,ok,4,1,0,2035
7bed311b8c372d2da6bc60dbaaede1368439d09a1ddec4392edc515dbfb5757b,98943,36488,ok,45,160,2,47528
7c059aa7a204b6200ddba620e3e6737b8d7af8c59f2d26eca7e28a1a625eb071,9228,30,ok,18,5,0,7596
7c0a0a004a82200de1eb8fcfec801e5581695795fd8b8be7332c4e055d78b13c,12959,38,ok,6,70,3,18393
7c16b767fa3f60f6468fde431a738c210892896b10aa32457f4e88245a281537,27675,40,ok,25,12,2,20184
7c19316884790c71e189d0489a430103c14b8d5cec91d5a086137717a3ab1ced,26357,43,ok,29,30,1,13028
7c20b0099c937806de32d30f4013e8e0fe3c229652ca0506536770e8ec899b02,8499,27,ok,5,6,0,3845
7c381b6dc5642229682e698a35ac90e3e23392c0bf386ae0a59dab9500039468,21048,49,ok,20,3,1,11659
7c5cbcea48ebde41d3e750f70987c5f01afe44d5531dca04d5c1a155e0326662,40181,62,ok,17,3,0,7772
7d0a101931e1321c8a9f54b616610b7b301d1930251d611c22b08d0cac8e1a5d,7370,28,ok,11,20,3,9269
7d1d71553f68aad4f3348429563ebccc7c312e04c17c1f2883b8473e68fd43a1,14200,58,ok,10,10,0,5267
7d342470dbf0d32d48c7679da8f424a478c6af58018994cf9138650eca7dfc92,48452,120000,timeout,0,0,0,0
7d41b2b48b58c03c31c580a2f6791aae7ea602a699711e8d2009300bd4815667,3478,28,ok,8,9,2,5917
7d42926593501707afe35150efec336d2a6eb4d879b6c6c10b097cc20b9936a9,3741,23,ok,7,0,0,1996
7d49e01465b67a4d9188f2e2f501f2821c66fe667f4f3002a6e7a646db720f98,19766,66,ok,10,13,2,6235
7d5e1ef91b4c0f2899f0f10cca01469002acc77744e1206a10a415cc268f1664,54268,721,ok,43,543,11,87392
7d705f58e42623fd89136374d9a7aab6aa79bec8ca54d51eaf3090238cb2ebbe,2785,23,ok,2,2,1,1470
7d7bdee3c0f7ab63110a55a801467d97e04b0a360bef41cfc9b555f376bf4dc3,575,22,ok,1,0,0,399
7d7de8c0ae5278c878a861fc9501a6cb8907b02f6ebb471d61064bc0037922b7,1365,23,ok,1,0,0,1357
7d9a6d57c1404392c1a269b21f636b08b21d4a51bbed2c7c2bcf242e4e9c360e,36478,94,ok,35,137,1,48026
7daa93298b1b7e10212502d0e200d10ed7d27633b5ac0746ac07b7315a76a715,1110,23,ok,1,0,0,817
7dae554de6c9ba21ffb9acd9b9ed6661fd6179ff9038a6b29ba6909ae4259802,4486,24,ok,7,10,2,5143
7db27bf89b058b808d5612b71ad5e2dfd17e19dbf97150ef2e2321f4e56acc2f,8892,24,ok,6,7,0,2874
7dbdf52c2f1a3ac305850c78697b1a6930f302d07e29dfac71bce765a13b8be7,54369,84,ok,35,92,12,37358
7dbe2162692a3334bc07fb407ab36613f79e0eb493a7cbd40092042b25dcb30b,54279,50,ok,38,303,0,49509
7dc7a6f9b3a872f027fc1b39d2b1347d15c84a932349fcfcae4cab68d49931a6,42675,42,ok,41,77,9,44532
7e063311a1dbcebca1f1540e465b151b80a24906cc66e7daa8c6f5d9b01af74f,16551,32,ok,12,132,4,14673
7e0d3810437b3a062dccc99d5343ca2fa7125b0356685dafc26d29182866934b,2688,23,ok,6,2,0,2521
7e149fb9d5840941688e6c8131dd9e9c06839a9ac703086df72e2eedf6611f3c,17082,35,ok,5,32,1,4413
7e2328d8924ab9d8084eae52aad40bfce2eb387ad2ba944be18230fdd2c72608,20004,79,ok,34,81,3,30203
7e571e814399d52bde9bb4667d54c801ff8750f518731094139419019da2340e,71101,140,ok,69,325,3,130218
7e5e4a6bf2517b01ab6606462b15efebc4051d14cd43dbdc36b9d1b0c85042a3,35220,47,ok,31,145,4,45099
7e9b4247082227ddbf8567eb080c1d9c2ff181058e27b1effff60f2513b78b2e,61598,1922,ok,44,783,2,147599
7eadc4434ed80d7be699cf8747d268ed552425324d0b78f2bcc3271fa27a8e23,7686,29,ok,3,9,1,3782
7ebff3ba5016f7572e3cb5655deb31c4814a18008780f160091b0eb56cf87157,45177,50,ok,32,32,0,12385
7ee622f3933b24069ffd417d6e5283ddf612697893a38d1e9ded95e196176ef9,2456,24,ok,3,2,0,1482
7eeb82d38958ec23d757ba760dde66a3d7f92cc48f59f316f75c8c2a8e261035,30790,790,ok,41,158,1,53008
7f33cf1ee21f1021ed923bab93b94662c7e1fcdab18f2072d8685ca4aeb3abde,46055,245,ok,23,59,3,21120
7f3fce8d23fe828d46cd6cb64391abe5d95f848e59f3aec1e9b0a41ba9b7e3eb,6219,26,ok,4,2,0,2110
7f487a22b00154beec9fd1669d3e71e5779e290978f8898e29c07ee80f5dc0a8,20341,25,ok,7,6,0,3787
7f59b1e8865ffd1bfb3437707ac5b12d87a3a828827e200e3ac9418809195945,28784,39,ok,33,196,0,32301
7f5bdf807411f96bf665b5b5f49d773167cfa97eedae34bac23b3ae3dcd55c30,3088,25,ok,7,1,0,4719
7f7c3e89d2380f6e8e43eb418657436c491581cf2acbaa9ae4853a21c26bf859,7943,27,ok,13,4,0,11025
7f7f85524e1e170d3c5970b228b513626ce2b7eb59dcfdec855d1683ca3b9332,31223,128,ok,19,71,1,26663
7f820e60e922b3123bbf34a2736668a4d2990da87b4c07f6228676a50506c680,5341,25,ok,3,8,0,4825
7f85d1662b28583654c63f75ba52a91f5759bd56834746e67050059b7cc89b0c,27184,34,ok,23,31,2,20601
7f9a7411fd4125177d5384be4d89d8893eb0b27887e91981d64679bb2ed5cd2b,1617,24,ok,1,10,0,3996
7fae1fa40bc26ff16564fb3f0f142cbaefb219c803cf78fe13621c59f6042471,1596,23,ok,2,1,0,840
7fb80059088d523730858e6ab8b90c5de8066b4bb369672c87d514cc36e695c2,5619,25,ok,5,13,2,4163
7fc16c1803de4182d54f04c07023da722c0065a6039746c72fa0b51b9a2a4e13,16779,114,ok,8,9,1,7132
7fc336bee7129a452374451348d5a666cd1f5c6296620deb5782383996b409d4,16745,38,ok,20,123,1,30754
7fd53bcbca859eb5ed9a08848d445db337bf49e090bcacaa219f8693b3cfa02d,9831,41,ok,5,7,0,3934
7ff7bc8306cb5ea306249905c751beb8b4017e2d66accef571d554485787854a,20998,42,ok,1,2,0,8068
7ff802575fad3648ed19b9f89200396ee8e0b18b1c373524a9c31eb77787bb8f,4686,25,ok,4,2,0,1872
800c5441a63701438301f08125ea0f3c0f0656cbaaa3f6b954f50c09a878a9ac,29952,34,ok,9,69,0,12267
8026a2600dc3e706351b30ac99efe834ef3919471c3630f79fdd18f55980d12e,19401,28,ok,10,10,0,6237
80353b9199a71211139dbef2a8cbb4ec144a1c33051a69dd0a7c67ff7783d526,22511,46,ok,21,35,0,24724
8036a20699fcdc69ac907f6ca69703f91312a3a2da790ae33e85a51ac92b045e,14993,31,ok,8,34,0,14753
8055c4aed0e8e449277f4ad2101a8a25a99be05ef72505b31afd4b1dbf57bab9,63607,71,ok,71,183,1,71106
80baa838de7f753d460e2407ff6f3692bd6d1b529929bb283db1c4ddcdda837f,3856,26,ok,2,11,2,3045
8100be1db26a3d381f5f1f23917b6ea6ec712c9c41f9b962a4ca7e664dc39b64,30013,46,ok,12,40,0,8222
8110634bc9c8d95f0d852f0dd3fea6951a92140fb2b23c41fbced507a5125c9d,54529,88,ok,60,95,1,46016
811068a1be14c83ef55fa0fb6597ddb7dda40bd5141adb2e42d73229a73d98cb,13388,30,ok,12,2,1,10002
818b843262dc8a3f002860714b77babedee6436bd1783c4d2e678b49b4cff044,5203,25,ok,4,13,0,2492
81a63040ecac6ad5c8d8441fe1cbd809184b6e47e4c559bf73d06268b0683c49,5197,23,ok,1,5,0,1325
81b5d6e4ccdd81963fb1c29842e41144c6ca3f80853eae1c6ec24e123a4c9fd1,5693,25,ok,6,16,0,4318
81cd1d5b51ab4678883b0aec3573e89f7c9c9a43d8e4e2507e2813d880853149,6053,24,ok,7,3,0,5962
81ddfb6f28333ef680bc0d9ca29af0c2254a34995836d42fa61695718c50c456,16996,33,ok,9,19,2,19742
81e56c99872069a8cd7d97b9f678db343ecb4ac76c2e95e8da0ab78a2a2b9b29,6553,27,ok,8,21,1,4729
821e5d04c4b4d55cf5cd6f444059d826d23dcb8c6bfaa7de8bc5737881bca8ce,9165,28,ok,15,35,4,6189
8230c71dc89c708353d7d4f5d824f9c6b290388cfb33d436449a1b7dcb731ec4,14832,26,ok,6,20,0,4405
824c1fbe4ec5e3b79df8fc02f1d899ee6d97975f09c89ae4fea1421415f031d9,74882,93,ok,51,221,2,86251
825473d128ce20a794f155777caefd1b5126939492ac7e1527dde15068f45bef,28992,93,ok,43,490,4,100589
825fc7d7bbae72607000a78126464c817c47ff9acf43e7d6faa96334efbc6e4d,7500,40,ok,16,33,1,13523
82740c72af37084a9d080035bb12e417ba349e570ec10e2b70d37d6cfe52117b,2638,23,ok,4,2,0,2287
82804afbab47e265afc2f3a48dd34394b7d7c53526dc11898097f55106b1f208,23004,43,ok,17,91,2,30785
8289dd80ef50f3f756639bd6f45e333a433b4c01ff1e6af1d044e3b6e46aae28,28850,37,ok,12,98,6,13977
82ae7f78b0bc2721bc691d51ea76aedc0695acbda60351edfdd843b0a2f2821c,1874,23,ok,2,3,0,1864
82aebc69ff8398deaf4ce031bb7624af949ade992c4cbe890655735cda0d2cda,22041,41,ok,30,313,0,42527
82eaed0b842b579f9978706d84717236b14d24254480ebe0861f554f5e8b3364,1876,23,ok,1,0,0,805
82fecb49693c94c1390ffbac61850fa94efcc20bc831ea09d326924b0290ffba,29316,143,ok,23,280,3,36627
82fffa61fd1e78e7537b3405a8ef339e9d013a8435162dc92ee9a802793b8d26,7828,25,ok,4,0,0,3496
830f160eb13886e348a5687835313cdc041ee398931ac53259aab7031e585adf,17622,31,ok,23,43,1,17817
834fa4e38447f18908c206f35faa25f132d7a676a14a57689493065c5d4ed5c1,46686,116,ok,22,176,3,53897
83582a6d2952eb3a36240a1888c1becd45fdc3a6010c8b4e6615ec6f72251848,45366,50,ok,32,33,0,12531
837a8eb20736543069b2417b20e4b40d97fb1a6c4a80efbe783f5f6ac46f998b,14777,34,ok,12,14,0,5361
8382ff90b60f888ea2c3080743de58153236d01faf2ef480abb46ae2a5bbbfcc,17133,33,ok,9,4,0,7842
8389313708f2493d76b36049d41bcd3dbc2d2fc8c5816c3ca7c2c92cdf68c480,4053,26,ok,1,11,2,4930
8393a1d52cc40fc3fd37d93da56a3322109159d794ab1d0fbee120dcb3d8cbcc,1721,23,ok,2,4,0,2919
839b53cb00f82b4fee0abdb3938749f6d162f702374d74872dc2a53a1c5571f1,17894,33,ok,13,13,0,16624
839cf362ac0a304c2ceac5166ed118dc0753a2e89541dac2914eb7b6adae6564,4204,25,ok,7,5,0,3234
83bf0a7fbe1502271f2e14d2a5a46c9cde1aa213be97616bd7c6b102b342692f,21709,41,ok,23,26,0,35278
83c15f0ad44edd0fd9710301e718857752ae17bb796223d9f40c6b60781e367e,16126,36,ok,13,120,0,12703
83c27967d766a02436b37e0ad3bb5edf498248c453f6d02616397bb38f6e9ce9,16382,38,ok,27,92,0,22751
83e66d8727055a6de7b1d70d5c267763be3cf0e0be0e25d843b5b88e39b98d4c,2979,24,ok,3,0,0,1588
83feef85dba5a6c1205daa685c66ebebdd6610c0057b1bac46dae8864cd2b113,61349,48,ok,41,97,2,28862
840a71ca2b1873ac5235e7cffa95d4a17681da57d91b0199f749d61aa9134ac2,25588,38,ok,16,85,0,28496
842c28f0f4db756cfbe259553993fd1045c0df32966b4bebff9d94720490e5e0,8431,26,ok,7,6,0,3548
842c5d41cf057b60d32511da67f739348c540175ff1a50a261d87fb1759b7c2e,14115,43,ok,19,82,0,11529
843050da1fca69abae6e0e57a6fab625f8723c8ef0b6650ef2f4e2abc350bff2,33986,44,ok,26,69,2,31186
8438449c4cacbeae6e42987040cb1b5de41cd462bfcea2925dd750dfb54c9979,1098,21,ok,1,0,0,325
8448c356f2c8bf9c2e2b81edd2758a970d9211e090a5c8c84f87ce5388b40e41,41912,36,ok,15,18,0,11158
845414782b49c2ba195940707a54e85c53d7ecd541185afd3bf86e07a4f10694,1220,22,ok,1,0,0,1101
8458d58865622d1500ac28328367761ec825f18209cd98186afdc7a8b0a21075,22353,36,ok,12,6,1,8142
8459f968cb6a950761ba3917dd141a1861f5f478ebf1c50b7aab287ffb939173,21980,36,ok,6,4,0,3678
847af007b07456aafd7a7ceb7080efc0e8460f20446e6a9bae913143db819897,17812,27,ok,17,12,0,9876
848e901e7b141af830c87227c4becb05abbfdaa6f97657dd29e166383cc8894e,31706,37,ok,21,55,0,15021
84a3f14abef991fd0160df013d2970ad2feb395eb0fb628dd0750ec0c959339a,62211,120000,timeout,0,0,0,0
84a88013828d4c4f4e4f5d0fa2f686050d69889384a044eab3ec4b1169f810ea,53399,254,ok,43,68,5,62481
84d535e20d0b22fb6c4b061765e3cddfb3f528194e403b6c29333d507c481bdf,3450,23,ok,7,12,0,3394
84d7f91a09d004a5f2c014a98cc292123d297e6839497ff26ae7df5e93b15746,2340,22,ok,2,1,0,1204
84dabb02bde5fc28805cc1e3f5dc53a5f3277aa2a7387fea38bc8eba2c44ab67,6664,24,ok,10,2,0,5032
84e25f330258e25d67c0e56b1c98cc94a171404c1a0c2046e37b77960cb06832,26542,230,ok,19,231,0,33982
84e7919fefc959120fa8fce7f3415759d7dc01847c582459467fec12992b6cbc,7342,41,ok,17,108,1,14698
84eef80b90e1a53eb3af5e3114c6211ce736765506cda195bf6d753c9957ceea,13475,28,ok,11,18,0,9653
84f92714fce3bc25287d8895455ce94eaa66e98c41a8f69da78a5abb9dd15a9f,3501,25,ok,6,8,0,4524
8518d13075e694930480bea1446518e0c4a2d4cd3681aeff4d825b1c4b5cfc81,12139,32,ok,16,27,0,10188
851982c6d66c529279af7db72585381c8fe450816468591247d74a338fecd1e1,6312,27,ok,18,23,0,10828
852425e2e3681fa24f495c0fd12d1efddbc2f267b52e97769cfdc9e533698229,11083,38,ok,13,40,2,19273
857f3a3c90e99dcf96584919775d44a21a5b13306a374585f8b7c070d7bfc565,931,23,ok,1,11,0,1974
8597229abf161531166aefab43afd654d2659e7c9cc0a75274fec2239817f99a,27652,493,ok,27,44,2,24698
8597e5afd2da9f1c398b0687728fe9590ca5b6bf516fed3ae6da7446d95e7fbe,17985,48,ok,34,169,1,35550
85eb2e1e64500ba189af1a463b173a1d4a0107cd46cf91f105bf7ef1c69b3180,19446,37,ok,17,7,0,10596
860a45a3425a06cf391814aa59370e08ca3a32b16258cae4b4090025a9661644,9274,25,ok,16,0,0,3916
86151ce31c342dd83d8d25e83cf66f3c2b8fd0c9b31d507ef4dc05817a3e982f,8928,27,ok,9,5,1,5664
8641eb97d36d09bb436b0e15019a159eddfe2980fff82b7b572ee204f7c5729e,7197,28,ok,14,0,0,10557
865a1bca96e543fecf25c1e138081db8061da8ac47fe331395b75d204ba97712,7614,28,ok,8,14,3,14399
866bf1033101e0ead39654a0a16900ca2c96e790d5fc43e65977af4fc058397f,5335,23,ok,1,6,0,2349
867d0e4ccbd8adadaa504bc132334fe94a7ce03bdc7e4b2ede4ccf0b1361d0c9,12390,23,ok,3,3,0,2793
86801782458d4ab4887c8f9dfa048133fdf4137a9b55381a75aa356d9f571017,19479,49,ok,11,15,0,8394
8684ae2e788670d572b0c969308773b536c4c90cc909a4f2f1255db06c3e23b2,3452,25,ok,4,2,0,4645
868a26642dddbc9e8d676749b9ed27acfc4dd6b396b57686a84131882b65fb90,17709,31,ok,18,24,1,8132
86a56396b4e9bdce0b0a9c8168906ea053e30f249b2f841ca1e578e6813d7b67,32895,177,ok,25,377,1,34613
86a831fb9ffc5957505e4ec7e6cebf7f42f166545c818616514ef54bab5f230c,11788,37,ok,13,231,1,20483
86b1a067816f905f5f71baeb2dd564254fca37b90968500b926074f45f034328,2349,32,ok,4,5,1,4344
86c1e7cae3b2067bfd6f1b5632c2a750d6daec0df7601ffe99572012ff6ef456,7467,46,ok,9,21,0,6994
86cbeb87755a82a6c256c11f83bbf31aef0a974f3a9af863de81cb7dbd3fb4a6,13047,26,ok,8,5,1,4798
86d7e30d3f387985961424237184520db3a095259fe2b2c7d40d696d2ac04fb3,19778,34,ok,19,11,0,9219
86ef6f7610c643c241cfa7dd76d0b3e4978cc76b83e70a49fa24df6bc3b27072,6854,23,ok,1,3,0,662
86fc7eb21eb92ebaa5857b6a0396bd790b222c82a35b7297cc17df61a6b082a8,34448,655,ok,24,101,4,30819
870de1c00c6617b1110f387e299a869ed6a8e8399c5c0a4c20bc3e4ff6816ae0,59983,52,ok,52,477,1,66808
870fcd7bef9891cda852b512e8654b33dafcf6708f0461d70dc329fab12764d9,12949,44,ok,11,164,0,29081
870fd9304761816a8659f3b64fb7b66108e9ed292eb09972bea2075eb4231317,8092,44,ok,12,0,0,4849
87192b3944d3ab94d3b27b85474ff451a6638474c91940933f1882aa08d1adf8,27298,59,ok,39,333,6,55723
87226639ea86545d54eaa2c81bf0658647434151ef2688179d76654307549f9d,29485,596,ok,7,56,2,10570
877a670a9cc15d112d0429350d00416ba9cb8bbcc6fda8092cd4bb04874f000b,7689,25,ok,2,17,1,5513
87939fe1a1f53f93485f789a269d6805ed2f5f538192bc12bf140c05b434815a,24982,68,ok,49,138,1,32257
87a01f87d2ff8efdad102ce3e43ef70c2edf076a9bc55925f066231bda909429,2582,25,ok,2,6,2,5167
87a6759bae88085fed845aa65fcd3a2635eb332abd448349e97bbdcf8694137a,33929,57,ok,24,153,2,37897
87c0a7386ce794a340215af660401f53d8590a50c246f15179b1ac34632afe7c,27165,74,ok,32,180,1,50711
8802df0b43b7ee2832de9a67da87eab68911f0a056f9608eaa5a81776bfaa686,9019,86,ok,10,21,1,10568
88163547f8ad94154aa5418a14afb5980389c67090add8b342798a5d8d8e2e41,1018,24,ok,2,0,0,551
88465b2f76c802fd7ebba9ac9b104886da225555577323c4cc66b7ae6bef6a76,6793,22,ok,2,2,0,1341
884fe1aead4a417319964e630604fc4f747e11e3c95030ffd5e61fb577b3ca7b,765,22,ok,1,5,0,945
88509c72c0a82812b8f110b04bcd2dd3f734a43aa4b8bb18a28160ca9b9e4203,8378,26,ok,13,22,3,6021
887b08be75d275a9760e796f6e96bc297223d7a8018cedc70e0f46d9086ebae8,28486,450,ok,10,295,1,35112
888b330e4df6bc388de71b0b0a9889d605c74fb7533ac5d1bf2c32d3649cb985,21806,28,ok,6,15,1,14325
889f5abaccf36ac0a75df9e9da0b9906eaf1bc2d9449f2c8e1500dcb435e6050,35059,78,ok,56,211,6,64201
88a43cd89d2c0a494ff92c7f236faa3f6e0a6e88032f5dd5b30e428f254f68e1,36094,44,ok,47,41,0,24905
88b454022409e5e7b92edf994c4a9d65dd39d5dd5e9e35f197982bdfdb0fd72c,5371,25,ok,13,19,2,10729
88d675ed7c4809a18febfa527d740cac109c2b8c0968f569dad787094f992f4e,22575,30,ok,18,26,0,18955
88dc8a0c73bc7523030f31706a5d2019d24139b1cad5cf45b32f3436a995fbb7,31512,72,ok,47,425,8,76032
88f4e94243ff87627125e8f65853b581d82851346bdbbc72f53271776806ec55,31693,96,ok,23,233,7,46926
88ff0ceceb997692bda00181ef05a001a7921e8c8df97871c490b221290bc79f,28644,42,ok,31,108,0,32504
890cd68e74e2ffc079c637a9191e8951a1d79d616244fccdcc0be1139348cfd8,28425,58,ok,24,180,2,21024
89100df40ca3177d10f56daf2ba827a0c021c936421914deccc9becf72d7436f,9279,45,ok,15,36,2,13215
894971627dd1e537f12efa9965ff196cdd080c013bf9cc4b66f90198d14162c4,7820,28,ok,4,11,1,11269
89a049787cc9cfa4537c5cf1413574e0690668b0522751181dd32194288a967b,22161,37,ok,29,16,1,18361
89a79f3a1ccfb5ae89dfa32d7c47050170e0ebd8d8cc568acb709965fba9c259,50455,113,ok,35,91,1,35646
89bb628dba0b34a05f82354e91f30af99d1802a4fafcc1d54c72b86426fc044b,1784,22,ok,2,3,1,1945
89c9082fe05243d714fd517c883118a11ce3f91d084c139405605db4c9e0dfb4,6353,26,ok,18,23,0,11533
89fe74a7bbc2c80e64092453e51c4b5244b57b9af7ce9d63464a2cd88fa59f9c,10183,26,ok,14,37,1,9978
8a2b3fd944612968801d015af20b843db0552affc8e79ef2775f7f21fd7f34cf,59531,47,ok,49,417,0,58150
8a2ca096cee2fffbf7086a60e82bbf28a9a1c7d20bbaea59151053a32ca61cdf,19750,31,ok,16,9,0,7542
8a357d2acec8ca52e4f80318ba774e49a13cdbea4af74f10ee69f64a29cf21e7,13618,29,ok,6,47,0,8050
8a3d3044c254070cbd3e5e21a0c207184a86b6c96c0457d1b0f124aa204bbfc9,28449,72,ok,36,125,2,44651
8a3e5e79babfced57f58b4100267590f7552cd82731cfda653a25794360b704f,11408,31,ok,18,13,0,11770
8a87707d8c197418dfccf6de25f33b389a10589cfc6230b99db29569d41e1e5f,18836,30,ok,10,66,3,12379
8aa6278bc42ef5b60260a500c5c243a1309f2de7ce9a2c31131a771a0317815b,38327,33,ok,21,41,0,10450
8abc28913035c07411ed5d134e6bfeab4723d97ddd4d1a22a0605d35c94d1a36,29046,183,ok,30,37,0,30918
8abd7dd8940db511c1c0155c02ac3067c47c864ed614002a731d04c7137daa34,11433,26,ok,5,6,2,6923
8ad47bbb67e95408cc289b5ba8032dc5f3d919b545e9b24324e7a018726a7747,6513,24,ok,8,2,0,3701
8ad7472a0d3980aee12718a7e4e09dee9ad4657b4346e112057b57a4739b3fde,36387,159,ok,47,86,1,31118
8add2e6274f7954ba41844add612e166edf8a616e7808138f94124d522384da5,23100,31,ok,1,24,0,6075
8adf130f5620369c5b17e967c58a412346dd039bc461a524a7da383144a40881,51689,75,ok,26,15,0,8312
8ae1550db6f33311e473c1e853d192dd72623cc02c993608a86382469473fa91,9865,25,ok,10,3,0,4596
8b099cf3ebc9daf0826780ef9c22d28036dd636dabbacbcfaf9df86767e34703,14295,34,ok,13,23,2,11674
8b0bf09c784042c7ba0975e4e58f8037a78f0ffeccf9bcaf903476e9496f6bfb,78174,118,ok,61,545,2,76329
8b0e0ae428e4dd36aabe9a8476c1e4962ff1d2c4e8afbcd66ef2223177e3f515,8288,28,ok,20,18,0,11112
8b140f768d2999fb66dbabcd5344a877cfab016eae9736a05061d243a09fde09,4834,24,ok,8,10,2,5262
8b142cca5d752f7d936ad0c57af472dbe281edd9a63bf69717f5274b0590ba0c,1133,22,ok,4,0,0,710
8b15c2c719afa492ab75ab3d267e9b4ebdf95052ba6329d4e7370833a9019a2f,3140,24,ok,6,5,1,3485
8b310c3a822d4157e327d8805597a53d6919a7c6a18481bded2daf65ff16cce3,31398,50,ok,22,7,0,16712
8b31ad8d075f5b300a062d79fb010dfea11a7138f756ecf994499808618e334e,7895,25,ok,9,9,0,4756
8b352851764d09261e4ee99935f2f9e3175b8256849be9e6c7372f1b262518d9,811,23,ok,2,0,0,525
8b57c490c5eef1f5e2aabc37ba5a452da1f132cc00f9be8b093475a95302fa35,19521,29,ok,18,19,0,5134
8b5c65bfd615fa6643ad0c072042e1d1f1cbd7557c89070ac04d7f45e2c1eddd,1139,21,ok,1,0,0,382
8b6b5fb297091300fa303a22475bef0de2611fde33ad73765d61212115d2d96e,3796,24,ok,3,0,0,7952
8b7b2120f8d6abeb99683ae12dbe38ccd43cd60b8094806ee550e62ed7309e35,19931,105,ok,26,149,0,42571
8b9159baf55d4e9b9768aeed5bf925eba43a221f20d52857abf1e35a38f03a7c,24924,37,ok,30,263,0,32595
8b9263f8205eaad2c36dae6e40bd86bc780212532949ba452cdfa08f02b4f357,5251,24,ok,3,10,3,3973
8bc7894d8a4e46b085d0579e233e3c436bb34e18f9a2a83d4bde8526cde18cb6,2898,25,ok,3,17,0,5036
8bd40dbf0a684d2ffa4c80b7021c652f38e4648c4bb7ea8d5257461a499a992d,10166,29,ok,6,21,1,7165
8bde0ad41dcced57f6aee10f4d8c6490bf4c5e900cdccf3f5b091122f9c35211,13459,53,ok,7,71,3,17061
8c11fd2f6deb730c96881535381ea6e46f5da7e5357fbedac25738096497b681,24183,39,ok,17,210,0,25867
8c248cdf5a6363e6c45d1adf8c337d4b55b91916a55253c99a3124cf6cb2058d,10190,30,ok,10,9,0,6560
8c272b219563b036d2e310c5b6960e377cae2c7eba10e0781659d0e85eb7c785,110969,1490,ok,49,833,6,181708
8c51e655921047d90375c2f822a53991fe04ee577e6aa648074f6a5bf1ab9eb9,20306,117,ok,21,162,2,27772
8c55c430ea3f2bdec5192d0d3b1f5f23571e4a7e1e10f7abfee3eb65129a2911,11205,24,ok,6,4,0,3398
8c63faee3539b6c27b087fe1f209c3ffb25cc1e71a43646118ecf0721ba2ac1e,19320,31,ok,13,13,0,17316
8c76ffd3505326bbb4f2d60cd6807d5b1fd8730c147b999ee93b4eee352893ff,2599,24,ok,4,13,2,4324
8c7eac15e56fe39b0bbb36c379764471819275c289b30ee4fddb106d33a660ec,20687,48,ok,26,83,2,32333
8cbb77f6549092faf1434da34d4d6ba62c02554c90273f06c5f3e417c8178f31,2174,23,ok,2,6,0,3297
8cbfa7279f4c7e7e60f3546606effbb529666dccecfb30ca3f685aaf2ae5075c,17398,30,ok,5,26,4,14075
8cced6471a6f5db317d9d1e94cc8ddc43e2d6324b118c70c1555c7d990ae5499,30305,45,ok,12,37,0,12701
8cf43882ff2e6757bef1900973ab26efb1b42b832a640a320a9b881fa501cf76,16116,35,ok,12,13,2,8330
8cfe3b7ab83b932a43f521ca6228185abe8a873d07851eae1385580db53ee802,9405,34,ok,4,34,4,7456
8d26318b3c2baed9d4569c099177b16f5a7ef629d52dbb9ddc027125d5eb2e45,27756,42,ok,31,34,2,22732
8d2c92ccd9aee042994822dc43d2f42157bbff09f04e1c4fb11613c4f6e6e2b9,8352,28,ok,1,31,7,8360
8d4ef1767f86a9892980d2107d329cb238aeae84dfa32897e019a5e5cf5ec62c,1252,21,ok,1,2,0,1025
8d4fe65215b3a452ef35e0df68671a312052fa462a1cc316ef578fc5a28d3c34,7285,27,ok,2,0,0,1364
8d557b6258d61e7ca37be7d63a919e917dd495e3af96d9bc973e50533fd12986,13489,29,ok,12,8,0,12023
8d76beabb52e0fd793f99c2620333f23b67ae3502b85eebb5b3b6de09a6a56ba,1211,23,ok,1,0,0,974
8d7837d596cbe2f2bb2424e1dac877b77247ceb0acb45aba0034e1e407cd1875,35546,36,ok,10,23,1,41868
8d822aacfc076e53711c664bfd31cd8ace5d5d8645555cdddd3cc66de35dc29c,6242,26,ok,6,18,0,3770
8d88bcb8145d879de40a50adc240f8f6dfc655f742ae02b86b5c2f204fa5af8d,7180,26,ok,14,0,0,10558
8d954489999199e21e677281cc03bc7882764d6c208fb60cdd552e823c224018,19597,88,ok,10,144,4,23572
8d9dda8f5114883f5067347954227992c91806293fc33b915b78813d478f87c7,582,22,ok,1,0,0,425
8de494f9dbef2103a52538f664d03521802959efbdb91fc30769c81cebf65c0d,38861,29,ok,3,5,1,33098
8dfbc6ba300cde6ebe747cf985cf9221bf3594981595b9c26bbd108ff19a5598,27501,141,ok,16,73,3,22303
8e06ddce5078661808355f630d47b65772dc2fda4ac1af3c901aa41c9291ba04,60607,268,ok,81,318,2,105415
8e0d3c6ace7b80c80d945eaca495ff2cea7de12e9cf736dcf1fb9aaee07b4dd2,3695,26,ok,11,6,1,6701
8e1fe72e1b0acff83779456f492663d4cb8cc6e63526ecd0818cee3ebacfd27c,14817,52,ok,6,1,2,5524
8e2d69057bcd0087794cbd5ba37e3cc9c97226c6bf1198f9c29d6ade8f008f35,8980,31,ok,15,33,0,11749
8e37b9149063338d2606522e375aa7bdc133bc7cf17e6aedc10305a270cda304,26384,55,ok,13,132,4,22715
8e4011779b2b1510e124867fe1c1fadf01cf3ddc7263a41579617444fe3c8ab0,19908,22,ok,1,8,0,1127
8e78074c5db33a5d5392f3db4e5ae349060039fb14aaec349ea88ee8d9031eef,18660,38,ok,9,75,0,9449
8e848cdfa6478646ed032db3a66c93cc2ba29dc804b870adf9d6ba4dd89f4d2d,116750,616,ok,87,42,0,44259
8e89b10f6ce850028a6d390cbb229f0d0f20ef5a647daf3fc3c3f9b875a60deb,9218,29,ok,17,13,0,8973
8e9b6760c249d5a67c3e6c4ff7cedcd5dfd7f5049f1c5956a52480fbf7bf447f,29573,31,ok,9,1,1,7423
8eac62d83a23008dda6ac6fe4b8ec9700fd2057daea0c304fafafeba49159e35,12370,29,ok,22,31,2,13612
8eb67a3b0c2c7556c569661c94eedb03dab12bebf0e0a1ee5c34dffb6b5cd957,1358,22,ok,1,1,0,587
8ecd1857496df2c15aaab4d18d2d7689542a62814245e9b2c613c609b86bd11c,19169,37,ok,23,57,4,15164
8ecdddf5f29c224fd217b771140b9a1595831f2f924e0b26106b2e72283bcdf4,23903,27,ok,5,5,1,17447
8efd5b82f10f0ba88d2983821d56587837479e7e1a6b47bd79dec7b133781fd6,29260,182,ok,13,292,1,26369
8effa76c77750c50405d71bf5836e7d0571af98a03051cd39d90417c471449c3,875,22,ok,3,0,0,830
8f1a1bd11cb8db0ffee8e7ce3f3c354c3b6f002f14e8e94d92c01848264163c4,9324,52,ok,17,98,0,37968
8f2090ebb822e22ea389231770c51e7c85dac16c0f63d9620b7f8f48484bb0b6,16249,35,ok,12,0,0,8274
8f256161e27d373b8a703c11456308709cd97181f4599e5f49c2b009d5435110,21248,33,ok,8,20,1,15986
8f2d88a2162960d63407c86b8121e445bdc44b8d753a82640996a0f92a835a5b,6793,24,ok,9,10,0,4174
8f3c7eb40c99c23e1f2b9f1d6052b14ab7ca4e982f424716765cc81676f6de77,2891,23,ok,3,2,1,2195
8f42a35df1173387ba2c5ffe34384b3e4517ce4ec11df13db67d5f2211267cf9,35404,32,ok,17,75,0,23460
8f70252d8f78ead227b2406de527384ceaf8a93a62e9ad5fd10aa7ce776e1992,26765,39,ok,29,56,1,15317
8f79e8d49e1513486501c6265ee93f2c177e8f450e2039444646ea6e08ce5de4,13592,25,ok,3,13,0,5530
8fc25276d04bc9deac8812fa0961a1aa7ef24e97c24ff4b5f5263cf0bdab1ac9,15960,36,ok,20,81,2,18025
8fc3a0a8d9438c8bcfc030dae0e5b12e5aeb3d6d656f79d1364e9082246ea777,22390,63,ok,19,51,1,24526
8fcbe728309356fdf3947bbea206fe1f4af93fa8be913c83f61765f30186903a,13167,31,ok,15,42,4,8595
8fe5fd2c83d89ca070746d8ff55d749196909452cf442dcd46630dc0fcae2537,16975,34,ok,16,35,1,9381
8fe8af0476ec2f270bb65bb88b4cebdaa336904a7fff93b3d1551958d742baa0,35729,71,ok,19,93,0,27600
900c33b69cbe34748df4443f7681775a02b30599e3bab9c7c9f8b3225a3b1f1b,7472,27,ok,13,2,0,10011
903bf59c7c6a9733543282e98136806dd4f5a9c775132ff5a42e9fcb4ddb6f2a,19512,30,ok,23,37,0,21156
9060beb772d261efed6d633eb778fdc13314ee1140c4d376dc6025580aa7163f,1114,22,ok,1,0,0,231
9066c0e23c42313df53e7d438d4c1972f1478ef9646c45281c87471b037a3c21,2045,23,ok,4,7,0,2307
90697c8a5551539b87a74c0cd928d1574d2cc224e32c5c227a970959d76b6bb5,11016,28,ok,17,20,0,12534
9081fb67960cc9ce9db59246d5f9b7c35c4af9fefaae36ca232d98b51c2d6c0c,86757,62,ok,93,46,0,56321
90aba0ff9287fb0c856b398325976c1350aa72570e5fee8597e566f68b7f832e,11266,27,ok,15,13,0,9731
90ce6eb603a4a26ff6193ca3cb5570dc905d216e7015e0a486d5104a6973b1e8,34059,38,ok,18,30,2,16763
90d239cc651327d97ec064bd3d5d8587990facaea9e9de633be1f3de424034fd,19605,43,ok,21,37,1,25926
90d65279b7c21648875949c4885bd5c588ca547e343027f130b3d0ee34640336,27666,83,ok,37,371,4,82100
90dc5acb211660ff285e6d5eb833cb17541b279a01c4718d209219781eccb13d,12016,30,ok,10,30,1,15136
90ea0c2e20538e273c738019a38d9f250f430b10382a5708a17ba325128ef668,14034,52,ok,7,25,0,12085
90f9b22631a09ec921847b3cfdf68a0734e4c7b9e7c1730f53bdf74515723220,12769,36,ok,10,109,0,14409
9102087ef2560d517f364113cedc5fd324a3369dfb6bc5828c2e4f6c5d002f77,20948,56,ok,19,392,2,35466
9119ecd2904c8860df690c3b4ce28120a12ffe32d65a4934b0bff6420a9aaadb,3987,24,ok,5,4,0,1990
911e8f598b4240f3ae1b957f94bc187cc79229f32c50f506173f1f58527fe7d1,12966,34,ok,6,73,3,18695
9142dcb2bf6912b2ecdac80bbdf96ad63e1b451f43189ba83ec1bb3f2af22c6b,7755,29,ok,11,44,3,13806
915e4b10825dbd7f7c8762c1c0964893da0fb56fa3ac901bc974aa0a094cb59f,27769,35,ok,21,1,1,16468
91949be675750faf37b6825409514a055ee18722e5f6d2d8614defe2eb6196d2,5025,24,ok,4,0,1,4048
91a2cd56ba1a75d78eeb8ddc5d1841c5d439b7726a140bc84c850f73396298a9,55726,56,ok,17,186,5,49512
91acbf2ee24b5ac4d51c7f470e9c0560799003f55699c464e2a7d364c4d4bef3,11551,26,ok,17,16,0,8061
91f315db02a9be02b13147622aad92beefc61771e72f8aa4f0904ec2c1e10427,44283,79,ok,28,358,1,115936
9206e3d29bf8b8a095d7ac1216b3624ed1bc4e74de8ad5c3f179672200c485df,122809,4596,ok,84,756,10,138084
92142bb4577cf321f87081e168a082b0e5a83ba9e4cb5a552fb3dbbcc1b0d981,5392,23,ok,2,3,1,4312
9285a8b559948d2edcf39f470860718198799bd6cbf15d72ec3f63206e2e9c5b,5159,24,ok,12,17,0,6120
929983b14e13b20c63e028a760e22dc71dfe22166469a96765e18a8964b68434,2761,22,ok,2,5,1,1519
92999c37c1323f501373e3efdbe9fd886564e00c2ac67f4318708e450ad11c0b,18965,196,ok,4,7,2,3929
92a3e902b97bb2fc4ff1414922c1a2b99b8ae2ff9883e04df6ad76cbb96b49b4,46924,295,ok,13,19,0,5922
92aa492a1caaf67dc9e1ab3bba19ca75581b19e0cbe1bb4a8e871b9541090c7a,110619,116,ok,75,183,5,70923
92d3f7fa9646624463d3d4d1667b0385d4b91f3e172024ce1d6c803f4aab83a1,32699,77,ok,55,200,6,61410
92dfdf80966472fb3c7d4521f539ce581ac19a3a9db19fd89dd57d090c012b0d,576,21,ok,1,0,0,231
93069f45c1f6924093328a76c1285bf70b1b1910be869643f0f85aedd8617931,35093,137,ok,9,98,6,30250
930fd583290d0bceea3c89adc7111278288ae9cf6c2b320295563a17ce206f08,62955,367,ok,10,457,2,35593
931f5d79888f6328e0b7c64038d7d2a5dcc00e6a3decbc31cdbdbf978adbee99,24610,34,ok,12,93,3,17550
932df6b6bba88998d97d836c23fb841378292c3b1954a8dde65a7dc549ed124d,3825,21,ok,1,1,0,1332
934446538de20ef562c314fc4acd058d8d612cde792798f09035486203f27167,13473,26,ok,11,6,0,12162
93611cfdd7e85af611791b410bc99420bcafe21144a1a885dbb74f6a843873d8,905,21,ok,2,0,0,878
93684bf8c8ead19b7c1505f739c43a27a1a321affe7c1b6f993878ed51545bc7,5870,24,ok,4,0,0,3823
9379b6c19a284c0b16b9907791d922e3b4e915e2cec909401c1503974f2e511c,680,22,ok,1,1,1,438
939b5e6da8c39c0d993825488eb97c0efa793dd0a8bf690853bcf65da0dee2b2,19678,29,ok,1,41,0,16190
93b69eaeee665ecc00f608fdf3492c592b551c4d0f61e7ae14ca3be34b22754f,16861,29,ok,15,2,1,7751
93c5e22d071a330e789bc6a62409a87a0c05966273977e22fcabfc57e834f548,6189,27,ok,13,15,0,8414
93d19b323410d6cb4373e869a7c0f7711c39d3103fb82c4d65649735b3129607,7156,24,ok,15,0,0,4973
93f5d2b314e4d56a5b8b900ebf3af5b640315008d6a7293004018d167f535542,45169,48,ok,32,32,0,12385
940b06c99abdd9a632eec17e04df39564b13bd682ad110743152225cb510324b,36515,103,ok,13,5,0,5755
9410ac84392abff5c805df7636e4988a8f40b4f2e403f8f97a7116d3ff0c70f6,78174,116,ok,61,545,2,76329
94131a01d894797658615651bb7bf5a3fac4cc6032411b219bafaaafd77754fe,30180,44,ok,9,70,0,9264
941f5d7bff61357b7c9e911a2823f454ed61e7837a609bd9c30665bf4fb26dd2,1077,22,ok,1,0,0,259
943a7d74c7f3e65c0ff6a61b1b57600ed6957345518169736510d8aed5599a09,7307,25,ok,11,13,1,7960
9458648be66b2dfe402f35eb4e0ff03a1d98b4683d93c69669afa97c6dc9de7b,9471,26,ok,11,32,7,9404
945d4225e694344ba456f58e49346ed2d977d8634d8ea779bb01cfeb99974348,7197,26,ok,14,0,0,2264
949649b515a171f0ed2a7b3d32f02e52c76868991aaa5c31260f5965b2543eed,3755,22,ok,4,0,0,2275
9496fd443188512b6a58fb939c981ae27b0536538dfe436160a6e3df3ada1206,8807,24,ok,11,11,0,7263
94b3c032a5701c727281c82ede3ec446c7b452bf0387a47daa2606fbcd68f361,33441,47,ok,31,131,4,39599
94cf99e36cbf4c7557bf6dd18732b749b5675b902556c4f40919a4c7d435893e,23036,47,ok,15,111,1,22185
94d328b8fb8b31a74c6d316e157b9d427e4f46def0faeffbf426b392fc6020ac,50421,102,ok,26,62,2,43162
94da343b4e485efc91b86dff1a5eaf8cbb2081ae7875fef4702b65435ab8ebcb,71834,689,ok,67,214,1,396558
94dea2310f1376648ede0c632f78b6cdc97a76023dc21ebc1975a21c8a44ece7,20138,150,ok,13,112,1,10795
94e680699c16a4bf9f09d9077b7269c282e4162d5f331bb4173bd2095e18ab94,13130,30,ok,23,57,0,18263
94fc6902b249e16138b8319beddf124857a90fd614a1389abb3ba3d1e5fcf1f6,580,21,ok,1,0,0,254
9511a013acf36d1b3ca26f8628b2fe2c258e70719ac284b46d8f28782861e3b8,17668,46,ok,17,54,1,7812
95193c1d1efc4d6fe58c92b66638e86565fcbb6a3528e1db0bf91ea1cd583f1b,77986,113,ok,61,546,2,76373
953079207c92828263dce445673bd2e41987cc0ed7acde0304b1a2d0f3c2a702,8775,25,ok,6,8,0,3085
9535c94da0062c3a88fa39ebca4f877d9c663a6b5dd800354fdb9c97ccd83152,5641,24,ok,8,14,1,5075
953e50e529f18ae10d5757fd8a8b8266cc58422416e3a763428388d4abf8aca1,381,21,ok,1,0,0,219
954d439cc609a207e46d79fa170b7bc24755d9a830807987d2a0bdfaef1f92fc,110837,1469,ok,48,832,6,181521
9564ef09169e5d803ba201deb2f2f9d797b769c36a35e7738f8e3018dd39bd4e,20374,34,ok,17,49,0,22484
956aa4ea680c004ce1efb97dd5d147d6d2eada11e11d5bfef6bbf1cf9facff9d,5583,24,ok,5,1,0,5997
9571e58b3ba2ca75b8ef3c6d29770868a315ad851ea21c635d6507808f6b3152,1282,22,ok,2,1,0,1044
95881022372cfa5f160a09a77214622c39c1d7d0a8060b52255747b355d5d305,5353,24,ok,9,20,3,8601
958b7c4fea1f8d23c0fe44cec9c88cee7d1d08933e71e560789f51690ecaff79,11347,26,ok,17,17,0,6617
95a8e0018530226701ef8d31c7d4c2fe20ed9d7c303a14a70c3d96848ca4fa54,82830,467,ok,44,1617,10,182067
95e43b26f26086f01e16d1d367797fd9ca46d0853e29daf650feb64134dcd531,722,22,ok,1,0,0,562
95fdf9f25f514cc679f65a67f008597b964cd1f8f74c56d288413d531b2244c8,3938,23,ok,8,5,1,4130
96069191898f8412bc97880e68a7bca8a54916e8c71e7161a1d2e8fef3c1ceda,17600,32,ok,39,51,1,17319
9620f3f9a3315b8b144bd3b50733a40013742fd86e9c63162874b6eb047daff0,53865,36,ok,13,1,0,40266
96268a9b77af16bbd1685b4fb9706343c0ffb08dfbeaeb2dcc0cf7673f77e733,7012,23,ok,4,2,1,4763
964304d25eaaccd199d9b2946916b744e8fa2366080e72e135f8ae8fd06529e9,11371,27,ok,6,11,0,10390
964d30c5347fc975dad81d84634b22bb578b9d0e733f13a91b44ecd459001342,45124,47,ok,32,33,0,12530
96696fdad6be7b80ca081ff2d88599f5456ee8724bbf151bd553ce4fa0a2dfa6,33524,285,ok,38,695,5,97560
9677074ae7fce0e8c41747377da02ebf4e1cf06902c60c4fe64ea0ee6aab4545,30152,30,ok,9,69,0,12301
968eb0db459a2b610a32079b0b5c66b9fc768747474b704c0a8bf339cee79334,22204,41,ok,9,95,1,17995
9698e2a22ac5d5a7e688344dfcb350cacfce088b7e906748ba1e3d731523961e,59984,519,ok,32,23,0,11029
96ae13fb9f00b73ff08e276622392fac05525bfadaafae55a11aabcb06160957,54279,52,ok,38,303,0,49509
96b5d72f52cf749ea77671f22e2543b8e5d4b850cd39d61a4f1b831eb14eb848,53422,201,ok,48,349,2,114408
96b88cd87dacf077cd145a00bc2dcef8472bce0f3cc937f6644adb3865471b23,5323,24,ok,6,1,0,4732
96c3b90dc2c8a9addb183eaf49c6c8e2d5e4be89458c6814b44c3f6181d879e9,4518,24,ok,5,12,0,3259
96c6ed7ad0050595110dffa9b6ac46f67efcc3a59ed7de2ceea58bfed83c6cc6,97089,536,ok,25,29,0,13869
96d51751f924c938a081deb740056dc1c5cc60c6e645672062531f82957ed2fe,22849,44,ok,15,45,2,15740
96feada3dbda254c77975fb1492a2a0c9bf2d0326129f1c10a8cc7d232fcec9e,1501,22,ok,4,23,0,3751
97051d001eee51e19a52aeab31a99d91ef0822366285eb0272ffe8d3ae67f618,747,20,ok,1,2,0,339
974e52e68fc84454ae16f58639d55ecfd3e17ed2071b788227acc926021cdeb1,3255,22,ok,1,2,0,602
976ed5e0c6e995ebf48dcee62d38fdd8022269596c411b7c842099630f619019,34528,38,ok,34,16,2,23562
97766f5c19228e6992560afca593b844ae671870254676727b5373ea5f28a363,21968,58,ok,21,250,4,26137
977da7a1608550f7f71fc5b8739570070d16cd307dac68d54b313125cc834656,12451,24,ok,9,0,0,5285
97c4042c0e38c6850ed42f93615e1b74cff089814a5376385819a6d67eaa08d8,5661,23,ok,6,2,0,2829
97c97c24f5f1158567a130466be4a9a81607e4fa4230d94e1b22c3af108e7c9a,16257,25,ok,21,1,0,10133
97cfe76e69c0f45159e8229a7f2e0d1c289cfefee05a01df92a81d2e7b39bcde,19491,76,ok,22,97,0,20926
9806c12b257cf57aed19c2b00ad510fa14a8acdbc1592a885e5ef2dc59d26429,11829,24,ok,19,29,0,8140
98366517421148a7966dfed32961b6d441e0307e838625129b80ffc676a1d529,20303,81,ok,7,6,1,8232
98368a6eb8edda83287dfe8397e034d5b5025d1928ae0607f3a818a6ea4c8ae7,15444,29,ok,11,1,0,9728
9883cdb6740d685007a88dbd5a1269ffc1550a81a182fed5de3748356d0e342c,2675,23,ok,8,1,1,4398
98eda5f67e4a35d965abb2b254dd5c861536407dd2caca535a4b77825ebb3bfb,53761,114,ok,29,38,1,52006
98edca8d788ed0038e845ec69a55b31d353b4dec4418fd98200afd6a3d8562f3,28534,114,ok,34,98,1,25253
98f55116d6846fec7051717cef62424786e79a4e2f6495a92d499621f5127040,8450,23,ok,9,4,0,3650
990f095647b637a3cbbc47eefcf35bfa427d193cb1902c51a0ab7ad1f3b90693,7017,24,ok,16,11,0,6351
991983b412de2ff9f428fafe9f84abaf11b254ff096b560bc85d7d6aec2a78df,17426,25,ok,8,10,0,4460
9937086f1222a6306f32b30f2a273dd3dd50d1b4cbe8f2c39735e61c48b84172,18713,28,ok,13,6,0,7510
99412caa6515ca93a6f17256480a6dbef5c3cb2e8b67cb9666a209b64d4a8142,24840,25,ok,9,7,0,8337
9950bc02407ca1a41d534fc829da6907a7ca0656aa348aad4e74b44cf85ea6ff,46854,24,ok,3,5,0,13428
995390297e885b9e789a728665908cf557a9ce327ca757d2201e20eeeece79ee,21637,47,ok,30,133,1,29942
995a77962258898fa3f574a5729a69831e0cabeaf43a43987ca8829acb59715b,5852,26,ok,13,1,0,10636
9971ce9aa0bdc232ecc4ac3ce5c34855f5e2c0b9a4973efd0f7c6b218c966f5b,38160,32,ok,17,36,0,35363
9981825664a56cf0ad5b5cc8fd6b7193a580674f6be97c694dfb31ccb0d920df,6267,22,ok,4,6,0,3028
9993858bb63ecba72f21f8d58c8f50a4abec11b57ef69dba70eaaa8761fe10ae,2438,21,ok,3,0,0,619
9999d894a1c72aa08aae96a40c3c13a80a95a5a520501c257af2ed3530c26980,10185,27,ok,16,14,2,13731
99a186f4abad418fb0bc4c613a13a70c634589c2f22a712cc7ed4123bda04250,29444,49,ok,17,149,1,20309
99ada14cc214f1921ccde9b10a29530ff02150ca9dcfcbba6f09147111b5641b,2593,21,ok,3,13,0,1687
99bd0ddc506ee13fc4f433f0627092034dc38f4773ec16930a1823a1174431d4,63145,35,ok,34,38,0,24199
99defb40400ffb19ff29ac8eae40ea78f44a98dbf88ee6a62af0bb9c892828c9,11183,24,ok,15,16,0,5099
99ee9f67581a44401ee6d1d002b749414d3a8cfada1db550ae4856c92f011f7f,7840,24,ok,8,2,1,5583
9a2efbee9f3be796a600a8c288eaad2e709dde25e376dcaabf49e59a9643f872,9063,26,ok,12,7,0,9410
9a4cf40826124324d9c45c805d1512ca5b08cf6a6f70a11cf70e719194d9a36e,34883,73,ok,44,421,3,94502
9a8eb38e99807dcc0c0fb35977c40e62391a77576674cb12ecfed2d89f5a0af8,15012,30,ok,15,64,0,10988
9a9bec8073a63918ee7242461fa5635dbdceb0e8deb5aae774367c5240370067,20465,32,ok,14,7,1,8719
9aabb3fc3e8a3ff57d391cc6a24d3e2d53f46f14a4a15f50c6b4e71f544651b6,13395,28,ok,16,46,0,15933
9ac40b9b2616eaa58543aaee3f46ceebfb572c071a6b31f83e7df95d15439d7e,3282,23,ok,7,0,0,2714
9acf2b117fb61fbfa1df37fb09e21372a16a0763c117bd57ce1c6bf4b4163366,26213,83,ok,24,140,0,34846
9af3cb44f542580e0828c39a1d3dfc4936d8bf77303f27e8965e232168b519fd,47511,56,ok,30,12,1,23000
9af9fe0299d91208379a1067619147b59b360cdb9803fb41a7929f3c272c8805,30002,31,ok,9,71,0,12378
9b227de657aa47091be6e9a75d42356ada137ffb9e923a714564e9ec5170a1f1,1579,23,ok,1,2,0,477
9b274ad09bec5d7b63e5c0d5a4bb5d78b6a3c2e2fa1098dedcf606f8989dcc2e,26341,229,ok,19,231,0,33255
9b784817dff1620a3e2b223fe1eb8dac56e18980dea9726f692847ccbbd3a853,10357,46,ok,3,4,0,2561
9b7f31c0763b9588e8e39994f5cb96b6c0c3890a36aa5cb0d8bb7a81aa2fd547,2451,22,ok,2,1,0,1306
9bb325fa66a70f79a58e29b60cd0b10ae9daa3056775bba8ea7071db02e9db2a,10360,29,ok,5,12,0,6283
9bc20974a79e4b5b267f769df68c1edced991088ce1f08272f5e8c1d02e9b6b0,4217,25,ok,4,12,0,3012
9bf54f98e7994f0458bdbbe0fb431aa479d7ba3b2a5d41485d93235ba8ed1c80,5561,25,ok,1,12,3,4658
9bfb7f6e3b3856a5458d7e4a2031e33657ab85822b304eda9b208e1ca179e5f5,3754,25,ok,6,1,0,3424
9c0278e194be42708f2b6f11b5e40947b2c6daf2dc63160aab98e18a12701f79,11106,30,ok,14,64,2,15004
9c0c872a2ae03deba033c81f5c1f8c594fde8251d2549c5db1a4cc150c96b8f8,17297,25,ok,9,14,0,5718
9c195c64bf69d34919af3b334774d094ed3cb038a71d5b8df7a411390fb0678f,16329,32,ok,20,27,2,15903
9c1d379661acb3cf357a8a3b8354a20d24a876f56e672b7095e8fbe89f697081,34496,625,ok,24,101,4,30819
9c28ac89c1d486863e83081d25339ad57d02e299eed6147ac0e0718bfe9a91f4,7907,27,ok,8,17,2,10339
9c3a507a9ac4c6b0a4ce3706d3957346e5dc37662c9d5cad6b91657c35906a83,19251,24,ok,6,7,0,4185
9c3cc53ffe7ed6c25e9b1e3bea4f1d2b63c6953fd4b63f6acca9a01b1593c49c,4474,24,ok,5,12,0,3250
9c3f09d7a8441c8bfbe11871f8354128f57a71d4d5e70b2830452107392dc977,4008,23,ok,4,0,0,1904
9c400ad39c7fd3d7b38014551f9ea40b2dc72690664ae880f6ba51be71628dea,13287,40,ok,7,70,3,18509
9c4cb0e5941247f5697dc3d8c819f2a6383e4de8a96f23342f591116d3f3d9e7,67790,213,ok,66,289,5,75752
9c50189157c4ea350e8f8fa8476fcc4776f43f8b408221340b2837f87d4e3f09,425,21,ok,1,0,0,181
9c51669a75c47414b778f0f5bfab14d3c59ac5f85cb448e575e308dc89c5425c,10014,28,ok,7,15,2,4554
9c650c9f45931e980a7a3c729d59fc8d2a000f04bb96dc2e9783a74e91bcbdd4,19630,32,ok,24,45,1,22873
9c8830bdb1fe887a09cac82abcb0c9de70b55b8311c210b99f8962b56d3c6d78,17226,35,ok,27,115,0,31957
9c94ff2be2f0acd406b2b64ac019d42d31374976590a027aa10c96701bf11550,7421,28,ok,8,42,4,18334
9c968da6c6e0291439c903ca35891d76b5ade22a490492303a1f4ca25959a192,56859,43,ok,31,106,0,59878
9ca9f7eb42d6f86e407e9238fee3e44b07c1503aeba0fa8c911a1c05b83818af,11411,28,ok,1,12,3,5641
9caf42f4d410e95f648e3ce7494c555933329abe2fb20f1eaeea1c4a6d230ee9,41866,149,ok,19,289,0,30295
9cc0613cd610bb623be169d6face8b1921d0406f88b17e15c3a1c0679f092e90,46677,323,ok,22,33,1,28420
9cf1f0e5b99e5b0c5467d0cf67470aee9c37103c501948b6cdf264cabf55dc4a,24176,53,ok,30,122,1,36521
9cf5cbee345b9b64db1f15a2ee9b82223aab5788d9b637af618d9ed625c16135,19329,33,ok,34,79,0,27237
9d0e5a2904cf6f350b733c7634f374eafe65a982299eb197009c353571707a9b,14085,29,ok,16,40,0,12273
9d4626b8d2dae4c411d7bee6e2b107780bd9e229bcab8b80f08d6262cf2a15bf,10303,26,ok,11,14,1,6401
9d48afb6ac9283388f713687a05175fb6a60ff10c5a0646f9cb0a36d8eba13f8,799,21,ok,3,2,0,683
9d55e19fd956cd9045d6a1b443934a9a96679ca1066f74ae2279ebf5bb72bd5a,55061,45,ok,29,173,1,66441
9d5cd9c146c23b2044aa077f29c7f77e83c34fd69268295ca4856e4e86e5f807,1158,22,ok,1,25,0,3986
9d605447a1b64dc7551f6a0aa61cbce9cb1c7322e221a21e1d30f6b96c3fdb4f,10230,23,ok,4,0,0,2797
9d93be2e0c2ea02291828d84e6a8b8ea224551d5a37c22ad59da22b3c5490307,13954,26,ok,9,0,0,5200
9dbaddff5db50f4ad7eaf5d8f7aabaea96c198e4c512bcb348f55dd0f676d4f1,2244,21,ok,4,2,0,1468
9dd8c6edc028be53b3016caccb9b60f98881ed8d50c3cb82a2650a1a219b21b0,13360,22,ok,3,6,1,4517
9e0de027693fcc6ce522246c54643103b3c78b14a205dc53f1033ab4173a30d9,14943,28,ok,10,9,0,16868
9e1261400dba7de1505186521c11c0ba908a731fe324459df74e3d302065aa54,52090,23,error,0,0,0,0
9e2bb51552d408f74ccf5209c824e28252b7a878d27764e1847ed26f0928ef93,9425,26,ok,7,5,0,4885
9e43269d51fb374025ac4eed3b0cc74811d713e697ba508c93e99177226cd887,21252,39,ok,26,35,2,13281
9e470dc704e761e20309497e8bf59c7eed29f40741be9be1ffaffec3fe51e76e,46865,124,ok,22,176,3,53786
9e5755fc1a1b7deed3cece244f6a232518dc2a8fac4a02755fca41ac1b8aa7eb,6108,26,ok,11,13,0,8562
9e5d7dc78ca00fc7c7afc914a0b3ecbcec61b4e7b1893a84bf47c3b811c68aa1,17058,31,ok,19,20,2,16354
9e6821a5885532745682bbf649163712065a0058dc5dddf56f8084566c0e6617,15209,51,ok,15,36,1,22866
9e88cb8252b49135c0bd3559d00eef65ba2339b4f6d672fc1d967df3cd211b90,38424,87,ok,52,126,1,43631
9e9d9d4390e353706422b28d730d743f5ae5fa9e2eb62a83b90f18aea65bf2ca,28676,134,ok,8,37,2,11728
9eae5faac651b3921fae4fd1760bd96676c065b4b0023d7692117c260595e7e3,7958,28,ok,7,1,0,2216
9efdbedcd5f5113c57bc812ce4b600e545be59043e7431e8b61185e54aead23e,3586,24,ok,7,0,0,1653
9f114acbfca10fe7c4ecaebeb9df3d37386726079add211f4abe80ea2771c7c3,21703,26,ok,9,17,1,5594
9f19a2d1aa142b2c1e0a02a160cc6d8c21e491f71ac53c46f7decdf924abc2f4,15953,29,ok,2,50,2,10132
9f22d21455d9b5e52540a97046229290491fbc996a6ae6896bdea8d545466119,18724,140,ok,17,24,0,7437
9f4065d971e897dca9952e252662c681a83792a2d59596c7bdec7c7a821d6824,16437,26,ok,13,27,0,15331
9f51a20849a5397a88f36a9000c398be56c236c2e9e1d24f6d213ded193aafe9,7258,25,ok,15,0,0,2905
9f88e195c1dae60a9a47c380c1bffe48eec883bf331607f528ad0eda920cab09,38579,65,ok,24,93,3,36275
9f94c577ea24c2f71cbb0c964c9c9d321e02448d1fe946020afb18974b1c2602,19397,31,ok,25,155,2,23646
9f95e0a20f9d3651a325f2f2f1fdb5af6325d974b47e7c0fe914c1a3a1536b30,16321,41,ok,13,79,3,19416
9f9b1f8baf9be725465e23a8bf1d864af480a2e8ff6b15de2aaec8924835ccae,14203,34,ok,14,2,0,8005
9fa1281e281d92a9e5b0901c405838dad8dc0cf687167e6454904b540ee920b6,7630,23,ok,5,5,0,2474
9fadfd4fad0370f62ea658cd23e262448c504e6242a3008f1d93147f02b5885f,4601,24,ok,8,16,0,3979
9fbb577757daeb34dcfd597ab4b96b0fadfe6a5f5fdb26320bf6fe6d026c9414,17027,28,ok,11,19,0,8600
9fc3ccb50803f1adf36bf82af31a802508219d9f6f30b58a69cea71b6dcabd41,42553,39,ok,21,10,2,19508
9ff31b1fb5a0fe16ffcfc28158710c7fe8cb2c31532b45985f1e808b990c78dd,17199,28,ok,16,23,1,5828
9ff4e5eb4a501bb35364c82c5cfe9abc613445672646adbff83ca4b0c80380cb,17270,30,ok,15,2,1,7935
a006fa964fd108face839e47a41497a43038b153c0512e40edebe782530b14d9,1209,22,ok,2,7,1,3778
a02e9658180cddf16a7c8b53154ee4b5f0e0473a6ff50685f494461d8516691c,3080,23,ok,2,14,2,3049
a03bfb74013d97bc79e6db60395a6a125325adbb5180a73c70c7af849a9413a7,8671,24,ok,4,14,0,6162
a05f2e51a074d6bc9b66329f3d7ffa435e7f3c047cb1599161d6d990e822c74e,6670,25,ok,6,3,0,6833
a074d03ca8eee7c858f636b88b13a6231ff0e0bccf63260dfdfb9e6ae4ca92ac,7277,25,ok,17,11,0,6867
a077473710c335324cfebd611c5604fc78bcbf4da42551901fbe4d3d2b300ac0,360,21,ok,1,0,0,214
a08aa576e06f8da7dd72554a6a396836a806c53ad4d757166137b9424c3d3d29,369,21,ok,1,0,0,232
a0b1ed527acca9637b9e1c817c3b840918d9782055e5e03ee297de02dbed7577,7409,26,ok,14,1,0,9981
a0bdcd380df1a1dd2e19da4b641bc499eddb48c786754252a897e7d08e483a6f,8850,24,ok,12,2,2,5990
a0dada7fc6e369d598b02909014cfa261571629f3e45151d23e36fc17c38a1df,7285,26,ok,13,0,0,10121
a0db88b6da6f83bf1c2c8fafcc8fa9cf9d2abc7f8507d831d086aa2c6ad5fc1b,10317,38,ok,19,193,2,37006
a0fdcf79215427674c81f4f69df44b40cad73d397a09ddaa6ca0779ba86f2c00,25175,57,ok,13,225,4,31888
a12e8fa9621efd20315753bd4007d974390e31fbcb4a7ddc4dd0a0dec728bf2e,34332,44,ok,14,224,6,48169
a1830c6daf15ecaac73dc7a988c994a10bdedaa26a82fd6fb2ef3b0160da5e59,626,22,ok,1,0,0,472
a18d0c7241f89450f39278efe6158408d6469bcc30cecb6d3ef866316fbd58df,20362,50,ok,17,28,1,24910
a1958317689414cd12a68e0a212476f65d1b6fcb448e8e40d1102598c635a943,9311,28,ok,7,11,0,6430
a1b8523b41b1f559945724415096be6291dfff0fc801049c167381d755b0936c,9901,25,ok,17,21,3,10153
a1ba3290db3f374a606a0aa1e619728ae6d28ca81b870b4b0aabcd482f39bab7,5379,22,ok,1,6,0,2599
a1cd52255b15920c0b74d1e38188280c05fbb023cdfe59ed1f2e8288d3ae0f05,722,20,ok,1,0,0,456
a1d87b2d3a271bc0ba540c9508bf2e18a3144d92030b1337da0edce81039fbc5,33893,72,ok,31,83,0,36378
a1f2eb2e9b5d4e5c6a1da01cd2948daad79257ef825182debb3d8e3d9fc02379,16465,32,ok,5,10,2,12022
a202a1b6654dfaf7f5a56f2f7c07c31630011ce12cf993efcb4ba414fd64c80b,123071,4463,ok,84,735,9,127623
a2159d827325347c02388dab851bec9b06d935bcde4c58d4facbbde570d30f3d,13829,34,ok,18,70,2,25398
a231e5057ef9288fb427942892e18c5f939c77491be08249573c9a171514e294,3922,23,ok,3,21,1,3222
a26153d86abeac90b2598fa6602e8f4841e64c772a7f3e30633daca4a68a8388,5197,21,ok,1,5,0,1325
a271be38b508e365f5ad229c6f5200e4df01224fc5a39a102ed7e24e184046ba,7585,25,ok,1,20,4,6734
a277400d8c1ca9b13a09486986db217734703884afc34d09e2d4e0d3f201f554,18357,31,ok,21,60,0,18115
a2932a58e22d206bd63732d7023321bbc9bb1c629865b4767e1ae589228f7868,50250,107,ok,58,159,2,39728
a29f0384e948343a4bdc11c8c640c56345cbf91acf770828219766fc6c829382,1315,21,ok,2,3,0,1890
a2b1fe28fe6bcdad4bd7c2f5a0955f4b943ee0045f638b4bccf4e6eb638dc2a8,5992,24,ok,7,10,0,4495
a2b79883db0af8c9f4ea8d941236bdfdf870039b4f7f6d35d791b752da54b4fe,7554,24,ok,10,3,0,4968
a2c8a7a91c0ca073c1969565c482149067c599c9792736347a16e721ee0bf5ec,9953,24,ok,7,3,1,5036
a2cb78501a0ad922a1a9ec2c1bfa87d508bada26e61384f8c4485ac9cb1bbdeb,74176,55,ok,41,256,3,85416
a2d0e1be0cbff60eb7f96d5ac28128b97534ea1869ba768bff6fba3625fbfab9,15302,28,ok,11,35,0,9902
a2d5dbe12b14fadbf7f3b12f96ae7af6cd578ff66f6cbf9b5be1c018dd098528,28236,34,ok,31,31,2,24121
a2e483b7b713c317dedf7ba6722e50215596b6750cbe8a7d8bdf9c9c0560cc06,798,20,ok,3,0,0,531
a2f45c8de9a360e1397e93589f28f4ea61d58881fd76b57298b66208d8bb1bb1,40048,88,ok,44,160,6,59775
a310f227764c270bd4c410f5c7bd51d0f449c4ac663b653230aae23590e82419,23144,90,ok,19,16,1,30591
a328385ecedb656971d24eef29752868e2b644146f98d54e76023e980c017d1f,1800,21,ok,1,0,1,1566
a354dad22240166aae327f19b78e473c3195a572c5511cb3717991678d879be9,979,21,ok,1,0,0,1067
a35b542fbc296d8638946dc4d1f12773dd7b3efc3330f3b78c8ee8472fdb4e03,3926,24,ok,5,9,1,7275
a360e9fdbc9e7029a8e74837cb397abc950ea542364512f1f07290f258024580,3891,22,ok,5,0,0,2036
a3684956b61019700eb2ee86a6988961bde627336aafea22cb4e9f00250c8798,5492,23,ok,5,6,0,4110
a3746b42baf01a2312a8ec4d9ebf3b4f29348f632f43cc289a4d107cfaf6a2be,575,20,ok,1,0,0,399
a3d42a7a2c0bd49cd9cededab38a4a15fb2c0e76211f1d6f12a12531f8d13f95,10849,47,ok,17,8,0,5316
a3e1bc1cc6c8bc1969581b6ea242d707a61a3ae97af129ae11ec11d9740d2793,10189,25,ok,13,19,1,8547
a3eecda3e9af3685fb83c7cc8e25b5445f8cb9ff8da2a9d6640021e51af7dadd,8450,27,ok,14,4,0,11151
a4082ceee7deaebd596cbb50473fa9d56c4003789fe01c6aa32adade8b673919,12822,21,ok,5,7,0,3359
a41fc53d6753b6c04eb15b021c55052366a4c8e0e21bc72700f461264ec1350e,57328,9406,ok,27,104,2,40922
a44be0feda7f4d995f33528dd3dfc4245dc2751dd9368679b114a7db2ee0114d,13203,26,ok,5,11,0,7613
a4616196739e405dd97888f38cb71ce0fa59dd8e09ccf16245a009718fa19872,11827,24,ok,11,10,1,4692
a476d5610d916f90f83cee21d6ad427dcae1432007b6037566955ef5c20e68bb,6625,25,ok,17,16,0,9752
a479620f0b74cda68745a633c9ae6cafe9bd0838f6275e56f3e46214584466e6,29778,46,ok,25,150,2,27317
a498a02e40cb61d006d7b4bba76e6f08a69a0bd86cf120798289a3981c7afc1d,25512,30,ok,16,16,0,21536
a4a966ccf743e25d4f930252164e27ed26a7908c48bdaf21079a713010b27114,8460,21,ok,2,2,0,1987
a4b447e281098a0917b6e6446a3ee59457093e5428ea030b89fe4c92204bfb79,11354,10,error,0,0,0,0
a4c53be933a0dbbf6752a39f7246bb57e86d148faf21c731ee4b2d75c137b69b,6409,24,ok,14,20,0,8873
a4cb184e4e265825f9f3604a7cd6d07e5a7b9831c4b4fd1797ef7c2cef28c8dd,7628,25,ok,13,2,0,10916
a4dbe77402308e9152dfd31777519b2ff19167db81c5a15f3032a15ee3ea3bc9,11442,25,ok,8,18,3,9239
a4dc568f446001660f9518ea9cf8f5668e6ca193588ff664f27510f28e5d5cf3,11076,32,ok,12,30,1,20246
a50deb171f35f569e06095530f4386df9937d9c0ca8c5dc38f3721724db26f85,28110,64,ok,13,183,3,21182
a50f65be69237efc6895e9af19e5102a6f0aa8cbd5886919aaab962a7ee09fa8,16156,25,ok,9,1,1,8254
a51e7e68062ead67c3517d4010807b32f431a07fdae52de25bf9bdd748f80843,13427,25,ok,14,12,1,9810
a53ae712915159f464550cac82e8e13ce8e8dee3b6a7a89b7e52f833c53a4677,9723,26,ok,12,14,0,9479
a552658eaf572b4c6230e8a3b94b6ebfbf458487a74f720d992fbec61e8fbb46,10874,30,ok,8,13,0,5738
a564bebee937922e4ddd25c3e18460c84b6a61eb378dae0f4227602ece684f42,7695,23,ok,2,19,2,5003
a59a4ebfc94e995dea3414d4b047eded6988adc6dc03ff5dce221eddad83c6bb,7026,23,ok,14,0,0,2779
a5a604b51aaee8b7e9cd4b5903948d039e49a09380bf5efa46ed31c006cb8e33,753,21,ok,1,2,1,1232
a5db0859d0c4498193bbab8074f2d5b1e186e6af7f22d37087974907a6f49b72,36732,44,ok,27,27,0,15618
a5ee8fba5dc3d3ba59919556f520d9c6281a154fd29193588cff0a9215546ebc,2751,22,ok,4,8,1,2305
a638770cb62c07e0ed07799cb642a81dc3b88a142b04b29f17624c2e89edbfd3,2713,21,ok,4,5,0,2322
a6570f5c57c7b46314a9f49124a70b2528c5a8aedb04014284ed959e25b766aa,1389,21,ok,1,12,2,1225
a65ec5e464f465d346dcdab7c06891f08b55b789955bb128df80e9ce835c0a95,10742,26,ok,7,20,1,8092
a67c374ea61fb090d5c3957f56fb58b561ef02a254e07613cd84aa43e3ab31b5,7213,25,ok,14,19,0,9186
a68cfcde6f26452dd3b8bc85ac3facd5f8ccb40f096e47088ebc104916cb55f0,15067,49,ok,22,23,1,38117
a68e8d0da3c2fbca44a32df84cc13ebd62aea5f11e766aa0ffdac234ff4fe3f2,7413,26,ok,14,1,0,9981
a6a73622254055b82945da25499ee4f7dac14ed7fb3d428f70a9f2e3b9640f70,47424,35,ok,31,42,0,40007
a6bece4966a3a71f5cbb8cf6dbd9b37b683d65817f7ad660d6155dad62382585,2843,22,ok,5,0,0,1062
a6c1acc6e367e46535733ce8a7320c718616ed42f762cf2f1a0aa77ac6e056f6,89276,48,ok,51,62,0,31412
a6c80f3b9164d4e0c75a0172ac3d5e8248b52190db881cbfcb8c8139f8632c41,12338,30,ok,6,25,0,11889
a6f7ad3c30e6a08b81fe4626864da92977e3f1e34e740852e9f48018b571c3dc,14153,32,ok,8,36,1,15329
a70ac618f8563ffcc830be45906e19ebda5d0a09f1a0c69924e785306c56bfe4,30605,167,ok,10,144,4,24351
a713a55b1540266304477e75ca7c04e26f95197ad2c0af1f1b2a1ba4031d429a,1014,22,ok,1,2,0,708
a71a844eec784d1a5ef201bbbd4c641980900fc128cb927b7c07720f7ae48cab,5682,24,ok,5,3,0,3585
a72d2e12f5f1f1b07fdc78120fe1badfef176093952d00729f8e4390619f75ed,32819,77,ok,18,361,3,39398
a7463634674ca764401e713e4e29aef4e8521877f76ab78b1e91bea9d46ec6bb,11478,28,ok,11,11,1,5953
a757930489c5e24306b94712b5c801655444b1cce392e20bbf7f5a9731c53f12,4886,23,ok,4,3,2,3329
a757a1ed02cb764a3d76d9c6a82fb3ab67fc1e5ccf980966f5a89a0bb280949c,26560,478,ok,25,45,2,23851
a79347024cd23e83497d24125658b96620762ffde4cdcffd4c994fb180844fec,14219,43,ok,29,60,1,37962
a7e8e679a9692676e19926cca52aa975a2ca6c933368bc2b09739eed140f2adc,2096,22,ok,6,2,0,1612
a80e37912a85e673fc4ca69c8f7f313b6d2a7fef8f32ffff061e298af4778038,6642,23,ok,16,8,0,3572
a817bab4a0ffcf9d97ae315a4e1d09e2c300ba651f1b17724836283b1c9acc1f,17181,38,ok,15,118,8,27175
a84fc7385a988a2b27cb6c7a3f5d65066759c9b72e6577b756c247f95d11e041,11746,26,ok,19,29,0,8077
a85452724c375d42995f40b6a1352ad768003d7a8f3e711ec0346b9e8737dac2,6267,24,ok,4,6,0,3028
a85d4e7e67757d36c7d50c180a88f07a29c7f87d6f7288c398d5734ece40d09e,16209,29,ok,9,14,0,7482
a874f529513c3b0b68211d6aef321daf34ac0be78bb041ccf129b88d3089556c,16543,39,ok,10,243,5,21672
a883b221d8bea1050cfe6d4e9c27dffc43c54bf110f4d1f55d1c0d41d13d0c2a,10718,50,ok,4,18,0,7453
a890a551d8b8883e69fe90f826203e2d7a77f9247f75771395285e1229494677,54757,92,ok,51,29,3,30668
a89ca4283f5a713b476842a3ef8ba16c19e9ac42826b87907cad3bdc01356b56,10908,25,ok,6,6,0,5932
a8b5b5f504971e8bf84c159f5be3ffc982946ed41c6ffd6ea4728b07b574047c,425,21,ok,1,0,0,181
a8e494180c0683a17671f9d14ea2add484927907b021d0c8d2ed23cecd705e02,27743,35,ok,12,18,1,12602
a8f785418f7210c2c22fce16b9208019d5a467b4eeaa679bcb671d59a6c21d3f,28677,51,ok,27,33,0,28025
a90ecc36d38251494b70c53a2b46ca519726a898ed98ee22bba82ceb1e27a8eb,6539,25,ok,4,0,0,2709
a91bf16cb6117affde621ef1ae16f7caf539ba8dc2723d976f4eb83a635ed1af,12546,36,ok,8,27,1,4913
a9214db351a3e61cfea4a54bde7ac4633f92c0e09277a81a14a14098ad7764c9,6373,24,ok,12,7,0,5021
a933f95f203410bc2d86d4f1cae26893046b8c391dd8b517855dc01d0adfe974,26895,228,ok,19,245,3,39083
a93a2825d908a475cf7e6bd337064fd7aca4adba41d03d625541e7c6ce4bab42,9171,27,ok,20,30,0,10967
a941cfbe2c1de06df5476091d25c95c5776051a580363a2576a81aad9277319c,17285,34,ok,3,8,0,4220
a9766bebe409452e9111b92f16226746fc7e217e053186275d1cc773dac81c82,8463,26,ok,10,5,1,7428
a97b4d862514095ea752977c71e244429de4a5b25a295b2313b4028d82aa627e,18224,23,ok,3,9,1,4740
a9861b2c9631d7d5fabe43bf590e5d20b53299f98ecb6afbf9d0fb2ca0c9170a,53167,70,ok,40,58,3,18988
a9ae64a477641328a57137cbd8312c342c2bba8cdc10d73c7f68eaf01627f0b4,2829,23,ok,4,6,0,2663
a9b7b0905e4fe764c8f2c9bc0a88585bca9b6896e0cdf4f9d147a5aec907e08b,12325,33,ok,7,1,1,8671
a9bf20a40c1e5855591736e1cdde8dc40c0c01cd674439603bc90b1817ae42bc,4064,25,ok,7,14,0,4694
a9f0a93a8648c9b8758f35831c9fc19b41af3530980f9ed6c1da252035e5d37f,3519,22,ok,4,1,0,2513
a9fa75b357cf1e4a9bcd1e6652256827a3af10d32401cbc9885edb8078f9a39d,7229,24,ok,12,0,0,4211
aa035d878f9a52d98dff0ceebb8c974063c46d8d41ee3df7960beaae1a33f4af,12974,23,ok,5,4,0,1850
aa03ad2976b07f2c829dfd001c15291754ee3e333cc99cc4f618ee2c12f6c8e2,4545,25,ok,1,7,2,4103
aa069f7c28c992fe4378d62d8020a1228a2eb0049ae91409b56e81bcb6271e94,4687,24,ok,10,0,0,4488
aa0aee16808708c8161642fa298b61b148753987baeb126d747cb691c01d1e79,6464,26,ok,9,29,0,7802
aa0b12ec01f937ab666d732ca9adca0ba43978eff7353df7620ec3b701896679,3543,22,ok,3,3,0,2104
aa0c0ec4ce6bee567f5d0cb9c254fbabfc79bed4edc2dbe9950ecf0748a7720a,14843,28,ok,8,29,1,13639
aa30187a5d0a14ec4352b6e255bc1a33682dba1b0e84484c4a2778fd5bd38cbf,38024,85,ok,43,49,0,40757
aa4943450e077fcb0a807bd4d6f7116bdeb4a80372a31bf549f1185292fda762,8789,47,ok,4,10,0,6628
aa54d2f2de63a83453e75fd997a059888cef37e037efc351a5ef62b1ec7747cd,21671,26,ok,9,17,1,5594
aa610eec52ba0d894a049baf647c01355218eafc240f179050fca241d4e40f19,38615,45,ok,20,171,7,46376
aa6fe035d9db8ae486e363b0b02bed566a8b68f83cd8d00d513422a9970ec334,24268,54,ok,34,118,4,69619
aabb6dae23cf75c7c028fdf2d8364c221dabb834e5caed2c7de8f4b1cb675170,11177,28,ok,7,50,1,6224
aac8f507c24baaf83e20a7e72cae725f156898bbc32081fdb673e3f3251537c2,31156,233,ok,13,11,1,7138
aacd255de2b49962d997b1089163708e472d508e7fcfaea66da299f2f07c06ca,11031,28,ok,10,38,5,10511
aad787878d51b6e6e5734a320461d1d3ca7eee382f7bac67d9adc19cee857577,1020,21,ok,2,0,0,655
aade985c19b718eac84b21b1f75f83a5e49bf7cb7f2524a192d62c5fb7d08822,15446,26,ok,3,13,0,4409
aae9cd2bb148c6f2a2960e74ecb79693e789092512561c9259d4034c248b1886,13932,32,ok,19,48,3,16321
aaf5aeec0055305bab66f85e5673bc829a730cf7a5aa7800e3fa8e9d387ae00f,4229,24,ok,6,2,0,1760
aaf8b7a3691328aac367283cd330237001797840f10e208e777f6a7cb5f482dd,17259,35,ok,3,8,0,4220
ab13f55a2938ed834d10aa4e008128edcec35969f56a925aade6fe5dafcbb7ab,10735,24,ok,4,11,0,4265
ab203460438ce7b7263237d7cc393294652965936afb7efb91bf89d22fd91c11,4024,26,ok,4,2,0,5293
ab3941461656a7681370104483aa524cbf442730550b0585d112587998033cba,34090,89,ok,42,53,0,41331
ab3bb0da02d07610872b4a2f5dbbe9cf0a40e0544f63981097604f9d08d2a164,13965,27,ok,14,3,0,7106
ab45df178064d64c773aede611ec460d5d6681072a1b3aaa2e01b2840befab5e,1578,23,ok,1,0,0,1020
ab47c199b35c5e17d426df91e14fed2a9c36c35c333d0efd8975d33c5c9403f1,50925,76,ok,34,63,0,26926
ab5a87f560b7ca8893bc6a2874acbfecd713647bfe9cebef828185848fea1497,5505,24,ok,3,10,2,2437
ab68de681b2bfb8da36bd8a1a9796094b26f64b8cdb1bb1a2374ee3a0a01c82b,10680,27,ok,5,38,4,9215
ab753755bebe2636e65b78daf07b905f6c267f494ae5eb5d189ac5d0a8fd68ea,9691,27,ok,13,12,2,9581
ab77b2e9ced69b65ee9957ce8791e2a955b1f6fa908702e0bef4bfcbbdea1c22,8380,28,ok,10,3,0,8011
aba81900bc82d24a6f5b66a6fee775bc51543f91dc89e824bd96ffcf3879dba1,35784,29,ok,27,34,0,15297
abb9968e7ebad5afcfb0cc9d803d55d5991075a5f67950082e69823cc5b55091,7208,28,ok,14,0,0,10375
abc3346b518a2f96b20129942db9ce905a6f3dae0c0dfd15aa2d38f4a08fb843,5010,23,ok,2,5,0,1662
ac02473c9bde4a06b686a506ed26ec66eb7632614680fee65a14841c012428da,14737,49,ok,6,19,1,6722
ac1d6ce434d2bcc9d25cbbfaf20942e21ca913aab51943f346b41e5500f3bad3,23438,28,ok,3,7,2,16040
ac33fc812664a41c18da1bf04988835f861108131976b6aba343ca8a9d9e21f9,60369,118,ok,37,117,3,36519
ac39c01f46de44eff785593aae42f6a470e487f3cbfb4daffec922c4bbba34ff,40513,42,ok,48,89,0,44449
ac9443eecb5f69dcf3e90af8b972771e70b90165a123500d01fd0c3496187c8b,15285,28,ok,21,18,0,19628
ac959a66798d0fe78f18b16db81e90b0866fa5459ee99006d177c790c9695578,9375,27,ok,17,23,1,10162
acabe392b764c5a8703d814c42b25545dbfb26b2122b86847b239448471ebc2a,17709,30,ok,22,49,0,19870
acd6e03bea9b3d43f4f7926ac0c21403f47f2266553882251f58b231f0cd234b,3493,24,ok,7,11,1,4314
acd75d10567e7e4fcb3ed58b603d976c772a058b1ab1422ad142ac2b3c0696e4,14639,32,ok,12,1,0,4099
acfd39e3a7ec82a9c03592bbf4f98b0fb37498c06b9e51a17481e091ea77a8e8,18956,29,ok,19,3,0,8688
ad07f08d63869e76d8ca6a3d094ac9884acf45ac1da6e222954157b8bafa77e5,6261,24,ok,3,0,0,2563
ad2578e6fb0658db195c877290dc70dd9a2f0b70a699181c45b445c36b6091e3,34396,47,ok,47,69,3,38295
ad26624713903d546f934481763de9003d412f6efff30f54384a9dd56b3184c4,114348,468,ok,115,1136,8,316948
ad2d5b94b5fd48c662b7240cd0fc5e0579ce160628e7f827e632255e4bf810eb,6786,27,ok,13,38,0,8927
ad327b6ad50849136fd8038465c2554dcde971dd8c690ca42384bd87b77ff5c8,2533,24,ok,3,0,1,1192
ad357eb1d4a72808a429c380a1073d1b8e2530c997d879cf2234a8b152d02d77,1268,22,ok,3,3,0,651
ad5935635ce06c486b2e42c3669f2d986bb7578d3e13b1021198bad20264f97a,22219,45,ok,15,117,2,22588
ad5da43e21da19d3f97abcbec5fb318648f928924f3b9ec49e03b49bfe611411,64646,113,ok,44,326,3,62037
ad81fc06b4932efe64d2915cb5068d687116339e023a99ec6c6116aa95c74fbb,3213,22,ok,6,3,0,1983
adb49818ba4cd3c4b0d7904f4dbd20dba3f5f2cabd89be78e22e8c49776690d6,7143,29,ok,18,82,1,12025
adc067b44df293ac25f3adbc55f03253c86c5249f517121be0240c4eef9e65b5,2146,21,ok,4,4,1,2981
add458751ca624f37c929495ef6e55845a5120f67f4bef386c18690949236dbd,13171,24,ok,8,33,0,9384
adf28ca3fb4e36fcd4bb10dc17df5b86191c5826b2707fa4503313b5be2cfa7c,11457,28,ok,12,3,0,7422
adf5c7e7216fd3101c3101143e0f567a8b4f7609bf94c02684501e33b664ccaa,4273,22,ok,6,0,0,1884
adf7b2edbb06807b30a084e276f17a3580486de86452605273882a77a18888ed,11834,33,ok,2,0,0,2243
adfc3e32389a99d285b0535b27bb51e744c08ab60390595810cc67f7cee92150,22523,66,ok,23,26,0,24839
adfc960535c3ae4fd3be18390e684667bae6115f560cb1944e6c0484b604331d,28834,69,ok,14,96,3,25255
ae0da5a84b15805c5c7931ac567a8d1b34be3f26b483993d9ff80cb2c3de9852,54833,277,ok,76,219,1,131399
ae3409a4090bc087b86b4e9b444d2b8017ccd97b90b069d44d005ab9f8e1468b,73923,101,ok,44,97,2,43834
ae388dd5f0f805defa4fa76c5c4c0c74fd54c2086fab1b11da6172ef90976b62,31028,65,ok,13,67,3,28244
ae3acd69006fef1f7f84379ff42e3bbaf4760f4abe2dffc67535f9a8e5bc5eaf,8594,26,ok,1,23,7,6792
ae4b76f29fdd3dbb55fcfe99bf4a4b5d494b08d77d2036e7c4b86e111b9368c6,38824,75,ok,24,92,4,36443
ae5e8df8877f3047bd0a7221ecfcbc2d1ead8a93dde721302b1f232e8a09bece,63149,877,ok,77,877,2,397663
ae68869840391da72e9db3e07a5c3271a645b67101c0ef097ba9604f07823ad0,29876,44,ok,30,16,0,22644
ae81e6d8869dd1586fe4adee2ed352ced158e99797aa47614b81d63dad69826d,16243,68,ok,10,1,0,4135
ae867e16a904304027b47f65fcea1e347f709cc672a67585ce3e8a498cc2ee82,15293,30,ok,23,14,2,9830
ae8d3fdfee34a88614b0b3c45f07fa6486f337c4ff5dcea0b6756317e0f63647,924,24,ok,3,1,0,532
aead11f442a5505e1b88329069fb3bd2df60e983075a45017be309361a1db1ed,5665,28,ok,8,11,1,6253
aed7aac1dbc238f621cd624bc36affe37fbc48fd6ac2559d10249e167b617dfe,11865,28,ok,17,24,0,9404
aee4da696f8a0acdfb675e5428fafd190bfd5f9cb37133ec61eaf6425820a36d,7217,30,ok,15,1,0,11378
aef894a8042b29827272ff9e975fed954c08deedd8e33c770ff4c564a4c1c535,5695,28,ok,3,5,0,5725
af47b815157bb0c8f6709109a76e09aef50f00af953d55ea8ed91df81f670a85,14312,34,ok,27,64,0,17381
af5e45ae0a21eb1be84453e06a08365820e03d644e8155e27469a002fabafadc,48329,337,ok,13,19,0,5889
af7bcef43d779b4c88bf4325a70de23deac55f401352be1e0ee3f3c378a5b4fd,36845,66,ok,73,62,2,36059
af8739fd860c15ce7d6cd7b3253186664c7594907f1b9fc6c1599c787c867e83,4538,26,ok,3,12,1,4868
af8c014926d91e5f9655d3ad695245c99b7ef513bf25a88bad18373a43f89c9a,22009,60,ok,20,432,4,39763
af92485eb80d9c0fff2b2e73428aa463cfed12578c268d16c86c7b8040df7682,16571,31,ok,9,69,1,9658
afa6c8888eddb26ca2912141447b4e99dcff888b0f038f57150242492e0a8069,17958,100,ok,11,72,5,29872
afad1f43f65aad65c5f044574d0280f277fc7cde6c3ae788029e2c72505a3449,32995,103,ok,13,314,8,56539
afb78c6f449679f946e64e90dbb9a362624c75ae8e876d8f4124e08a72f779fd,1067,21,ok,1,3,0,745
afe0b174ce7b821cd862e58ab5c2547fa65044c1f6e14b8436b14fe03578a443,18874,29,ok,14,12,2,18403
b0427e26c0b5201be42b2d0577773081b2f5a382507995e1ad9ca7f0ee241da5,11816,35,ok,25,47,1,15237
b0656c76a9e489718ace0e60390b32ea516b11c83d81bbab980d5145689703d3,20834,29,ok,21,2,3,10646
b0718b590c112d928b2b4f1868f7a1b2ace50bff4beb8ae4031011ae73577d0f,48449,109,ok,22,162,2,22542
b0854428a6318a39d44858546f4195611db6afad83ef1cfa46411be3fd7202c7,1195,22,ok,1,0,0,857
b0b5b4223a34d6d323b56531dee6d530ab1bf7c4023d978396952cb15cd2beda,14166,22,ok,6,2,0,3620
b0c4ee88a2d47f346ae35fb64aef1d167e2148cf7fca7493ba88b058d49068a3,8385,26,ok,17,37,4,11179
b0d078f848df87f990bc42d3bd973a2a8de5a86ea99e9b707bcf2a7bd9f2a1b1,25484,53,ok,6,13,0,6568
b0f3b5aa10f85091f47195cca41e182626ae395c022effad65bbcace3124dd06,16858,34,ok,11,34,1,6433
b0f46d8e286c8f77f18ec6acb061c7487fcbc08ed9220ee28159ebed3e6aef33,3274,23,ok,3,19,0,2958
b0fac63cdbb6f5b6287f33585db90ade921dc4b138fcdfecc6aa547c39450833,13969,25,ok,10,4,0,7535
b0fe36b2b294d0af86846ccc4036279418907b60f6f74dae752847ae9d3bca0e,12710,26,ok,13,25,0,10430
b0fef32569d4e24cfc40e170b1fd5c53d7dca5d272d9abb7e86b60e2fa2a8750,10125,32,ok,16,47,2,17516
b106524fafbf036d6113038ae82d97b4fc4aa254c5c89332722cd713339e14e3,8005,23,ok,13,0,0,3325
b10d0e5874ca76bf27d01354972d854a93818d7a3e08cec006643e85cebf6693,11635,24,ok,12,5,0,3044
b129efd5462165a5d45e2514a96d484ca5accb50528f6c22c3e75e91fd65c3c2,10797,27,ok,12,28,0,8938
b14c59892e1a4ffc9b4a883f8eac5c5b01b6c2795a182095e9616eb54328bf8f,3093,21,ok,6,0,0,2258
b1555702a4cca7c44e02beb5aa82b0271c0367471c68f2ec9246c31b202e38ee,10287,28,ok,9,21,2,9388
b171497d25b17e09a9725bfeff436938fa1c4533486dac14e6cdfb4678ffce57,35172,129,ok,9,159,8,42623
b18d8a2d82f1a156edbd37e936f7a2afda58ca7e40a94e866adbd257d6468705,5833,25,ok,6,0,0,6167
b1a6152161a54be7a97c80b3156ca9a6a01416ed7bc35e660b5e322309c194c6,14776,32,ok,12,14,0,5361
b1ad9c4c50a94b2528f0d1d9abc06caa1bc34ca7a43443c1ce4adf6ae53320cc,4018,24,ok,7,0,0,3502
b1d514ac5b3f141bd06c7b2f4f84e3e27ed4b0d8c57f552e63691a07e6d50a45,14107,23,ok,7,8,0,5676
b1d63b1744696324837aaaa841fabfc287db498835f470ab2c0947f8087942fe,7192,27,ok,14,0,0,10552
b1dc665820e36c14f55e72e3492748d5933c32331c1a2bfeb77a2e997668ab8d,5800,23,ok,9,0,0,3802
b1e5da43631a9b8040f89a85877dc4133751931902e5deadbee0940413bfbedd,15647,29,ok,15,34,1,18534
b206ad73749070ab2e5ebef8635121d20f305d953fbccaab5b238c4e65424a7c,3106,22,ok,6,0,0,3233
b2244ed2364162b8caada31982df0594fc6776e177ec969ac42d5bc356b804f0,9281,38,ok,6,22,0,5876
b2475145ef8988df0d66ff4a9ceca829fdb883121f281c01d8fcf664afcebfc9,20650,31,ok,14,41,0,28302
b25f50442fa2074322dd9bfe707588887bcd23f33b74f9fbc3e679ea7d615b84,3895,22,ok,2,6,0,2455
b27daf202beb42d72771b0c8808ea3bc041ba04bc8c3472d4129db99c6334030,13495,27,ok,16,13,0,12503
b28ebedebc2c41d54dfaa30256b82823de72c220d85664c7eed8871b78f3a943,8407,28,ok,14,2,0,10614
b2cfcefa2a9eb3742b5d2bbd2a4109a028bdf820b8a500ce08296c952caaf490,3238,22,ok,3,0,0,3330
b2e818dae6f6deb603ed4940141313cb2180a3a7215f0abed2f21d31c1a6bd8d,18686,42,ok,13,73,1,17099
b2e991b44f8a08eff63ff3f0dfcfca119aa967f0badecf815a4d775a04a2c5c0,10399,28,ok,6,10,0,8007
b2e9f9ce6b6c4e00bedab2b285f8e1605a9bcbc6cd8f8a126baa1bbb68d9ff22,34118,34,ok,22,59,0,28239
b2f3ed1c3a8755dd0ad5a2a63e16caead2ec7c570462c2a592989349f8988f53,7164,25,ok,10,13,0,11477
b33759347acc1858216df962a0ec7f7f6a6de2630802244eb5e3873ae0d686e7,22397,44,ok,20,16,0,9516
b3541afd426b6bc5ec814756525b68cf3e56d6766f7ba6dd17fdfe07e0b5403b,5885,27,ok,4,6,0,3372
b354f59344789b718bc05f5fc7bc24ec660f04fbe24b3c508b78fab61581aa0b,11387,29,ok,19,21,0,18433
b359f16d7f0f29d5028fbe8779a8df86a889ba0691d4f8c8b963df4a6d889e76,36509,43,ok,14,174,7,44885
b35b414121e892a1724775aecb3c575e714837ffcc94ace46b6727613aad7a56,15674,29,ok,12,22,0,14192
b35c14919180f1cc5be312b28e0d5a9ac9f112dc6dee799f52188b6826fdd2c4,7377,25,ok,13,0,1,10319
b39eee8bff709824cf0b72cc3c7126fb6ffbdb08ef491a1f798d8446f7febcbf,2120,21,ok,1,1,0,281
b3a877585737e9f48f64146799e76f93158c4812c64ae3e95e9fc474784216b1,14094,36,ok,21,51,2,21085
b3bfc37d8f4396888605c66cfc19448cb0c552d67bd8355bf292d4515dd79ead,8902,26,ok,10,4,0,5428
b3c3c99d8767da46ddd5417c62e5dec5406ccc3c796d4b99ec81104d69703193,7600,31,ok,12,112,1,22377
b3c840d1bc08fa55982e6ca541e8b6f327c0b3cda18350720d6849ceadcfe18d,4444,24,ok,8,20,0,4761
b3c988b2a5406d123189ec545b46daf836f391e93b60541f5f8e8a5849185b9c,6833,28,ok,10,19,1,5972
b3d4b57646a03b32f08056781c73bc5b886e4fdf244cea039e9e13b26636fde3,3873,22,ok,6,3,0,2900
b3e142604623f22f70bd6c145ff9b8db1069ffea4d9380333aac9573f5325f41,3548,22,ok,7,0,1,1950
b3ea8849f9d95f3ec8ec1fef1356472c299db5c0321f15460001069dabab986e,59279,236,ok,39,123,5,63110
b3fc149f32531bae309184987b150bb0629f0bac6a565e8198e254f82438d5ea,12351,22,ok,3,5,0,3475
b40d7c5fc07521fa903a5936035dee391ba450a5d62362def6bc486f0b1b3c92,34986,597,ok,25,102,4,31601
b40e6205413352cf8418272d50aca00ffa4fa2e71f8e7ae5b218977d267373a9,10808,28,ok,9,5,0,8359
b415cdb0876e95670d176a4acceee767fced4f4c79d88d2e58ab37e54898f6d5,14320,24,ok,4,13,0,5779
b427363f17a2bfd6007b33c1827c94f4c0d58646adfe3cfa65b4499ae77c24f0,25277,29,ok,15,9,0,22537
b43902b7d979c7874535ed2294400597591a5186d7595b82d40a68e933ddd212,6898,24,ok,8,3,0,7479
b43be98df08833c018d1983116bcd50d98db1645149c50ca858fa13ad314f140,6256,22,ok,3,0,0,2536
b44e50d998f58b9fc1981a81391adbee20cf354be89dedef2271277d448525e2,79389,82,ok,47,74,3,32297
b457f9e069d965857459945c67dd7eaa0bdf889d57b52309ebf24e5dd92d54ad,7852,26,ok,6,11,0,4224
b45839512882d9456e4c8af26367a3e89419825874015b77c4a695c317a83671,8407,29,ok,14,2,0,10609
b46b42a33962b151958dea1538168ac65cfbaede8951ead355fe749b1191f602,7665,21,ok,2,6,1,1930
b46eb071487fc9e944e0ca39c5bf220925b26ce4b966e8a236b67f3ecef099eb,7554,25,ok,10,3,0,4966
b4900bc1f258c377b17eb3809fa5b250540b7202faa44e6e84928fcb30134b9d,15650,40,ok,26,5,1,8899
b4a7abee4c75bf3413214f9531cfe4bddc576947bdde6017224679d4dd470415,17246,40,ok,13,11,0,8841
b4d3d10a1023965683d6ee89b639b27ddccb1b07b84a5f58d30a059212f36259,27624,52,ok,25,175,0,33686
b4d8c9572f47f4bb132e1161bd8cb5d5f65d7fd1a1f953f31cfb83da48d7f186,3305,23,ok,1,2,0,1810
b4de6c7c15af334b8b0c1610e1687e8edb572d7454db87fb0d5f7013ff457d1f,15149,31,ok,4,34,3,8080
b4e621fbdc990177ef071c439100bc382c58d08e9d9710f82fbb993698e17931,34666,71,ok,16,222,1,40216
b4f35b3f1373d63f37ab35c5ffb2e543fd0974caf5d3341aea55de6cd5d88765,15083,32,ok,12,8,0,4694
b5080a685a1e7af3be47cdb05d2b59034e5364746eeb260ef31894fc374599bb,18834,74,ok,17,9,0,6401
b514224c7747d55094acde507c3448ea790712dcf0f5dc57b2794d550f084986,5633,21,ok,1,2,0,2037
b515cd5338963beb0b631c6cfbbe2d2c0299f83ccd5be75287d96e1dd0d5e845,1476,21,ok,2,0,0,1064
b526cf0cd8ec9c900d16b4caeddcc3bc34031fc27fa16ed303a63eba0fcf716d,31390,34,ok,40,21,0,15827
b52fc2d7f98c0d4592bad7d8634fdd53db908fa8d43f01bd1ee1ae342a22148e,11563,30,ok,15,27,1,14456
b559caae896cc29b2b64d6508f99606fcbd90b03a95a3f7cc2301009046b9392,13129,28,ok,10,63,0,8502
b56aedeaf80c3d4b7c4c2ddf3893ac47c3ecff1a0a6f19152ca993e5bb294414,3463,23,ok,5,3,0,3443
b5728b69ad1bc622cca8f090c2a19dcfb1b8820ebd0d2ef36541ad8592a680c9,18153,40,ok,24,49,0,16251
b5729cda915dc85b047dc56a8f64a106d63242c790c6ae89d0edc07ac727f671,9277,24,ok,13,18,0,5643
b5a38a636c2885e0a0d7d00bd5ec66e9f9bfeab81d22d7377eec1a98cac998cf,12282,30,ok,14,28,1,16046
b6186f759db708c2634f335b3457f0d2bb18729b2e6fdaf58a032c8f2bfe36ed,35558,76,ok,54,596,7,87429
b627c2ac57a01b522c79c26beaaad13ec427e4e2c15c378056e7d5a68986fe3e,10460,28,ok,10,36,0,8980
b62f62217ff256d557513793e9e44317b25b14401a8a6b6149a04d38d72d6c7c,23193,49,ok,6,62,1,10617
b63f93ff5d35e24d53d92cb27ea473e03f7efcb2121b2dfb330df80d2ea6e0ba,7789,25,ok,6,4,0,5813
b64fa5b9e3f0074a772d10743c1951bc6c1a716d0f7521f205eb0b516b15cfab,25808,38,ok,19,77,3,31065
b658588a255ba6f6cdfcef828341b6cbead30118b2bfc954ed11eb8a11484c3e,45365,49,ok,32,33,0,12531
b66247de200486b230d21bd26671002db226f4e68458732850b97d6de813bd93,13961,22,ok,5,6,0,3460
b668a858c87c7308f61768fb064a94c8ecb8a0fd7f088c213854694f63a3ed5d,13938,31,ok,18,61,0,16443
b6757278be72c93154bc4cc9f4d01908df5e9501ad3b44f8667f49b962911eae,7279,37,ok,17,42,0,12139
b68c078db43322193f6ba22fd20e54053935305c29e27050fd3b02a9bd749748,10183,24,ok,12,28,0,4397
b697c5ac38ce2b620690dc2a23ed1ac2a6231958beac7f59ee98977d97c23bff,5670,22,ok,8,3,0,2536
b6cb15b66031203f63774b0771f4af5560721611caa064d01969828507c0ce0c,26546,39,ok,37,197,2,31719
b6ce504930f43aac1af31b80078a65f83824c036311309fd8f99683946a16108,21366,25,ok,10,17,0,5002
b6ef5d773b2debd556d9aea2478a1627a81106a25b89dfe996f6c7eadd6529de,8680,29,ok,12,51,1,8422
b6f291b07430a8bdfc86f178d71b2759ad3b13e76b1f0232969f914103f432d0,23227,35,ok,34,55,0,23031
b70ba6ef1ba0b92213896a7ae286b414d1a17e9b862dffe88a980c2792755d87,9584,28,ok,15,42,2,12191
b71d716ddda2b6648ece8ea8cacb3abfd0a893d3dc43e44b495c9df072e4ae9d,24142,973,ok,28,98,1,20274
b72416ddfe72834ca99813af4694b76cbb7d58988b59f9ea89f46d1c7f80cb67,15649,25,ok,7,3,0,14963
b72978657b8646cbcb6004d08824889147278b05b63e2b2de04ea6b89ec4f6e4,8271,27,ok,1,31,7,8360
b73fe80ad74587eb8ffbbece1207c086d1b0182bc17c50fa263c2b818fa9eea2,39139,79,ok,16,66,3,22913
b74367b144fcbbb3b39489499d68721bcecde8db688d6f65a03b01c003080004,6921,23,ok,10,2,0,4100
b74e70199cdfa1ec8f386732ac4d2e26855366ec3414d62610e0622f1f5607bb,16750,26,ok,14,17,1,12502
b772487fffd3713d277d03185b214b87e5082d87ee4520ffc138462c84dcca8b,8006,25,ok,8,26,1,7236
b7a7ebb74f03a879aa2c43ef9ec3e7e720bae1601bf9868f44e5bd55e1a912f8,5045,24,ok,7,1,1,4926
b7b85a40d548ab3c95af5252bd238f33c1b4b8b20abec75fb72470ae57ae904b,18404,32,ok,28,82,1,20025
b804c1859b9a7dad296040108ad1624261db2ffaa5c3a7600629f0d243451a11,21834,30,ok,19,8,0,15372
b8211807a12224a0dd0e0999f656da8e256c427565def998e0cc35ac44335a00,6745,24,ok,10,3,0,4970
b844cd348cb9fecafced88a170a2770cc6f8d1cd90aa32cc068b9f3728e02184,35794,27,ok,5,7,0,12759
b8583edbc056cf7ffb4903520ab429db3404f02afc7a5aa631705267d0779dfb,71408,98,ok,51,327,2,100793
b860405c8a8ae5192d6ede01b5a83c364d9beb61dd23a754dcc8ec107e5181f7,39892,48,ok,37,52,0,18745
b87bfdbd0e68a7dfe7677746e318e3dd6ad9ef579956a096cd40babcbfed3837,10948,42,ok,5,18,1,6555
b87cf19d474e54dd16b91628930ef5d4d9a095c47cdd99d71a9a2e0052d301d0,8720,24,ok,7,0,0,2916
b88a19b00ca3e89472c1521bd3bf4e845e120feb2c2a74f2a32be14d9121a499,10265,24,ok,7,6,1,7327
b892e7a90c865f60fd31740ef94d6a727a5c1f6079fb8579978bba6364d52c33,1641,22,ok,3,0,0,861
b896cbda43837ba7f78b26913ca8a3b0c9facc28e804d5d319da6c6acd7f7395,18437,28,ok,14,12,0,3581
b8a638db79077d6f35276ded3e8a22743c6942eef171cb87036c5820b47ec86a,701,21,ok,1,0,0,636
b8addfbb9b9cd99b2cc639337b6f23d4efa6c2be32cf04dac1403edd7d98d592,31226,38,ok,29,21,1,13692
b8b02cb2f71ea60536f9157bacafee558341d001b5ce06a1d8d8449bbb8bd4ed,13343,32,ok,21,7,1,20502
b8b1d1284572d91015f94fcecc8a4b1bcaf0f7931260bb5fa35dcd681b8ca15c,39766,56,ok,20,119,2,18179
b8f807de22e3720bdd2c33988f9bcd73215eb4b871a334eb5fa039c9e301cfe1,5342,28,ok,6,0,0,2656
b901b221148cc36bb19e8d15f377d7511f84ff6a84555ddd3d4d929677a030e1,2320,22,ok,7,0,0,2299
b906f1d42be3302b667f9c594d4d728fa70c30065c06cf269b540f50af5f3026,1053,21,ok,1,3,0,1014
b91073cf414cf2c0e9ac289d45720e13b153d76735d30c97085ba5eae085accc,8200,26,ok,11,12,0,8908
b92c5ea9933b42ae46874eb3a372fd5392dea692da952d5fb64aeff949868519,64354,82,ok,58,79,0,30244
b9454e4feb1a5c38763c0199919b35c0853baed35dbfe5dd1835c86e8d3bd6b4,18759,55,ok,2,0,0,1088
b9691a1928d603162bcc8ce360c28c64134e37c53be8b1fcd03c91f1a73e5784,13419,29,ok,23,22,0,11291
b98a1ce669664992523158840f1985056fc5b0303bd727b50090d7a980b26be6,3408,23,ok,5,0,1,1780
b9984bb4355dc0502e9bf2447a9b821b93649285d8d56a1a11fa51e9060d06d0,11667,25,ok,8,16,0,6149
b9a63c1d0aabe503799c68e67cde630374a082c565b26d4c3d83cfc3c238522c,37929,69,ok,15,50,3,17428
b9ac02c5113ee22fe5da91f381374e67dc67a11792da67c3a837dfd72cd736db,8526,25,ok,10,6,1,7420
b9c9943ede022932f753f5968b7b15f603d04a4abc8399ece960d6803d01ec0d,515,22,ok,1,0,0,297
b9e2fb47a14508efcc59f5d51cb2542957c110c7ea7fca19b224b1d438bb2994,798,21,ok,1,0,0,647
b9e9f73c0d65527d7fbb6493a7286812081b31500e76d77c7bbc9773ca814d08,23699,56,ok,12,104,0,30399
ba052d2552c2b3086dbbc34e2e5eb2c9e7ac2fe0880d2121b97f0bd1d6a25e6b,56985,193,ok,45,551,2,97412
ba085f2ca549af1f01826336f69132389e2989519148200d897aa0772f6418d8,18355,24,ok,7,11,1,4275
ba1d08b2abf93187663516ab6fa46b2c5c898fac42fdcefb038f0885cd83ac1a,20515,27,ok,13,36,1,8974
ba443fe6304fb0b3bafd60b6e78ff3c35ba217277e8790f7fd130ddab63761f2,3227,23,ok,4,9,0,3962
ba6f136f0c49c7c564684a02e0ccce503b0e884b52962c9dc669fbce7ffd4397,3653,23,ok,7,11,0,3227
ba97f944c07ed598ab50866caa761f56ebc781a1fa898d8c74df2ee456f16c0d,3843,23,ok,4,14,1,3011
bad20d5456460200b24e3d94cc9d742cf8dacb58ed97042cbcab2f47176c4ca0,43404,285,ok,11,20,0,6346
badfb7d2f8c7834bd22ee57f35c0fe99ad1b675887eb82083db0ee85a906af97,2486,21,ok,2,2,0,443
baeae60ea5758135bd21fcccc6ac29197d649fdd89f2a3a32b3bded71c838ab2,4243,24,ok,4,6,1,6584
baeed8aba2449ba0a9e76d3e03d7ad19c634cc9808bcd4ef80384b2a5ab1c384,12239,32,ok,11,0,0,4954
baf978f10efdbcd85747868bef8832845ea6809f7643b67a4ac0cd669327fc2c,49929,38855,ok,18,85,3,32763
bb0e82c674add8e0c3734d75379eb4ebce3545bce705a4a29d2e7b07589c93b2,17380,37,ok,22,24,0,7628
bb2df8d19b7bf22c234a9d601010c4037e0f0f863e9fbcf214e54639440e852e,16142,33,ok,22,56,1,17791
bb582073444558ac308b0d9f8ac8c58472de75caf781c09574cb8b118f3460a2,3741,22,ok,3,2,0,798
bb6e6a3279f34b87fa7e9b507a61ccbffaee86e98fb9982052b394d1fe8c3e8e,9799,24,ok,5,9,0,2956
bb81f0927f2445f8b696aead5f73f820728b983c9bdbead515ce295d8fd2032d,4206,25,ok,10,31,1,7639
bb93fd078b3d5cffa9996b4c0cc81889747adb297a4300244143d62f8e30ccd8,42253,107,ok,21,180,2,52861
bba9339f4e4018e459c1f8f1ab34d2a41e6ad980f508f9aceef650660fb5e23d,12888,29,ok,9,11,1,8551
bbca8adbc4cef3862ee837eafc8113aa7d80266b09dda30830b11c1e5f64506f,904,21,ok,1,0,0,589
bc054afff1d44565a17381250e3a52127ee3d39b95c5eae582f43f0f6077e577,46077,1699,ok,24,348,2,38758
bc37f48592dc3dfc233da1d7f9e6c8d30c892d88401acbfa31eee4e1479805f2,2384,23,ok,5,6,1,3722
bc4b9c8f705d2c478a93e5019910a3a14f1a6ded8cf8aced89f2b1d0fe3cf4bd,12736,41,ok,3,4,0,991
bc93ffeefdaf0d72168aacc999a1b27ab5da014eb1049056aeb6dbdfe5f6a010,3599,36,ok,3,0,0,30814
bca8da5612cec41e0450c51aed4d1f6dcf98bf8cb813314423719d967b6bcc0a,8706,27,ok,25,21,0,9730
bcac78c5b26bb5a9a259f1ff862106d5ed269c61c640e91264017274cc5f32b8,872,22,ok,3,6,0,1170
bcb7a41a868a62079053122377b389aa550922e2dff84b33c8989b771cacbfb5,5235,23,ok,2,22,0,2622
bce7d62f3e5f3b77ed8286c310af7dacf1c7b06843c1f1483dae0c87d709afec,15385,23,ok,9,11,0,4307
bd0fb75786a3e0c4e402f768a3b9cd2ba4ec8f8940e91ccae252cc5d4f74f12a,6757,28,ok,15,35,0,7911
bd164a68b4b956b3c4aa1cc00ce215abfca26625e366c8ee514397eaf16cc5d2,6166,25,ok,7,15,0,6791
bd2d4a81ba220e9e6d03e7b20597dc27253c66a17e63e102374efbdcb7ef0565,1167,21,ok,3,0,0,1756
bd384824693c9adeeee3bf255765c0159f40d8025dbe2c7c04ab0944f629f07a,10451,67,ok,9,28,0,11993
bd3ba6231f62f6e40fb8a4d5adce74d5a275a8d01ddf4f5141b6ff60fc510650,5574,26,ok,3,8,0,5459
bd3f0148da91617a338d8c5c467c99c10d8c87317e89d31c26347f876d2b700b,9719,27,ok,5,12,0,6284
bd42279f0dd674a521e6e94574613d7e5d5769c8a9fe950acb9b47ec0eaee99a,36504,34,ok,15,59,1,33573
bd4494351142ca2ac1ac9d65bcdbb9ee9da6f169cf779ab4ca2e330dc6dcef15,26625,315,ok,16,18,0,7944
bd5266c2c0355598b3b038a544ac38f13d524930ab48c8767b09b941c7385353,7087,26,ok,16,13,1,7533
bd70cd45852d42bbb532078f96e579127db40f402d3c4f6bb25b11870f50d234,3777,24,ok,6,6,1,3351
bd7bed10cfe1161e3aa5e233763d371289a2eefdb9fd70cee5e2343fb6fa6326,11692,23,ok,1,0,0,7515
bd97b5e4f2897be4ec1aece597433c1f2128306143640d669fa4355edfb69ef8,2066,22,ok,3,8,0,1435
bda5a770922d2974dc0ef0919c9b1c854baef96c1dc615a908ece4d63ef48cc9,7189,25,ok,11,14,1,7961
be0930f3ea601ace331ef591471e824f61a1f5c6e5721f126d9635a5dfec28ff,4332,23,ok,6,1,1,4011
be175f49637c6dacce479a69e05f8b6a6980405200ccffca561a5ae4afc125da,38767,72,ok,15,39,2,17468
be54bb969fa6ffeedba32da50c1437560f8f67920e463a5bd2af21e52788b01e,483,21,ok,1,1,0,328
be6e4511fb230408b7c602bdbb539fbcdf7b5ed70950816285978b7048348a20,16307,34,ok,24,80,0,18558
be93c8a06701f046fcc91bcecdb68778ef07d18995124b00db66bdbb1656e4e2,7618,25,ok,11,14,1,8392
be969de545da89a04508e4952e94a53a77e76ecfa67d74b23fd56e0be42290d4,108378,396,ok,40,992,4,108901
be97aea09a2ffb3a37162f7cafe86857be22fdcc6b70ee85706d020acf9fe026,31070,31,ok,3,11,0,5382
bec1d93db934a369f4aefbbc40a4429e0f0bb0a275ab4dd82ecb6f2fe3bc8829,7312,24,ok,4,0,1,3919
bec3f623642d3d861f62d4cc5772e115a9984447c4cb70cc37b8b85e18cd4c24,8494,26,ok,13,0,1,11777
bed32b8746d854ac565596a6e3a68ba0ea67f8e476254696e89e7ac5d1d259f9,7316,24,ok,6,4,0,2667
befa64d9d56feba32e18e09f1c364b8a4d863016337bb933ba12cc5c0a8e5b08,22310,163,ok,30,249,1,50876
bf0a3d1edfda3773903c9eb91f34d570577f5962f282ac95ccb31fd9d67a22ec,10856,27,ok,11,37,0,9380
bf0a4a804ed970a3c08c70122bffc322628f915737c73ef7c23d2722f9c31cbc,18965,196,ok,4,7,2,3939
bf1aa9b2a4f8c05e1e5226009800bf69bd9ab7375ad160a1113d8d31a6ffdc69,14897,41,ok,2,2,0,3095
bf22f8995375add4bda5c4848dfcadb10351d24cf992c3c3031b15a3b7afd6f2,10797,27,ok,12,28,0,8938
bf7987804be130993892c07bf928732f4f1da4b1bab3db54c219f3366edbd508,25771,148,ok,14,10,1,5846
bf7adb09076853eb3aa569278754111d86e161e35e7dc6a984ecde2b9d6700ae,2502,25,ok,3,10,1,3688
bf9358ac2e188d74a695cd6009929735f90e8c891f922a9de5fcdc7037af255e,24101,35,ok,28,231,0,29462
bfa08cbf2ad5e86a94ad7661cadf276ad9afaa74bd5206217c82c1cea0c5aa39,47886,50,ok,26,145,5,55894
bfab576fb405952fdeb0c502e3f662668601f3b63111bcf034c240cea4b6240d,46892,75,ok,13,171,2,34319
bfb57f76fca020705458f0da9c03a168095bc4e18dc4d181b2ec2597291cc228,6292,25,ok,4,2,0,2110
bfb64fd1012d945e481df81d6849d742ee8c70f2043651d1be96f1f40ecdb2e7,45123,48,ok,32,33,0,12530
bfd300ecaf15d79febcaab57d612a0dfb6dcd1c7dddbe598beb11093088e6969,12480,28,ok,18,47,0,14595
bfded18fdd5f71d36723e765a8c9cfd69c21148b153e7c01545f3c6a3f699cdf,9105,26,ok,6,8,1,9276
bfe8f883a0170359712f60268da88fc1a2fdae146fee05f8efdceb6a14e1e917,34858,39,ok,41,75,0,38279
bfe97bb7d5deeb0ececc75379d0bbd048d74429f51f26a059f019a91848a3a65,660,22,ok,1,0,0,399
bfeea38590f0e23e355b47f61b1f71fe65f72d32fa457e769627d38b523324cc,11699,36,ok,25,47,1,15237
c010ff0631e43339f4a67342006569a43289760c7b5c0335f354e4c3da43b50d,16591,44,ok,14,167,1,32815
c011240e75c23725321cc80a41a5a39d758a4d5890dac5a66f285cdcc4616930,6557,23,ok,3,1,0,2604
c0221f880ee2246ec2f584b7d1c7e2c33007ede8cecc745cad40e9c0bc5f074e,17181,27,ok,14,0,0,6362
c0376789a2927057011c48231823756a3dc0ae2946de642669c51510252e9e68,2031,22,ok,3,0,0,1218
c03fb7c97d0f5f08862072cd1f7d50cf26fbbafb229fff654d22b6b6e18d717b,13232,27,ok,10,9,0,16227
c0428f2ef93af55cdddc8a0a37417dffcb7468f48ab0f362e511a1a09c0218f4,13175,69,ok,5,12,0,6712
c06728a6affa0f7933039f8b7819cf404a7abe7c40e0428827e19c2a33c49aea,29407,86,ok,42,190,7,33155
c06729ddc566021fc8e93c97653ad06ef0a512ea04a877d66527c330fb51ff3d,26956,29,ok,6,9,2,17913
c06fad955f113f5fbff6844d9b4c668bb88bf2d46f00d63007db5ecdb730d285,3885,22,ok,4,1,0,2374
c0ad0c216b87d97d759782681cc9af2d6977d285562ab51005fdf5b5b52ffe08,15771,31,ok,10,9,1,10773
c0df2d794c04f2bcbfdce395d3dd293fed14a3662b524cfbad174c0b9b017e46,9705,26,ok,13,12,2,9612
c0f9d795b639121741ba066a08f8ab89a784477f1cda612318317d2f6fb7855a,13929,34,ok,18,71,2,25568
c1050875d64fd049bfa9a24300785513fab19e65d0e27aac97c25484d4ab33e2,1788,23,ok,2,3,0,1652
c10b999c532b3341e400b60944003dfbbbbfa1f3c28712917407adae519221d3,9634,38,ok,9,185,2,16212
c1179d4df9ca0c3b962ee8340c338b565df8f96f3c06f5807965f117d05c10cb,23841,32,ok,22,4,1,13050
c1230340470b197373b9bd41c5709bc2d30452a2a06d20c5973d51434c9424dd,27023,192,ok,44,145,0,39348
c12415ab4546287e819f9ede64392e4168cad4a8ef60a10842d8b559f70390ef,7218,26,ok,14,5,0,10178
c125399545e2b59a00504fca29d302128bbc23d0a88140d45c717b9f9b675743,18470,53,ok,50,188,1,53678
c134dbe2415f536d00f213db9ac76607086c1e6e15da65e84d6c8caf9cbdd47e,13204,59,ok,27,43,0,17681
c14743ccfa00f0ad8e45dbcba5e87d175b76bfc12ded52d0fb87c790b4056647,10490,25,ok,3,15,0,4932
c14be64defd72d2c01c78fc46206934a67844692ff17c974c5fd18a5f775cd7e,1201,21,ok,1,2,1,1232
c14d849d12d8a63d0eac5764f794157ab2eb7166050291e95c5484b0b48f0b6e,14592,110,ok,5,4,0,3663
c150582b2d6aa0027e7d48c651d88c3a44697a7e5b919063a04ee438b0d71ec5,36139,452,ok,44,689,5,151892
c170274a12cb3c9c3aa8a660c1e6807938ff506dff3d1e2fa843949c175da72b,6786,24,ok,10,18,1,4932
c17d275f62dff2ce2d89c82a13b41bed7e0f488bc64431a01e12ca6de41a0de9,1719,22,ok,3,5,0,982
c1835c705b5a8c5aca540cae42bc72985b4331fe8135ed06a7e5a46caee5442e,28776,33,ok,14,81,4,15417
c18d0a83a4090779995d85aec11a18a604fd2257319382b68002094b83335603,2689,23,ok,2,2,0,1945
c1aa54e88e5af6f82a2be5c8ebd033565a5c58af35cd71496199aa541166291f,81419,466,ok,42,1612,10,181445
c1ba12557ac62d1da4632333d4715689ab444537129b20556f2829e003922bf6,28107,31,ok,23,18,0,12230
c1e1fce3259166b6bc17ff0085319bb7a312cb4d4ab1dded98e60ae32a43a7ca,71356,81,ok,63,205,2,49733
c1e45d27707c8450590e19e7e6008f542dd1debd18c3e1aacf4fff3119b1a32a,6141,24,ok,8,1,0,3936
c1ea3cc88293cc38ee594e061b6dbb94cb29846024b5d9946cd4a975b0e1e11f,9596,26,ok,14,26,0,4668
c1ebc2fba4564351c0dab2e9a084a460d4fdab4f447449cd89bbda959d84be31,9512,24,ok,7,1,0,6688
c1f4502a757e25c611f5a159bc1ab0eef64085adac6c68123dca66e87faffbc2,30772,156,ok,17,52,2,20708
c1fdf2283077e594a5c3bddf6de30c04c7f24b1e1fba2c5ca3a2f8a02ce5b5aa,20665,44,ok,20,3,1,11659
c2434d1967c5555a703e9bad8baef88c94d1f1909a65bb2138866cf96b8d101d,24577,36,ok,26,38,2,25744
c24b76e9811ff59af09a2042c64753755722ab8a9a9999235bb89089cc6ae871,1188,21,ok,1,0,0,583
c298916e1e52c6428faeb57b6c1b3ca6aae47e2df40fe4bc7b176c943e19de91,7218,26,ok,14,0,0,9979
c2b1e0df2a6e4d909d9c0a99dea5da9b63ac2706930eac47552d4f7c2e80a302,1407,20,ok,1,1,0,587
c2b3ec57fbd45d5bade9df2ad30c464d1588cead18495a5ce327a98c45c02219,18018,162,ok,7,88,0,21504
c2b484e44bd4f2c303af30dd9607f14faf449ce27c9606b25b1d4cc8af955f22,8810,27,ok,8,62,0,8494
c307d5fdb3a683bf6c40b2edc39b00524d7918c3681cc51ae35e34116ee650dc,6126,24,ok,5,32,1,6538
c30a002f22df72ff4e42364eccc8dd08c65e8788cfb710580de3577e57a57b46,15748,30,ok,10,9,1,10773
c31d71b4800545b7406864723cf223ca3ce59d08fd7aefc6d60c13d48454b077,2210,21,ok,3,0,0,743
c340cb60914e316a5174b770695ad04a3c639041c6b5089629a3756d2801d3c7,39209,54,ok,27,121,2,41291
c34e201f34d2f6b303cc870cb6463763fd20ffcbc3f87c8940fb22ffdffc8b83,5686,25,ok,13,0,0,7489
c37a8f2c7a10acb332060f86b94ed14c63adc97e82182371a8233aca9370f0e3,19606,40,ok,30,221,1,33730
c37bafd5b100fcd74e9c10dae104d2a0fbd59d155147c635e93a60ab7d255a0f,16255,26,ok,7,0,0,4644
c3ff69d4f24985e4907ddd1c0bafbf9e639fb19faa27d897e45c23e7b8baed3b,35895,44,ok,16,173,7,45501
c40cf4373da0031ec49ee23de83e902b4ffe38615755caa26b4cab8f1bd8328d,8545,27,ok,4,21,3,5669
c413e1ad901eb994c0e6bbf678c350506d14af50018c3e580407dfd08ecc5586,612,21,ok,1,1,0,533
c42f10a9999e30fd491a40f9232b0cd2555e04ad5024f4bbd20e4c01f098c138,19247,447,ok,14,67,2,13834
c4321b895b962f7bd3199016992fb39f8749ff9e74272210e6a90efc5c8a67ed,17733,27,ok,18,3,0,8033
c4a8b0b2b36d264d3e7fed8af5dc5aa581b8ab4492b5f305971595a95d44e751,7894,23,ok,6,1,0,4995
c4bfa50c32e5b02629a2312312bbb7a7ba54b56a322764cf65eb4c7a4a14012c,35690,36,ok,35,50,1,22912
c4fdfa1c00cf984cab8ea14869434055d9dc6f7f0a9b36e70fb1f570261bebe9,7275,26,ok,13,17,1,10447
c52393a20f9409fb7e30e38c801b259a15cbc4f9f8229950cf2eb01505cb1203,11092,30,ok,16,91,1,13741
c523f157b7ca86412223f954ebf29aeeb3cdd0c17ed680b2d9f4aad3ba748774,17851,29,ok,14,21,0,14598
c52a361115130ca0daa1b36f92d56b8b97f15982600878ef63a64461a664c6c7,5997,24,ok,4,5,0,3598
c546a2d0990623086a56f8bfb1b57b42a227f8c39705e18f97b8a0441180bd81,29312,55,ok,30,48,2,30358
c54cff6650e22a78050088350182eb61cc4f5cb170b9b238b2ac9768966cb6a4,32064,31,ok,74,29,0,14617
c54f36e053555c87675a8d71b95d0734bd58543fbe9418aae9973d712c0df0e9,32383,39,ok,33,152,0,26329
c5509dfa5f022deb8ae621f073adac5fd788feca0b24d15b5f392ab22c2ff222,21660,69,ok,6,96,2,13736
c59af3c98989be8dc7ffa916a68e490eb5fa65acd7acee31fa4878b4f7da7cca,3888,26,ok,9,5,0,3594
c5a309cc6304f7f940711afdf63d3cf7e8f47f231c924ea31214eee4019c09ff,14691,29,ok,5,10,0,8476
c5ad8d9c07b6e153939c1f53612b10afe34b27181cc00e7b259a6a44ea4d4399,14584,28,ok,6,37,1,6127
c5b969c0100da15ad96ff6416c6b8a30629045f1ea4f36744f4a5961425d50fc,403,21,ok,1,2,0,999
c5e2d06e1d18dbe3ec812daf809364b17536ef3a720e730214c94da76c58724a,9971,24,ok,10,17,0,3311
c5e9494a6ad96013e31fab7eaf3da923c982b352d7c8815464a533927af7e3c5,10896,29,ok,10,34,1,11200
c5f57f2a66c13a337bbbfdfdfedfe468ce92cd67d1be915cd120e07b5f339af9,3090,25,ok,6,42,1,5094
c5fa5e271feca80e4724a89348b2859357f73a4effcc22bd09e0b3fd0d63d586,19275,24,ok,6,7,0,4185
c6114e96c26734bb1b31ffbbc4d6412e776eb17a74492fce83a3d677aa223ae9,37862,28,ok,15,9,0,6958
c644d9547b08f9c655b5aff76e4048a8aeedea89083602dcd87c756765789b2f,5047,23,ok,7,0,0,4012
c64855ddc83a77c39da80061fcbd950a49e9f78a46a66ef2fbd442c0f94c976e,43171,780,ok,46,662,7,101275
c65799c2afcafb8202040b6b0de465b6382bbce02f543f60681802b2da20abd9,6391,25,ok,14,0,0,3317
c695d8556eb33d82a422ba73d100261d7e0be22579e04e94cb1910fdcb7d9cf1,7417,27,ok,13,0,1,10265
c69fac401be882b87ee24c74e56449695903983029324cac7c70ed98da441fea,14586,39,ok,24,56,1,35819
c6aaf863dbd8e650fecad59d1eab4fd368e05918099d05b5079d3018da196abe,10668,28,ok,7,21,1,8158
c6abee238463e02479a54f8e605bcb433cc46d24ca68886944b4aea1438b30b0,18266,32,ok,9,3,0,7512
c6c75980026559e1f872bdfb4c559c5b142462d40841d867d3f4f7198fe9f01b,28275,36,ok,23,8,2,13356
c6d58eb813ef20c80a88c72fc5d14ff02263e9316e2a2bf102696a60cd781354,30774,50,ok,34,151,1,45118
c6e11631f244f9dfdcd402da94c4bb9899b2a9697570c124d5df7009ab8f411c,1162,23,ok,1,2,1,1576
c6e7e28b917632bbde7fd662cb63c064ca5faef85dbf35c8f2b6c7cd7c89e945,7406,29,ok,13,2,0,9991
c6f97f7c742a1752fdfcbc221ca806d67a9eb1d91a1364c3d662552c74de041a,6312,27,ok,18,23,0,10828
c6fb33e7ea909d6050f33f52c617314ed1a3eca5fb15b7b4fbe72debd13309b0,17169,30,ok,10,10,1,8585
c718a9ef6321aa3889786141d6fbb623f7f81106ee8c7bb87c62256f6040c507,7997,26,ok,8,5,0,2756
c73490d0812a7e73f028be28bc76a2884246efe304f1edd1a309b25b1c73ae6e,47477,116,ok,28,48,1,49212
c744b87d4aceae796e9ce8f57a6626f1bb65e35796540e13bc7f8b12f835133b,14754,25,ok,9,0,0,5076
c749c329e661a7902d735b07a3801aacd0c435f12622a353ead9595574acb050,8221,34,ok,18,78,0,12691
c753f779848400fe4960a314198c2b1b79b55ce28caba684bc4c58cf10ada04a,27118,34,ok,11,39,1,27867
c7562fa3d0a2c0b18889eb4eed87a3c9524cf38d7ea1df776764450b6da39d3f,416,22,ok,1,0,0,139
c7b179b56a30a547b42e6e9bcd8972804270330e96e676c6172f3357b8dcf963,28689,85,ok,28,112,0,28884
c7bb4fea87e25db9fa7cf68b3c01a54c2644ab9c7102d2e5a08fae653639fccb,5399,23,ok,8,0,0,4235
c7d9241805d92ba2dc24cd1aadb7185fa3b499ba245ff1c0bf9870b7ea86659d,12436,27,ok,15,12,0,9537
c7f454de6029276c48af0047647ac195d0ccfb81a4ac13265f59e1dde19aeef0,48017,70,ok,34,80,0,30627
c819b5b179fe0b8f70dd4c84106c06f37f3910229930296db3174cff31c0c16b,29590,29,ok,72,27,0,13908
c834b9ed6b60aa084d82fda7d6fc2d2f54b0bd72e34dded706121f62df808d53,41045,40,ok,21,66,2,24189
c839deb89b978c4f86f0593eca445061b09f47d692ea251583a86ad8e192b6e7,50131,58,ok,37,42,0,21350
c83ad620de2036e813730d0a476adb2bbda3e6c0819e9408d1c1ccc8c18d5c32,29514,49,ok,17,143,2,19768
c845c0aa5d1f5f8cbcf535eece58251358d5048e229a3e607024baa487bf0b9c,1169,21,ok,1,0,0,925
c860873f7ffdae8e93467272a9ab7caa2b6a9b37a3c4af6c201d5395eb15a0ad,32403,97,ok,30,129,4,46034
c86f5e0b4d2821b42dbcf788392d37c1d35319984608e18ddf9f6852d0fa499f,20582,30,ok,17,11,0,9407
c876665a13b96ec55815343c493632a68f886c02eff86a84ecf9ad2465254ee4,3692,25,ok,9,2,2,6220
c8a125136ebbebfb3c9c55cde491b509f6c6b3ccbdcc95edae03e1ec8737d6bd,13232,28,ok,6,47,0,7977
c8abaf65d9df18298a0dbb6c5c0657c4080f8fe7a1611ec85019f741880a1ad2,15006,26,ok,16,7,0,8696
c8ee03b1f4bad64e9fac19da0cb4641cf82dc2f210e139b6c70211eb12098bcb,18357,32,ok,9,29,0,5419
c8f4793cd2e6c043586278880713005fdbbaaa9cca11183d84ce20f36d8cd407,5651,27,ok,14,21,0,8572
c908c656a4ae77390dc05d43419f8624ebe1eef3d1d14d122370017ec5231fe9,33401,44,ok,19,112,1,56420
c912490782dacfc7f8086632fd347e45c407b83d4c3f2cc8ccfede2ac176c2ad,25603,27,ok,6,3,0,20151
c92269c59fbcbea95bb0d5f90d0aa99ad023d88b9576e4738a6bfdce48912ac8,17119,32,ok,4,20,2,7640
c92c31eedc675ee13ac2c5e874d22077c9754e48c6d3734576e1e26ddc9099ff,20663,28,ok,20,28,1,8372
c93980da08d4db7c0b6df0f11913a792058512c1bcd5a9903938baded4f06cf7,11801,42,ok,25,47,1,15237
c961e5de68b41f90088f51b55579778ac8c0bba099076a68eb1b15b8bcd98e50,27176,207,ok,19,265,3,41314
c9cca44dccf9c9eab6c5ee62867309e76d3adf3446c1b7702a747b160999d935,17880,38,ok,30,42,0,16446
c9cdd8f3f8c991783657809efb816c3330d4408500b8c87979ca0d263a107b8b,29450,67,ok,39,86,0,41092
c9d43882553a984c42b44927f9870f02ae83693dfde92d74d15d336a522b17a6,38898,42,ok,38,16,4,25137
c9de100686a47fda6fded1eb1261b64444006988d299f231a2c30999aaece954,7847,39,ok,7,15,0,4791
c9eb92a5bc645f7b125bb1b45a34fcbf1c710dc390d7230a08a4ddec111e0bd1,9700,26,ok,13,12,2,9612
c9f673a1dee7ae1d0a2115ff948a4c2a25ab7fac9d91e544e438b9b94b6677b0,14190,60,ok,10,10,0,5267
c9ffb923b0b7a5c1758c512be9fa508a50317ec692249e9d1b96537c3e2e190f,15606,99,ok,12,129,1,37860
ca0d743d639479ae5863428db4526ede3decc208b2933dee6d9922aa408f4173,809,29,ok,1,0,0,527
ca1027e0124902c5a2466c12a414ee6f576ac9b912cb51341eea2b3196d4ad91,1606,25,ok,4,3,0,1504
ca1e824dd71f52fb086f8770850a2ca43c8661dab5733d19c8d0de66e2b3a7e5,3025,25,ok,3,2,0,1589
ca4e28f39354c0a92f8d9422b0284c37e00ee3baaaf9717983f22ef36ee28e71,31001,88,ok,37,275,10,41596
ca537137a3ea7d5a14680cc48373adfb4b7163c13d4f78e12668262fd319ab44,20706,27,ok,9,15,0,4565
ca6b85a13e53353912aeee2d4742830fc58076660dde64fdad4a6afbcca9674f,10568,26,ok,6,12,0,7875
cab7f385e9d171155664d8860e09b91bb4d349b8c908b29237dea3eb9211c429,2232,23,ok,3,3,2,2337
cac93e1c0bb350bf728945fb0d979357ca800c8b0b421c0253ed3167983f1a2d,121967,124,ok,74,384,7,84965
cad0cf2fb94ea4f17c9f43ca8f6f425150af02b764d797a027e2a29896f51d6b,1781,22,ok,2,7,0,2613
cad725da76353b34f3ddbca94b5c1e1dec2d4e5f9900b7a854ad7bbe13ff5141,35114,53,ok,35,124,0,46114
cad793d06a4aaa743f6ad10dd81bbe22f239cce471f42b839991d84ed3f1d3f7,1335,22,ok,2,0,0,1183
cafc5a34cc17c49f29c1aaeefe20520ac3d6336747a6eb125cdd85e082857cc4,47564,40,ok,33,9,0,18597
cafd8e52594ed5cc58090aac9e5b3a7da076f25f8dbf6c94c485ce866dd90ce7,1134,23,ok,1,2,0,1156
cb0a66adbb68fc954fcaa22e65c9bcb46c2acbb07d52151f1160d96498578aee,3383,22,ok,2,4,0,1461
cb0a6f87fc7bbef6d6d8d1c1631c1a29d951a41002425d3e7fbad251e9b8a7db,12659,29,ok,19,47,0,14896
cb237ace7051472eaa68a67a3261e951e936bb7554494886171e3781ad35b77f,7703,25,ok,6,14,0,4594
cb2758e6a880d458985bf1fdef54de999d61dc09a9b236a1f1fba905a78bb583,15066,33,ok,16,21,1,23465
cb28531b98c4badf845da8b01832ab7f251e89459e54bc24ff9de2b1b837c3bf,11469,52,ok,6,0,0,2977
cb3c0e119fee28b7f3623b9848cd0eb632aae32b9d2dc955c49f348db6031b00,10392,30,ok,15,32,0,9698
cb448116044397df4dc3f0d87b2ef4957ca2c9fdfb0249b063bd8f9f9bd7eeb7,12736,46,ok,3,4,0,991
cb6c0bd9cd06abba05f924ff4157b41aa1dd3891803c7c93b3b158e20986e592,11680,28,ok,5,16,1,9342
cb73926169e7440055ddda02bd76dca3c52da3bf0e251e9cc7f2ac609a062ad7,1407,23,ok,1,1,0,587
cb7482ad610eb8b5da4b0c1c113bd8a39d87c5bb239f3b1f54beece163918b47,11320,10,error,0,0,0,0
cb7b1e97db9db450f216478a389b47dbf11a29d380200ddc3ccf32dc4487d78d,18963,200,ok,4,7,2,3919
cb7c971ffc5e6e3cec6ff6ad2126ce84474f87f6f2520a0a1bb2f27c5c410126,20300,36,ok,14,48,0,14977
cb7faacb77ceef84b979321f81977c5a44fce41ee0a335b7d37357c8b8b41cbc,14869,29,ok,10,60,0,8348
cb820e60539caa3663b6de42cfa16badca01e14a043dfbb543d6239595e2cc65,2725,22,ok,7,4,0,1847
cb96e568d52b5933111d3d97c7a3c23330df1db086aad6001f67e2daaa62d73b,12003,27,ok,8,45,2,12122
cbacbbb14472fd4d9a0c75ce4a92c60922430eb931e4e6906986edf4778171c1,12392,60,ok,5,0,1,1861
cbf7a60a6554b5c2eebce2db35b518d4fbabc7b8f8f260ad7e7b193850a78bc2,17164,37,ok,20,45,1,12802
cc01def20c4fbb79c9cbcf11ebb06e65948517301dd5ba1851c8e445e3494072,7318,26,ok,13,17,1,10453
cc0e40810209030946a09172fbcd77a8af9ab849c2f7d240ddf6551e459e80a1,4377,23,ok,10,0,0,4488
cc16542c731002546ee1a82da2910d83f9646057eb32ce0af6b45ba444d41f0b,4630,22,ok,3,0,0,839
cc225c2644e677537f618aac8a4303894de5337f40c16b68d2f3ea2aead887e5,991,21,ok,2,3,0,734
cc229a460742b1af9740f6fb40a563b6aef5888ec7f41ff8de255fb757d686b2,13219,32,ok,20,78,2,18318
cc277ada4bb379d8e822dab0186f5f3f8baebbbc23364d369297de0508a26813,17874,28,ok,14,47,7,18265
cc34133f9d6c2f2a75238e33c47f78498496fd534bbbc2cdaf643438fada1120,10158,27,ok,14,22,1,9845
cc405e810e050f82daec07a0ea40ba780085ff9e9370268b922c646e6aafd239,16029,31,ok,22,44,2,17438
cc68cdce6b969617e2f6bcacb4f57353d09d0b7317d410892804e1af32c21532,25136,32,ok,16,15,0,21462
cc6a1afc7666c8a0d79d3c16e3c4301da51349ca4c38c01a26db94231072b353,6639,22,ok,2,6,0,1450
cc74acb56fd01ef560b5d443cd58fe11d5acbece0e4001612ebb31020fc92f97,47193,256,ok,14,23,0,6386
cc8651fef7bc9114c2977a12e56b3515e01cc63e16be379a710433db43db5166,3357,22,ok,5,6,0,2769
cc8fdfd7653c2a6cab47ea259c405677d36f68bbac0f8f5820c1150872901dba,16065,29,ok,9,14,0,7468
cc9170363f840743d4d94855224d07e30b8129cacae42a5c31824048d841e516,56602,299,ok,31,23,0,10312
cc9fc02fd1a215a3909963a528ec0c23ae57e5a7bf85c2c3f5287f3144912ab6,7098,25,ok,9,37,0,6033
ccae9a9cb9a6307ee6e81bd8d5e5cbf5bec73282180bf9abf6e1954550df3a96,485,22,ok,1,0,0,325
ccbade3fd924c5502188092526aa38be4ae517cd5f7d390f4cb793b7fdb5dc80,5520,24,ok,8,12,0,5435
cccad86e5b2fc9c36b6357c616bccdce9f7f2198be63f0e2a6084aba7134ad04,23839,54,ok,2,4,0,4407
ccee8cb55ef85dcc44d1443782e70f94395b59780239cfb33eb35b612febe70f,4293,24,ok,8,5,0,5328
ccf4aab9fa5e0e67bc59ba0a1c2eb92ad73bb10d273335707e47207183fb6768,8537,26,ok,19,25,0,9464
cd12c963fdcf03b8ac942f15d6fc8e0389d2dd6618143895a8019c5fb7e960a6,695,22,ok,2,0,0,234
cd25e0e15bddce0e070046971632569ed9ab830ca9b015d04ec53100c0181185,593,21,ok,1,0,0,254
cd3e15f3a13d07dbda5561a4137035124f3cbdb964becfadf9bb54630f839daa,56477,408,ok,34,104,1,22675
cd577891c931b280d7bd67ad64bf8ef1af26bdd31f2ee8313b3c0d3c2c19472f,73507,107,ok,44,101,2,44395
cd86e1329db43816a62ecb5539ab046d8ba5f505ef61694479c42177e7ecd46c,102214,316,ok,30,336,1,62036
cd8ad034fd37e246ca578b1cfd1dc3d95fb532a6591ecf491ee01d2db03f5244,123720,22,ok,0,0,0,688
cd95bf715001c417b09f1ac19e54dd4cd032cc916efe2255ec3c63d16ee87adf,25384,33,ok,11,44,2,28703
cdbd8be1e10b794a44ca45bfb8cb3943b31b751ed76e9acc2c950b3c09151631,17035,29,ok,15,2,0,7190
cddf9f1ce4197dd536efff5d16cfdf38e7010a53ff1401af64244f604518b9b7,11979,10,error,0,0,0,0
cdf7632e39e3c310465a402691134518c9d73604aa44c8fd4bf338b641e4c59a,7373,26,ok,12,4,0,6488
cdf7bf48f96ad2ecce862690af94041a56156be1fcfe84d8df3bac215cdf1e5d,19429,27,ok,17,8,0,8281
ce0e65efce6cc73c7a82a82161f1a62c204307ab8b7f733fe5fb925e7709149c,16779,110,ok,8,9,1,7132
ce10ad0f855cde76f58aa9e6a9336557af19d22665295fb8265c1ed61e59a062,13378,38,ok,7,59,1,17551
ce1cdc68fa927f0e2d9c6a5c11a1aaa8df43185c2e1790d260d7fef326d9b829,15304,31,ok,13,7,0,5258
ce276fce15c0cfdf94444317454637d058eb080f9e55c20dfe31054a07be8f29,28800,56,ok,41,353,6,58374
ce4dcf0f00695a5ee5804e390ce4cf8b4587ce689bab3f7955f54b4f03f3799c,19360,70,ok,9,182,5,133009
ce52a2af6678a2aa00d44220db604f4474bab3b78c285a52aebc77b13ba1898a,7557,22,ok,5,5,0,2199
ce625cceae48a4f2867a6f7ba4d30bb3d904494847eb63e0b95f8df0c77d14bb,29263,93,ok,41,278,3,78876
ce84b965f3fdbf4ff9ea4c28813a7a30d6dd65c69d0d1bc19834d907a5e0d27b,14542,31,ok,8,35,1,15221
ce961028321c9bfccd750a47e269160db42b20c220cecc21564d21c29058ea2f,574,22,ok,1,0,0,399
ceb80f274a06f17e1b54522093197aaca7906a4f860ec9a8bc1a4e7bac170f1a,17511,28,ok,10,2,0,7047
cec175385911bb959a92b4f27d4be583514ac39ecd16c2e9f7c5d3a3d9397b1e,9412,28,ok,7,44,1,7240
ceec173e4935dad50252826f773fdeffe8bb8d6db4459fd9c5788aeceb08c7f2,14279,22,ok,6,6,0,3552
cef52dd67fffbdfaf1bd368eadfe684d10384d26723e81d99caefef1e22f8bfd,38060,32,ok,4,43,1,8183
cefc6fc139d2785e861526ef39e8e5375b8cbbf0a813392fb45bf653d87c698b,80119,160,ok,54,45,1,42568
cf1e11c20d0486d31a31938750b3a2adc87ac8e8e41f0513f7ffd8319385bcc0,3044,24,ok,7,11,0,3332
cf510d418d5673598f3c70430d71bcd733af161f7eb4a75303ac2f9aab9f464b,32275,29,ok,13,0,0,8952
cf66980abfe5b2046a9e6ef64a42898daf91623078bd7e88f79bf65a2b19a7ae,7249,26,ok,11,40,0,9164
cf8f805b520bea6a8ff1e75c1c89118fc53083706ea4b3d648cd63cc27aa2c23,3663,24,ok,9,21,0,7176
cfa166f8584ea9a513316fba6c7387f50466e1301c83abc6b6a00ee1d10617b7,8672,25,ok,5,16,1,8174
cfa2070d1adcee3f76306ebb6792ed7ae30b9e554bb6f300d0a7f870cfa13d06,18061,26,ok,15,14,0,8857
cfa823e62197e720d9d293ee7dfa1ea3328d5b612b870c753c136e551b1cca30,11969,27,ok,20,9,1,10695
cfbbda6395ebc147a90306c0492d5924a65e4ff683412d30e300b0bdf4f0aae0,12143,32,ok,13,62,3,17912
cfd1a81b11699ae55691d265a785c93175ac27f2f7447f2753f721824aa66f91,53101,60,ok,60,653,2,84510
cfe660ba55d1d9ca4ba1648e3db7d21ba298348f684abb9b42806f8e020585d5,9823,30,ok,11,120,1,11508
cfec83c1227c3cafd110eb422ec7215e246103cf9f3db59a13de3336be3d51a9,5952,24,ok,4,2,0,2320
cff428d9fbfc44004a7727a74b0a54902d107c8dfe0fe41ad29a3f93b0631934,8290,25,ok,8,7,0,4068
d0044d9028f6cbdd380333093a66a7e9e6b4b854044d81212d0363fdd34f1791,5222,24,ok,4,9,1,2729
d00dac24278e6b9eb5591aa1f08ae70b80c4f5c8309b7bd224b077bdeb0b19a7,4901,23,ok,9,16,0,3897
d0144805a2d8a2afd92b3eec27ceec05f8719f66d7e79a1bfc775c6255099986,15474,33,ok,12,16,0,5523
d01f47d53f53f6bba1ca573f53dcff306457b340478a3f9ca18e0f3fa5f5fbf4,730,21,ok,1,5,0,927
d023145534b1c4092289d95f389775a1f3925c56cddf49f9f60f5a5241d110f5,4693,23,ok,6,0,0,3286
d0275d23b00b442672e5e925902c32e1356ba7d7ed48dcf056a4a1cbc908229a,19610,29,ok,20,3,1,11024
d05830d5fc421f900e38b5817749fa1a616734c0c6529ef5f9e808f2b754267e,5503,24,ok,5,12,0,3665
d063a5ff4a2e0600ae8d2d644b240d274eff0547a3eefbc5d19c08b358e90546,30774,53,ok,19,51,1,12730
d07941bef95ad91e9e5f64fa1ecfad57ca7aacf1cc3cd0e54f1dfa0859b0f6fb,45188,47,ok,32,33,0,12535
d0876eb42607cb7fa2c7a9da2f86ad2d66424c0e4bf0d29da792f6b3adbcd9f5,14165,28,ok,11,21,2,9044
d0c742856fbf55b3062d66814cea96704c52adbf7f4b3e183999af2d3105db06,52659,294,ok,54,52,1,44311
d0d58d621ae8f0aa1a6a2df9ec2c3d75a258f8f8702aefdf7153ef7bd6f431f8,2896,24,ok,5,0,0,1004
d0de20f0b419313447c0b0e7c98518c837ebc5d4df61c7149071c70e181c9873,3528,23,ok,2,0,0,1220
d0e93cf97d4d2f0ad9af106263434fdf3fcab51e8b4fadbfdb9a397375412e77,2077,22,ok,3,0,0,1529
d0eed590de25b7d1a54e1e09897f4acd8a57a9c46c62a01eee350618e4d695b7,20665,45,ok,20,3,1,11659
d110296f413d5e9f0a592795724d58a659a0f2678e36817df35e3ce38ddba95a,28854,33,ok,12,99,6,14029
d1257beb0116c02a95a046a73142d8e2d510a4ee0594b6ebaa9b58017fa64454,21135,29,ok,3,6,0,4180
d1340ea680c4bc45be21997554cb5d37421a9290bc20fa50f2ede79029a77f8d,23385,266,ok,14,34,1,13900
d15769c1e97507561fa6000d016229ec1c9c0a8f4f1878f56d3f50466dd63e9e,5556,24,ok,10,0,0,3549
d170938c145fcb6a1b1b13195237f93a795db66ad41534acf5dda868b4950251,10939,24,ok,11,6,1,5781
d176ca783226220cf2ea24dceb4216e36a8f23fd84526b726831d76821e52ed8,4261,21,ok,4,14,1,3085
d181b9ed7a67f35843ffcb48a9dd93153bbd17367bf32fae7cac384023318db5,721,20,ok,1,0,0,559
d19329c207d1b1ed18d3a14c3a49ac1c6ab31ce8e58fe4f926e43a6478eb501f,19005,33,ok,17,52,0,18104
d1bc19216f3c6f1c9060935c161f034f0930a74e7140d2baeadd4cfa8a6a3a5b,7629,24,ok,15,0,0,10496
d1d4e69b4f3b9c14382b5e8cfbc081afefb5f5306769339a7482acebdd5358a1,32260,89,ok,27,184,2,39863
d2065836ca2628d5ba4a5578b964f39380a20e77315f7d72a487da086ae6411d,30407,140,ok,16,65,0,24992
d237fa83840c068f576d8c51a424a645a8ae3b8b18dc888a95cac65d139c8c58,20797,25,ok,8,15,2,11597
d26b246d23e87b05a8b5e16820f7f7694666e8edcd6f33612a5f800e3c777a03,16381,34,ok,26,11,0,8537
d26ecd374bad5fbf198ac32dab5f6c671d042ac0e0a7cb1c88b5f6603e8d4a8d,5592,22,ok,9,5,0,3357
d2bac3ddc9d0d643fdd6f0dcd6dde2bcd421525307e73cbebe7b609d63a9b9b9,12232,25,ok,10,17,0,5322
d2cd4e0db809ace6a6a711800ae42303b3fe7e7c1927f446611db1e9465bdeb6,7472,24,ok,13,2,0,10011
d2dec36170317d81aebaee3efdc7df87fe5c72bb87bc85f5f8cd1ef1e057eff9,52088,564,ok,60,252,1,62396
d2eb73508afbbb035fa33fd44ef775e53ce74fa3bd39a436de2d0d0bbffc4273,23822,33,ok,17,103,1,17902
d2ee7cdf0390b88a17858817188c2c2ff2694a80caa7567eafdc8a06d7f2841d,15203,53,ok,8,99,3,20078
d2f32d45cf25458862bcac3ba6d34c61cb747303e706f42ff097594e1816d730,9906,26,ok,9,27,0,10188
d3019fe8ea30d7265546e2ad134f30812e4460973ddea741d2a163ff2d89fba0,8830,28,ok,14,21,4,11976
d31b9d0aaab30af7247d7de53618b6793d806032728ef21d08262ddd8e11917b,15058,28,ok,8,34,0,14753
d332d0e11bc48141e472cb6ccbcc0871f3d6d092560a1704b1231f27da437b89,6117,27,ok,5,7,0,7037
d338638bfe9350f313e9a60d965c3402ef99744865f25fba0b6735fe8106cedf,9665,35,ok,14,39,1,27965
d36769d55cb2fa787be7525e6a4fc686a3c96375d3b95a646cf2b209c3104c39,8073,24,ok,9,9,0,4310
d36886cb0af03aeb91bdf63d8fb50005003a1bc88f758e1aaaa68ac6d42016b7,26576,32,ok,21,59,0,24595
d37035409b010c3ffb3274c780a0ddd1a25ae65301996115ffc73158e38fe2db,17379,30,ok,8,13,2,3563
d370dc79be4af9922fc34d431c0dceff8268b5f9c81b18bf877e855645e48023,3148,23,ok,6,9,3,6532
d385f66c1e949400cd355ae03ec178b4b949f712cdb03176075d8dc96c6f4fe9,56135,120000,timeout,0,0,0,0
d388a61d4f0c8b6bc36baa037e7851d337f9d50a0b0da3e065c8695916dbc820,6488,244,ok,3,2,0,4352
d3a39b20074dbffb8484189467a8349c356a65a1a852e439da0309d9b7216983,31535,41,ok,30,8,1,11872
d3b6d659172b8849453ab103491cfbadfc9af573fc311d95bf15d1522525eb9b,7887,24,ok,11,3,0,4747
d3cbd631a73f70413cb08274a4c6737f402660aa6d718480540c18512111973e,8526,27,ok,10,23,0,9748
d3d4d607c6db7fd8ac0e460700822c9a7018df280c7133fffaf6497c92f0c521,7920,27,ok,1,17,4,6170
d44487d42355ac978ddb16c28ac4672d91771e918bab07e2cc4c768e7f6fcee6,10572,29,ok,22,0,0,7580
d45e9f5da77d46957bb1b6aeb9dbce4a2f94f3ec833d6245ab73b615a9eb4992,3048,24,ok,5,7,0,2203
d45ed61b23d7162a9cbe7ce5cdf98a1bff3150f1f61ec38eaf042fda6bde8a70,21956,27,ok,6,17,0,6031
d460b8c942ad5a94c2a7b5c24e587bbdacd09711addffd2b7d7c7362d549d01f,16134,27,ok,2,7,0,2531
d4645fdf3441e49a659bc0b8fd6fe6287ea8df5048630f2af3342c1769ae57b8,6120,26,ok,13,3,0,4302
d47ff11a030b7965f003051a3486d12c5d10da191a945f9f14dc3c5794842a70,18500,48,ok,21,27,0,13923
d4862be2522cfe5cd4d55a160e10ab7c313ab1297773ea00e98e3eaa0225aa0f,33739,41,ok,30,183,1,27345
d4a63b42550ac5e75977d6cf19bd514612521e7202bbab25bcc8ddc18c6967fd,11608,31,ok,10,44,3,12412
d4b4976b4fe214170a21aa11b70274a54877160e05ca88af0f41246956170ff4,26144,42,ok,38,21,2,29700
d4c13dfd28241c3df62d604e91fca0510b926aebe315acaa0cdcf9451fde8c35,7446,28,ok,14,5,0,9428
d4cb74c87f5101f6f6405a667d68011b80e5bd7fbc02886412d67e5c41707a10,2505,22,ok,4,2,0,917
d4ce630636eff6de88819722cd828a149f6a2b80b89b0814a32c81da1b517a70,8979,49,ok,4,12,0,7041
d4f516e320aea7aa4dd30cd5469f7a95976344cb8489f00142b0259743bfccf7,4330,25,ok,5,12,0,7279
d514aaeeb08159a7bf0516a8769707cb745d01eec45531c061d8356722c56799,1770,22,ok,2,7,0,2568
d527a37861d0e83d4b53c76f60bcc8d32ee1fccd4a52ebfa252f6a447743c8bb,3623,22,ok,7,4,0,2421
d52cdf2eb525b6be48346594281048f6a395975a724473515a1aa6527c35eb21,15477,28,ok,10,20,1,16097
d54eec4122b02dc2b9033b8f63dc269ec4a322767acf8233f735c02d77f3594e,13811,28,ok,16,33,1,14046
d558e6a20af9b41e264beb1785de8b9ca412380eb2b142356e5e39a938fe96a5,22652,28,ok,17,82,1,16685
d55fa4c862a99b7233098faa949f3337f23fd244b21e2e2af08bbc7d56a6b73c,7658,22,ok,2,2,0,1297
d567b550d95b4e57ef2024eba805f6046ac1f2cc30965908174940ef6973a879,3657,22,ok,4,7,1,4151
d58e4a6d7e96da92856ad1874b5bc5b2607ded0d10c2d3e65202b08ca6b8dd45,17236,25,ok,4,2,0,3771
d594c24024ed0c79d801932c8d9899ab20cdd3644c16e67eddb2d9045faa8fba,1269,21,ok,2,0,0,428
d5a656f1cee86ccbb94729638f158711680e29611f1a4171115e0dd2cb93c818,13892,29,ok,22,35,0,12980
d5a86eb88cb98007ebb6e2e72509a3c21c07e478d027b0230d44c778158dd409,12538,24,ok,7,14,0,2476
d5c8ed84c56192201b061e68e11d7376e1342364da3aec7c2e053a33dcae03f1,23709,89,ok,14,10,1,13114
d5e9db071dcc19721df5d6dbf70e24e93231ad9c20f4fb18ec1a5b250eff4a77,41118,54,ok,21,53,0,28154
d62efe5ab89c35fb1ec0faa73d41a710c4b6a605ae6638b8d016d575200520e1,15375,25,ok,3,12,0,4255
d6555015ec88a308950f7be48eec3112cb899a86b1d5088cd63843b7ed1d4f2a,6595,24,ok,3,7,1,7547
d65b3bb0e0c61300e44efa61d50ae9ac6d32544382093b502182f884819740ec,35264,51,ok,17,48,1,49053
d6704b277c3231ad8560cacdbda063ee142fd4f15bec7ae6153c6bf220c3873d,3144,23,ok,7,5,0,4676
d67379d399e64e6606f87240c8e834ac1bf7c5730fbec13067858f641172c032,9316,25,ok,16,18,0,8916
d67dbd139c692237703b0f64adae6d7e87b5f1b559b4eee549baa047324f37be,4893,22,ok,4,1,0,1941
d68610690fa381aace03f16ef591334d61e808bcba0ac9e3a15d76df492aff24,20927,41,ok,25,84,2,33626
d69a7783fea7e1110f7393c491794d08b9ce56af6d1c56c0fc0829a29bab6bb6,6544,25,ok,9,18,0,8049
d6cb6bc2da52e5a05e8069a4c45803b02148faf98c0814f787982ac0bbf78368,35421,100,ok,14,131,4,59385
d6e5b31d1313c6577a64317923d8e9d7abb2555208a656fab2ee52eabbc57e5d,26253,48,ok,27,36,0,29573
d7049478085a960fab7b0b9525755b810a02c3846fb8a87d3cb9ddd17aed3ecb,4427,25,ok,6,16,0,7849
d704985741fd68d2ec2ce084739f5e6b4c2ecbf2c1a8818316c13b2359fd900b,2834,22,ok,3,7,0,2653
d70a8fceead24dea08168023f02b76627aa8ed98359aa10cc33cb416b5f5ce9d,12200,29,ok,11,40,1,8827
d70e577ff4d66329835b7a59f71e4e4a946de509a9720542c71847f0ddb2963b,4051,24,ok,7,7,0,2869
d70fde58a69dffb90551bdbf9a1c372153e851e3f8770b3624d59b1db43d7bd7,120754,109,ok,45,237,7,97671
d71983c8799ac1663a30b8d3f13fc38635cd7c18c217570f4eb50d3b4f79aa57,12163,30,ok,13,2,0,9252
d723b12d81f1a0e8c4b384ff9d01f0fc6e3f4f151d55ddec5dd02dda3d33a542,7464,39,ok,13,22,2,17912
d7430b0cc13a32e426511bcad059011445862cc79453d102dbabfed77a24385a,18183,35,ok,22,43,5,24572
d78217a57c79d482d9035ef2d6204942e016a632774f487146e680842373f724,24698,49,ok,13,105,0,12382
d793255e6ccd9a10a5bee3940a472ff6b2e2c416dd7ef17f67deb32e117fdc57,28591,63,ok,15,15,0,24315
d7ac4a995d3618be1fc6c06434db4ca734d2f587b486fb6280f80c2691aa7337,32932,47,ok,34,62,1,39509
d7c187f1242d38ebbc61fb0054f3cff039a2e5000323abe7398a7cf0cec3ff01,535,21,ok,1,0,0,488
d7d2c42085c211596f7767292c46204daa8c6cbee4111383fba5959e921c6a98,6381,23,ok,2,12,0,2853
d7dba14ac5b1e933e4eb3452e5ecad3e67dfbe3c68acc3bc121964835d337136,4336,40,ok,6,10,1,4861
d7e946d08e900886c6160299ccf941b7e62bc201f7d798f4ed65d1000c94e000,48358,114,ok,22,162,2,22299
d7fb60c602ab8fc3c5752f4e9da35d193d9077111ff95648350b2029693939e7,32254,38,ok,24,19,1,23663
d826eda35470b53abe8a664b3628473c843178c0264bcf3a68194e1eb2f1c3f7,12271,29,ok,11,88,1,16818
d867a50a5b2c237924e356ca09f88748285dcf30426f42c216e19d54c6cc5039,27447,70,ok,25,38,2,20354
d884b9edb339113884e24156068931574152bf38b20e71d5313f3fb134128806,840,21,ok,3,5,0,896
d891b45262573dde0a206e4bd849f600c6abcb7ebec7ecaf55e3110d379009bb,2324,22,ok,12,21,0,4409
d8b958fea35ae20bb62360623d95df210c562ee9bbda39333b7888ac6654043a,5026,23,ok,8,6,0,4324
d8be630a761fa1b578f26cd22539e6c501c1a3287c3203d0a0b8fa5da89217c7,4875,24,ok,9,26,1,6146
d8c9484b5ed6d0d9635c73e746467301b07c3529bc8527e624bdc21a074f18d5,8670,24,ok,9,7,0,4189
d8cfce5e264b8632c26da735bdd40112d128bdb58a25dbd1bf70fe279f305132,7184,45,ok,13,0,0,9603
d8d02417173001500af899629dc00cb2c718bd82ba45326cd62695706841e260,56263,36,ok,11,2,0,38171
d8d1e3c135ed2cea40a157066e9ea035cee6052614ad0706362b0d46a48e5560,9159,24,ok,13,31,0,6307
d8ed1363edf6847419586a1748a202df95cac3dac45656278bd113a583962836,17436,31,ok,9,7,0,7590
d8fefaa79618d063b627cf2d876bfbfbf6a1120e7781e1b6228b468dfca3b276,4156,32,ok,7,2,2,3915
d9002069e506bb00df9c0f8e3c3634c8d695289c5dcae18ff7d8b337824fed2d,23429,42,ok,7,0,0,1498
d90983852b3d67681fea4935eef95c29caeb6a760f56d80c3dd65b7d88aee32d,2488,22,ok,5,2,1,1954
d914a7c66ff4f0af73ef557cd53818fb339be1f70ad577eb40d1a074abbdc1db,23232,25,ok,19,43,0,8758
d9610e99b7e88f72d3a85543e4fd3bbd07b18e0ef016e6e4bd49c8343601099d,7530,25,ok,14,17,0,7807
d974b093835b0db3f3823736dbc03b1c75942e771a5eb84da3acc21add807862,13996,48,ok,4,14,0,5761
d9831ab45ff4f61f092c7a37acc3394c084cb9b2a3bc3b3349f5ffdfbffbbf55,7425,25,ok,12,19,0,6077
d99085ca1776c2e2929d89d1f67457f684b59aa5a5ca561b7d8b4c2e61705f1f,22800,33,ok,18,124,0,25823
d99614352163488ac1265b1adadfc0d5c8439017e0080594becbf829240f958f,23748,36,ok,22,25,3,36372
d9c309855b865c551bba1952fbcc826867d704ef12aaf587a9bc13357f4915b3,1171,22,ok,2,8,2,2662
d9ca5177edad623de9e43afd0c6ab33e83bcf8875d396ad1a2ef00d23e386f91,16633,54,ok,17,46,1,14557
d9d9f2efff85539bf7b9e93cf9533fbeb3c6a804507f2137d7905e0617de4918,5747,24,ok,5,13,1,4630
d9fbec805855d9fc0471436efc23ce9dacfa2d71ce2672acf4fb29d002e5c88e,10325,25,ok,11,0,0,6305
da0b01cc28410b255384864515fd6153e8721e646b69528b3fe3afab38cfe55f,2910,22,ok,4,2,0,2564
da0f19cce57c5d93d3909f72a89c58336e1a01f86ca54a7cfd70bae993f947da,44904,477,ok,25,65,0,20370
da57adcedceb01f4d74fb11297ba5fcb49622ac3a1478bde2219beebe06c21c3,7456,25,ok,11,14,1,8490
da654383ed41da7821d5f0f5eb7e17e830b1703120ece10875201a1b876e5bc3,13590,24,ok,3,13,0,5515
dabfeec5f0fec3d38ea66a7be95f0c5b3b190032d72ffad3e6431b3951425cb8,22128,29,ok,22,2,3,10975
dad52104f1cca8c51f1d9b2a1d8e9542c93c2b14f43fb20a640def603cc2bb0d,22108,30,ok,18,21,1,13041
dadbc43b2f83f25ddc877756fbbd944fc41b6b9e07f310e1349af83dda0746d9,30839,1107,ok,41,161,1,53822
dae1757ca9c8350654c68b1be0dd959f00a111eecef928dd4a49751f99f03517,24101,41,ok,28,231,0,29462
dae61b0ae32ed476188842dd20e155a62aabe5348e7d6b67df3a4aaf72904e49,17228,30,ok,30,21,0,14464
daeb931b9507440b6dc4f73256ac33c6089964f5d035f7eec5fcedc10e732c8e,13205,36,ok,19,52,1,12918
daf9d0c1364c923320592e36cca456d9ffa7df460377844674761e6b2a4678a0,13767,33,ok,17,26,0,8586
dafde9601979dc4a9fd968e3f8d52123911325d343a327d162ae28bd84303e7b,15798,30,ok,12,39,1,9828
db0822038b22e09f8b37b7e4efc43c881b26a8abe1ecfbec8a19f5284218c509,6390,24,ok,7,1,1,2378
db0fde4d3d89fbabd99b3ec429dcfc21b55a91c08a14a453573e3873b5e04267,9539,28,ok,6,5,1,6073
db116c1a6378ac6666c0ccda3ce32e5c5ecbb93f6b63a79c87636d76da8dca26,2459,24,ok,1,7,1,2566
db24396d9024abc4c5ac46c053b4ebae7582df348f5f57a262025b8836d10f12,7258,31,ok,1,9,1,3114
db2c14290d4964e3805f2527dd132939ba5fb3fccac56b30bfab8fd091011627,19492,95,ok,9,55,1,9864
db5d979088a7249a7267a52b6b7ca42577c9b482594307fd8d4039fb8009cb8d,28399,55,ok,40,351,6,57802
db6e4b24f715c9cba86b35f54e16cd9a22567f1e06e23ba007513adc7449e788,8351,29,ok,11,17,0,6611
db76e90b58dc70a848bce1ae7d8a67a352f0437f6c64bf2afc8f70a88d9f6941,26756,93,ok,25,8,0,19538
db7b9c254d46a2241160694f8895b2a40b7c91d984f9e1d696a8678f942a87a9,21483,44,ok,15,161,0,26740
db8bf67ae190be073f1c172dfe9f4f7e4c7bf4aa294f82338913cdf2744796fe,38582,96,ok,35,351,3,100268
dba148c1f93579d4337a3af18835ea7251e1a8ffd1ea93dce3e8f32d1b08d3d6,38546,54,ok,20,207,2,77183
dbbaa6c65feb77b2afdf7f13fbf3a5d020e632c57d15340683a215d7d64c5af1,15644,26,ok,16,24,1,9318
dbc53dea7093608e9b0169eda715175163a07fe323e969aae96afe33f337d3a6,8948,30,ok,11,12,0,9514
dbcc63c2738e9c9e3d7e4e723c5dec231fc292ee04e9b286e64f825f1217cde5,18325,38,ok,15,41,1,11797
dbd27d2b53d4e922627159ec5fcb362ea1bec9754dd72c93f94b4cd6ff3f646f,13469,44,ok,7,29,2,18339
dbdec39761fe15a79e640bcd59b8f99d51fb5b7c4458410c03557521f3459ad5,6990,25,ok,9,36,0,5508
dbe1b2df374332c95b96a12127656b56147be60e5fc2abbcc6e3ed704fb1e259,7829,27,ok,10,22,0,9898
dbfcae5960ca1baedcacc98934457b207467cd23bb2351a6ab13e5ff02d68a24,2652,106,ok,4,4,0,2260
dc1523c9c9cea321dc6edf78df896a84317b8e9ca60aaf756d256e41b9b8a560,6702,24,ok,1,8,0,1784
dc2a7fbf6affd4b0c98c7550fa260b48efc39cc87623ab553d801a0c8e6f56aa,23244,180,ok,17,54,0,39948
dc6a54133f088a51bdf6a1f83eefe776192015f3fd1998f96013317cacc50fbb,34872,43,ok,41,36,0,39824
dc6a81db12b29c536da8cd9bda8d06d0cc61c131855b4e7309d4c8f301c61e67,7629,27,ok,13,2,0,10916
dc7fbf08126a0eaa8122f27afd958e683a04c94a5eb1a65616494557414fa647,33999,45,ok,15,226,6,48471
dc88e79071959a9c1c2afb93456878209301f27ca520329356e492153a4a241e,16158,63,ok,10,1,0,4135
dc90e75de093eb27d53249025c3595d0dd093618c2c8a0f69023d4bfaf532b97,87667,56,ok,37,94,3,53303
dc918dc9b236ac6b433d15be35123eb383e4ac9b9b93b379ae3898ec07ec3de1,11064,26,ok,4,1,0,4485
dcda681b9c895d37fc69b27b956e6c2795624c3e1fd61868f5a30ca9f4c0f422,18195,27,ok,5,20,0,6264
dce2379bbf311f43660b6f835087cbc473cb326c349085d86ba85974ef7335c3,9797,24,ok,8,8,0,5911
dd29e5e43bdaccee68aa7c0673694eaa82436310dd414352a2da8c80d256f30f,602,20,ok,1,0,0,473
dd3fe2de6eb14f4498d9676b1e11879c1223a98faf230c3038cbb90f6b27bd0a,5479,23,ok,2,3,0,1819
dd6e2e039c7a24b5883d4b5cd049b9f0b9686aa967877b8fe82f37b6375cb307,1074,21,ok,0,0,0,120
dd83430703a4ff25047b46f621033a1633cd37abc7e8ebafd4a811bb9e287435,45761,43,ok,28,144,2,52830
dd9e742c2e014ade334438f00ecf243b572ed5b1d4c590c099eb1e148e2aa40e,1911,24,ok,1,1,0,589
ddd86de9575c14c7b04bdf0b9d8f433c12e828ff862c9c68bc0c9a9af9f53729,38794,47,ok,28,27,0,16108
dddbb6ba2f1598d6de9dab08cd423db017e780f10a733afa871ab90ccde797b1,19122,28,ok,25,1,0,11441
dde493852b3831860fae250c4b1f6334fc4010ec686ca69b4732904a44e8784e,16939,29,ok,16,11,0,6197
ddf122aa7c6b1e64eba86ee97338b7e1b3982b4505364ebf6032ae323442cd37,10569,27,ok,2,7,2,4837
ddf6e436ca42ac3ae389ee1e278633c8c2a1fac12d0f791681b756087dfeec2f,15127,28,ok,10,0,0,5463
de00bc4e3d389ac8ffbcbf6ca53d88e940463fd82dddf25e874d4504d8cd3d90,32816,138,ok,31,114,0,43319
de09877642e141184d6ddc8c5abcae278d2b820da6de8afaec2ff27fd87345d6,28343,97,ok,20,30,0,38308
de0cb69c85f57cb47851536dc1dda616c3399f4164f034a27a0c2b6c665cf8f1,11414,28,ok,11,1,0,6611
de1fbf541604672701b9fdaa3dc44183e61ee1c8078fc966138e9aac181ca408,7448,24,ok,4,3,0,2313
de28281e459f78afcd5002d756063e981b720eadbc14d72fd6736fa43c87efd1,12490,27,ok,12,54,1,17089
de3c2cba30268f60caa470e6e3f3c14f34d16af0a3c19e01b728b3bd55a71991,23231,30,ok,12,54,4,13616
de453b6db413a3793b8b944121a0b989c7acf160cd6df078c0dc92f720f81279,4744,22,ok,4,0,0,1162
de81128df5889eca86e736ac3c8e353609f5439bd60fec83ea50f471dfd848ae,10764,24,ok,13,15,0,6734
de858a06e22fda01b701af6bdfa03c349940fec3b4ddc191a80f03680b196393,7657,38,ok,12,346,1,26722
de9dfe1e2f0096acab346197e2006cd53ac54de1ba08b4d3a10033ff0650b0c6,7209,26,ok,14,0,0,10379
de9ee39460eac28d4331ff1240322b583619613f1b00df09d0b35d28d6eb6dc1,8305,23,ok,16,4,0,5126
deb9cf0db4e2f51965c674d3fc94d048652b5a51abdfb94c5eb2ae1922f5f3a2,11547,25,ok,15,42,0,10801
dec58db6464410b15bbed473e0aa5fb616cb9f6b6aea379ae392cb8ebf9670c8,23168,48,ok,6,23,1,7878
deca03ee948382db663585f7b4e90bbd8ef719a96f2bb986f7530a9654e738a2,5063,96,ok,5,2,0,4748
deea0b5ad6afc622e5da0cc1bc66032ab502bf40836138e59f3767345c9d60fb,18849,54,ok,16,19,3,16813
defa6f74e04bab35b74d8007adf39e20902dbe65995efadd79c0c35269621f9b,18708,32,ok,21,14,1,10063
df06cfa8174d5523bb8b067a6179af7d669bcb30fa2ce34d811b5b85788f6f00,102433,103851,ok,70,8,1,456351
df0a4a4c029f55648980e3f921f4482799d7df570b997a491b47b16cd6c316e5,31306,63,ok,13,142,0,29653
df26113146c5507e63b15bcf3812aaaefa8dba44aeb071b62cdc526ea3f058e9,1320,21,ok,3,20,1,2847
df2831cfb01c1ab5838bab9cf5ec1d36e5ed78c3c5941fe61f2cac2fc2396cb1,120032,598,ok,101,49,0,50468
df437853c584f4b7cfc5b4d1afa17f242a425307be1b9dd86ecc65052477b9c0,7815,25,ok,13,1,0,9996
df6f458a63c7909794b1abb479e62aeacb092aa6b967695c1ace500f9420e381,4700,22,ok,6,2,0,3433
df7038ed9bd30e83953acb56190d5e4ddb0e0e7a6dae2da97c609d87c77a29ef,39146,72,ok,15,42,3,17455
df7f46dbbaec68a4cf5c3e38658b4b6a6d620d86e869dd18c97b621600697faf,35039,43,ok,19,145,5,32529
df88820e231ad8f3027871e5dd3cf45491d7b7735e785731466bfc2946008608,22573,46,ok,21,30,2,12615
df8fc2ba105375d960320b52b729b832b891414bf8f6f3523ea809a51a0cdf53,115557,10217,ok,68,535,10,102059
df98000b665b7aac0f8827e725f706052ecf52487c73df33ebf201db33d57978,23314,41,ok,14,45,2,20278
dfd79b881cd517cc688a2d265acd202bf4851e6b9de0071bda9bba0cc07bdf20,14972,28,ok,12,61,0,18060
dfe08cd292256aad47292920d56b80961528bce71cf4a027a7de8a37e085841d,12121,25,ok,12,54,0,7898
dfe2a33982a4fd69054593c07e828aec75d4eae513b38abac78fdaa30c3b8100,59441,232,ok,39,123,5,63183
dfe6958b221cd42be23fe44a90cab8a0a24a69de5b52ad3096ecd88e072d3513,15775,26,ok,2,47,2,8934
dff7bb41cd554e2fa134dd0b345e3dc995336a6248134a334fc9a74542bdb6e4,6855,23,ok,7,4,1,5249
dffb5944dca54fc2227eb2648fa5cac46424fede28d485b17d36010b83558d85,10603,27,ok,6,43,7,10270
e00025d1082b29d8c4c3fb4317ec7b2f3d823e18a3e55d34b6f9e520f97e09fc,5160,22,ok,10,6,0,4638
e0139ee3b93d3b5ad51b8385f0ffa8ba98be42523399dc7669a14aa5d2b16878,9952,24,ok,16,5,1,8665
e02a7bed28dd0aab8c4a926804efaef9a30614c85e9936d3e3a220bd98b4f5f9,102201,299,ok,30,336,1,62036
e047aca524cc12d5fd0912434c5ed0b6fff7578028410e50a2c2b5f5e77c70ce,38805,30,ok,14,33,1,37856
e0595086bf295415874c432f79542028ae95403bf84a4b0b0f1f83d98a70278c,1151,20,ok,1,0,0,422
e070ed48c753b0d45e19392dd300370bba4fcd959d56d728d35e948d52fcf158,25379,37,ok,26,55,0,15182
e09700f9c6afd11f0c02cb6eb81814dd441b308596ada743fa99e7e4572ae854,439,19,ok,1,0,0,181
e0adbefe11dddc800577f844065fe6b9fd3df21a206a5f632df5c8fed9395d77,4533,21,ok,5,7,0,2226
e0c931985f9bbb4f813a4e9093fd4f999d4caa3a9a4edcd06fa55d918e3bf6f1,19253,31,ok,12,48,0,11164
e0d60aed0865a37afda5b8989db02ebf2a77c86c1e76251d95eb4e6261ef2380,8007,23,ok,8,25,0,5582
e10cd58fbcac623bce5a6fa67eaf5ea4244639aaec234757f5d98317dfa855c7,55207,36,ok,26,60,3,47856
e1191bc282426547ae9c65f4188a69678b16897bcd40c548ff9940650470c409,36531,31,ok,22,105,1,31338
e12c4a0220b9cfb9d5bab10d5bf0cc23d727666103de3d13d3152bd76be14a72,9125,23,ok,13,14,0,5015
e13706e466a257a4c101afc1b5e54e0bf5db00c3e50aef1e9d3728950efe08c3,40847,33,ok,40,62,1,23335
e1429fb1b8de1085194cdfab86b8c94ae36003d0b0e5525d286794f9fbb762f8,3843,23,ok,9,9,1,5143
e1464afcf0c7c01e4306e3eb9d16f653500fbaa31c3cce0afd675449d58cea14,17834,27,ok,12,12,1,9033
e151a630a9746cfe082c7a17575f2b8e36bbd0fb4815f8584b7047ff0f28bc88,7397,24,ok,13,26,3,6293
e1775f270149d57fd75b220736fedc2b34e2d9c86487aa13da367323a2fbc80d,10485,25,ok,21,0,0,7508
e1788042212f3d285da75165e9340fda340b4d3f0f4993ed155c199cb171b6f8,20171,100,ok,14,46,4,21162
e17f49c2b14855f93e83d2d9f2f553ceff74865ae840e9ba3e50be1dccf467a3,12149,27,ok,10,12,1,9474
e18e011e907392ed12a46bb4cc2d13b32e42a5a5debcd21f33999d795a467920,14329,29,ok,15,80,5,14321
e19dd194580f528b5922c279ab230fbedf5193de8b102288e139c74941447ef1,78978,113,ok,63,559,2,77715
e19ff0b3c4b43c58abd04dea8fafd6e5693631993172b0770fa91f4ca9513903,12710,26,ok,13,25,0,10430
e1bd5a0b75b1d3b24eaecb1f1ff4b626994e23f04abb3b396025494593f3891a,4664,22,ok,8,5,0,3201
e1c683b04947dfdbe0cef942b9430b2274eca0d6dcb8f13fb871ae42a4f24855,17123,26,ok,6,23,0,4884
e1f9ac0ff71284b349b3b0a5003f3e07acad11e9ad744706199ce5f805d45eb5,17223,26,ok,10,9,1,8437
e214d697bfaf40be02b86addb54fbf8b4ad7597fadef2ea644bb860172449153,36253,53,ok,35,134,0,41072
e23893a7b25f551bf6b5c2b8615ede592ecf1356cfdabbcb63ce18c8cce44eb8,11096,39,ok,3,6,0,1199
e24384106303a32c2298af875978e649c4f948a8d9ad3fba7ced8d7fc9c2c72f,16671,35,ok,10,27,0,7947
e2441dbc4799e6b33c4d6abeecefe5974926f8ab5261858e12ff02db936cb2bc,8039,24,ok,10,2,0,6331
e24a0b956667f094b1796f9adf456656e19bb5f1f5b7a5899f963db6b2cfb8cf,12127,23,ok,7,8,0,5056
e26673e8952319df012bd572efce0591ceafc7adddad9eada7d46e0dc6ca4dc0,15592,28,ok,17,45,0,14436
e26face3a94b11b73c61e25ceca1bb7c2d489e586f3ccbc7d99424a7157c8d29,6282,24,ok,5,23,1,5898
e2a4cd074848f07e98045da23bd65de99190da1a4b1cabb35c6613c7bce91ada,77960,311,ok,704,701,0,942433
e2b96ebd7dbdb22ff90f3b70bb8a10945fc15571bea0397df284a4cbb9639841,17572,32,ok,7,19,2,7496
e2c5b7018a4d7d5c5b4194c5b421b10986831c98fbc0e8d37f2e0ab9804e1094,4476,22,ok,5,4,0,2715
e2e29ca38b7866cceae22fd6f599db1b156dc4eb921532370d0ab07a9fa9294e,26596,481,ok,14,12,1,12029
e2f43bb189dac32c44870f96f0f4534803a5e6efb713cde78a884e1fb1f8c739,19831,57,ok,9,223,4,65228
e2fcdfac1cfea28c3ac7ea98feac0dee259749f87a4981d98c680cdd89631465,893,21,ok,1,2,0,419
e3367532a27a015a0c051b68e5db1939295e946b7014f3c023ec125773ae1a06,36605,25,ok,1,5,0,23812
e337b7a3aeb03923b923193358634b6c0fbfc379d78045a8bb509ff13fddbe6a,53928,114,ok,29,38,1,52006
e34228198b65f5e595eaf5573d7f86899f4f8577a0ed01e3650fe659954f9250,15842,29,ok,18,16,0,16560
e3519832acda3607fc6ae542ce33787aa2048b1032c7d0a300536d760b22c97f,21293,605,ok,26,106,2,22295
e3ac5a6ef7899eabd8334f9f3e8ea1280c6b591defdcd236a445c40c61ce071f,34118,34,ok,22,59,0,28239
e3b1ea0f41d5c625f2b03534e032c10313bd7304f0e89fbeae39ced744d0fe2f,10670,30,ok,27,9,1,21257
e3bc5a2364d48d5dee5b0a55800f0038fa313bed66b68f494cc6125ebd208cf4,18224,23,ok,12,31,0,6012
e3d543ac9a364f5ce8c1879a598b362f6ac77b715924e83266784e803e572ea7,55037,57,ok,35,67,1,90089
e3ecee9188f1b28de3f7395a27ba803821bb21831965def0d45f6d930290fa37,5118,23,ok,2,5,0,1623
e3efe4534a0ba89a5b02c4fb54fc0eb7adcb5e7821e0c1980348122ab4395acc,13286,43,ok,15,126,7,22301
e3fea075e435d04d8783eaca1adf93acf0c2ca50427fd3ce3a288b949a7726bb,30269,123,ok,34,191,3,31018
e3ff896de379f3608fec87c331c3837f553d54606c5b77bb87278455f44bf20d,5109,21,ok,1,5,0,1325
e4013cdd3fd06ffe06952198389cdb99c88a16c2fc26371b8c455bfcbf916592,2419,24,ok,9,2,3,4181
e41b563c4454f5a6742acfa6d44e1ece96d443bb5f40efddd6ed05180210219a,14716,25,ok,5,14,1,10139
e45c42b944a767bd5f37f8c4a469b48917d28e23481dbfd550419c84cdacde92,23111,47,ok,6,23,1,7878
e479087ff2e9936714c22e67ab9164d85eae44393f0f76d2f02e4c437347bfd4,11099,27,ok,7,91,1,10559
e4860606e47717e144df89a886e54241cc7fb479b81d20dddd2172e461dd0e73,128940,120000,timeout,0,0,0,0
e48f0e9939ceb39d6daa0e909355bc36642cd54aabbbd19db93ad02723600a34,29868,36,ok,30,89,0,31775
e4932d3a1937dd5e399b127147ecda91197ae056874b2b8f859c1dcdc7709b2c,11961,28,ok,14,20,1,11461
e49fbcf9fb09acd0a2e990863d43068541dd12fe61f1f31bd24d54f5a12d03c9,21389,25,ok,11,15,0,3740
e4a272b9ccfd2eb74bf09759fa52fabd7b60ea7dc5bc0b265d0aa31bcdec1f7e,1279,22,ok,2,2,0,1449
e4ca5184fbb13d3ee30e3aeeaf80402d02a062a04fc858506a497d100080ef90,15438,29,ok,11,1,0,9680
e4d05cd9464e3188d21206e7767c292d65179cb736f4538598c223654ca31cb8,22491,35,ok,26,29,2,21551
e50b775d5e4f072a82ec683999f1897936ee0c681e00fc05f43c8ec06284a31b,58065,793,ok,67,991,5,507128
e52134a8b16dc2b9cd2914a0ef00f3828840b19c659c0aaf129555fa4dde30a3,583,22,ok,2,0,0,563
e526a55ee9a4b66583da2e534a349eb7cc3c1dac49400aa3aa475d2f533bd141,9030,47,ok,4,11,0,7014
e53172f815bd4bd1c184444d352e0e6f55607f013f2b997b161772a59c3fd1f7,10717,29,ok,13,33,1,18932
e5407603def40767f54798a254bf9e480e8f902d5f2eaf234807401f21d2829f,17948,40,ok,14,47,2,21468
e5451ef9a8c1ba9b24009c5c74a431bb715e44784656a7afa0606c2ea50ebe80,2491,23,ok,7,10,0,3403
e5563daf8d18b2136500df971529af61cc68288fbc3af3465a1ac78052d31209,17743,22,ok,4,3,0,3135
e56e67ae44b66b9d794ba10ae5cc5ab1f3e17e089b06ee4303ca564a9c053d73,6729,22,ok,3,9,1,3223
e5928bcd5d038ad72c43c8f8cc8c98beedc8b181ba97a916f1766e57dc59816f,2559,21,ok,3,1,1,1753
e5a97c9d7e69b9c03a9ba3b415c069d07a9b5282737921ba1f4a99b256510ab9,60571,51,ok,38,253,0,46758
e5b74e69ad998e3134401b2d2c66122045ee4848f1cb47c3bd6bf476c2531e60,13534,27,ok,5,3,0,3669
e5b9ccd92be481e96555a92d82953758965010472bc564528c7940f25f4f1e71,26525,35,ok,29,23,3,23115
e5bd73e07600846a27cf6c05a54ed5d8d35041aa7e09e2937a974aae1b577de3,6446,27,ok,3,15,3,12385
e5c0a16b9b4afc9e5540504e6191a8e1190e9fbc0ccc0f96f3fe43021ae5bd8b,10622,26,ok,19,28,1,11542
e5c4e3ddc32b15565c4aff1d93e3de075bf56cb391f3084f4367815c2d5acb94,5872,24,ok,4,1,0,3790
e5c6592b666474266fe9005ed9d11dc2ca5bc435607b84079b6fff0592171843,4024,23,ok,1,11,2,4589
e5e5b5fd76102a987a1346106532595059dfedb7a6b008fbb72797a99b8bd39b,47025,54,ok,33,37,0,19453
e5e61ce5ab4adb743dc6c091e61dc9fcfa05fa32f3f4c3fec1d9aff2240ade1a,4850,22,ok,1,0,0,1666
e5f5f3a0e803f9535e8dab91c1cd1f29e40dc02afa211b8ef766cee6d43528d5,6346,22,ok,3,2,0,4352
e610cb77ee256b9945dec6f0dee8d4b27178b326cf3f4eb82c04636fb4982040,11240,27,ok,18,20,1,10201
e62b17b11d41849a8c521a1cc1c44db4c87ab1056609bf5e727470e45c4c93ac,36158,82,ok,21,63,1,23703
e6305760546a3c3a20b03709970be09079389da72b2adc7c622c7a02307c933a,15175,28,ok,5,52,0,7306
e63a030d0f1a1481e36059a4837c433083b33e704c1f9625b7314795b6d72b76,12105,38,ok,3,6,0,1635
e652273f4160f3d7e9fcce31ffbf6dba242c76b04f5ce249d0da71770db51c38,7478,25,ok,13,0,0,10040
e66fd83141e3dc323728fac547eaad0a1f2f470865072a72c0860986f8515378,7209,25,ok,14,19,0,9186
e675a455fc57c6d78f099b5167bcf5273f435140399284f40291263762ab7bd5,762,20,ok,1,2,0,346
e694bb2a2c74deb1467426ae806acde75627683e757f5f0be9853daf3d931544,4168,23,ok,3,5,2,4108
e6a9a29a22d020277ccd677b7e337b14b25fc6a0080ebab3f9f0fb072bd931f8,9329,27,ok,3,9,2,4835
e6aa2c89dc883419caac57006eb88c4829c5deaacc8577da4fec571080a1c79c,2403,21,ok,1,1,0,586
e6bd860b901fbd94e66c04ef9fe13d29e9f89a520e5072faaf7f75e775749094,5005,24,ok,4,13,0,1394
e6e9f6cc3ab3479652d81d96b6f2e0d7db6d1ff00a742407ae56941388d1b25f,17150,29,ok,26,8,1,14656
e7089d989d23d43e03b169b5be9649bc4f67c67685b8bc042da0adac21a4eb08,1082,21,ok,1,0,0,425
e70a5d96d2024c42c4f9a0dae380e8428f3a026b644f0c5fc3295c12bed82af9,15465,32,ok,12,11,1,5476
e71a63be646f4ea31c60ae1f420673c3185cd3b8d5beb532b432efa8ac43a415,660,20,ok,1,0,0,399
e72dca18bdeb7fd4e5980fcc679bf857fbcd2e0d2894676c564b6a81e2a28df8,16251,50,ok,19,191,0,17909
e73d160f637ebc2860618a5683de0bb98d1ddab97d2df4f49c3e436880d10391,764,21,ok,1,0,0,404
e73f3adbfb828b15529a0780b8c75cdab47598c5297d83239a1b954e10243241,16465,30,ok,5,10,2,12022
e74caa0c10e3e8af2f977691e7560d1b6ef700a7df390f610ecb23b60738e5a6,2228,21,ok,4,1,0,1174
e7835a197c4dd41b6671d7a06cc55ebcf2b715bc3b675010662af7b324334620,7849,22,ok,2,5,0,2154
e79bf0ef9284d07ecd0857dad53ce8d8cb28b23c57e5eb4a01b5629afb2a5575,31198,32,ok,23,1,0,10675
e7aa1afeb2c971602da727fb05bc0ecd89476cad5648056d2d4e911109704694,3448,22,ok,5,4,0,1938
e7af86c71220f1c2138343102994b52d89436c07764dbc2e3d440daba982159b,546,21,ok,1,0,0,205
e7b7ad52e1c29a9c268b77cd8b2c95eaf652a20262b7a167beabc56ff9d1696f,4921,22,ok,4,3,0,2593
e7d1adf4388c0fdc92de40709b99a8e37ed21f2ea447a0b49fed6a4b6eb0b2f1,9886,27,ok,6,21,1,7340
e7dce233093b26b135e3ed6a29684e139bcb5dcfaa44b4b6c077587b920e25da,1858,21,ok,1,1,1,353
e80840a63de88eda39d2a2525e8f059201e17066e02777e0d410f1959d888c1d,7317,26,ok,13,0,1,10248
e81adf3c1a821948c993bbeda37755a0eadf35698a3f66c23ca1ef88cde35625,13281,26,ok,13,27,0,7557
e82189c55a54ee2da708584f23594212b6d346c69013a5591fca0e9e403f983a,606,20,ok,1,0,0,361
e8343a726392310179a24fb89a5fc7c6ca597a26509fb077709a378fdfb12878,10619,26,ok,11,27,0,9114
e83494e004ce74979e9375e16b191a60c5cee47fe7c7c69cb116b466dca0bd87,9245,27,ok,1,5,0,1654
e83f684427c08d14e191ffd6173a4b300e780f9cd7248e444412b4c248f8efcb,16580,33,ok,16,91,0,26939
e84be55dca2c36778ce74caf6466b5d747e9f564b17fbfe16f37e20d22b898c7,21681,35,ok,26,12,1,11485
e85ba10fa98c390e7509a93aaf44eca43ca9519200786e4baa10a50768d0dad2,8468,27,ok,14,47,2,14070
e87f1d175c031bac9d2681d0e85332cd1f0067974ef23536a5d173789f249c11,46369,125,ok,36,88,1,20035
e87fde6cdbe56303162ac3a42e957755075d0a480289acd28ca14fb7d27ad91c,35055,44,ok,19,145,5,32529
e897b0e9d6a7f13eb832ddef1374db57518220a397ba32ea7575044737123d0c,21035,41,ok,13,18,0,4508
e8a823c8a29d9ddb35d422b66a0b0529d25991eddd0b67c642b8b963892a3c43,13893,28,ok,15,77,2,10995
e8ad800ae7dfb64eccae930777ab0ba3984ac1dc169bc4d4e4191d651ef9743b,8148,27,ok,5,49,2,8058
e8b59567db4fb30bf3ed591eccb0d8a2c666ab1f38cc100a51333dddb800e7af,34611,42,ok,26,113,0,31434
e8bf985b6e949ae21e618e04cdc924eda863c9226205a64afe35c9dd7f14a9ff,7033,25,ok,17,14,0,8189
e8c0acba90903c9c93c97fe3ee4a6940d0139d7b2e72de9780a8d66e9fe1777f,8628,24,ok,6,0,0,2210
e8f1566e432cdfbbb433b36bc7198bb140ca2fb6e38252d9e3c354d18393a7ea,2912,22,ok,4,1,1,3930
e9235b66a72abc1d478da300f663883bfb380d5768e4670476a950ad95b2d367,11469,25,ok,12,18,0,9612
e9427b80d9ff5b1ade3c76098c044a447b57fa7a128fd4e05c8c42a6f615e713,11199,27,ok,11,23,0,8665
e94518dc4439d8d6c8cad85a85d64c6406cd17928b1614728218f644d275b1c3,1652,21,ok,8,0,0,1425
e9601b086619770b859aa4f4802c2fd5783f4a25e8b7a494141c79d36bcc0300,31062,33,ok,17,12,0,24389
e99d060c3b23a00993a89282016bbec42082064dfbf41c312a1159415c4cfbe2,2480,22,ok,1,0,0,660
e9a100e5ea262a53fc227f1be9eb6cd3c6b5142031b910963b6cdcd632546bff,8902,25,ok,16,27,0,9774
e9dcd65a454f04c3659cde994f86ed7a6c366a0c1a1c9f38322ecc47abab7aea,4760,23,ok,7,11,3,5734
e9efa31e13da7dbd92dabf4cd9d6653be3d48efb83498f1d7209a2d6772e664a,20832,37,ok,11,48,30,23385
e9efdc923a383c28b628d96ebc473132ab61818fbc8252b9843021dd2d7d55df,19829,32,ok,13,39,2,13540
e9f0bc1a6baa2cddd306b1df03f846328ca643c2e7f248e504414c1712511124,41480,231,ok,23,49,1,17243
e9fa5f9916f8254a24cbba4fb9963c4a002ef71ec4df2f9ac14a6e207be66edf,1358,21,ok,1,1,0,540
ea0e7893665c3d777fc71b6ee42fbc8ef9206c5d1d1aabc9456ba25853bd89f9,18975,30,ok,14,36,1,8080
ea1a5b73f3c46c394917a353665c9518a68458eea5046a8780531f2b7d6820c5,5873,29,ok,13,46,0,20085
ea1b958ff0fa0630b3b11f868aa87416800fb7beb7cf2bb51ce3273abadac3d9,11188,29,ok,9,5,2,6030
ea5d24bc6768196843dd3c43d004e5eda7e3936cab53de4fc47cf82a24c8d73f,43717,38,ok,16,34,0,51113
ea5d97cca1a7edac2ae8cf707346faba9897debc1b66fbef1fc53e7828013aab,6476,24,ok,14,17,2,5499
ea7102e174c649fed93477dd4cfffe4c9bcf68adcf7baf8737dbf6f3fcb47a8a,7496,23,ok,3,8,1,7771
ea8b6c065b38150de4f7dba7855792e746ffc3385663fc7f613e67115b3c6ca8,1303,21,ok,1,1,0,1113
ea9e10018cc9ec901dc9ec1d07cd67a9fb9bcd3301a1d389a537b291af8327a8,2133,21,ok,1,1,0,306
ead149adb6c37a6d78d02e8a6f73826e2cb6ae1ce5ff1849f672ecec15a7bbe8,15454,25,ok,3,13,0,4409
eadb746a1570124337e73ca74da2f8911b772e45a87f5ab296ee19b41abbc7e7,2229,21,ok,4,5,0,2014
eadc582956c629cff61a517d6d9b677b7e01166fc0365d733c0f0bdcc7000fc3,22684,35,ok,50,70,2,19734
eae2b0a3a2c1430f7348e1586bb3e0217b8c961c0d0962bad4cbe578a3a09bca,27270,167,ok,19,263,3,41399
eb0f296803cfb8040b27b29d4f02ac8dd008a7a2f457a11c1eed3adcaced32f9,4803,23,ok,5,4,0,5031
eb27c1d6aad2b9326ff69d0549f6df4f115dec1663f43baa3050ced27bf22457,10660,37,ok,1,6,2,949
eb2e8262657c60520b23c1a02e329257a8cca512329efa30c9c72db6fd799680,8273,23,ok,7,9,1,3391
eb80c42e386ca3b82f2c12b622a49d90d4605adc68fe62368bcf05bd18474172,7214,24,ok,14,5,0,10110
eb817999b8e7cee5d6ceee3152e2911a75fd56e48b0bc86ed1971b062521109a,40319,33,ok,14,22,0,44227
eb85193d50deb8b62e449b06a3cd40be0d55674d2ee70dcb50914c1c32ce290c,9022,26,ok,14,34,1,8617
ebad9a30db7f22f11743c9857b86ba1784600f71fb4dae5236f5139d3e465e59,11498,26,ok,12,8,0,10360
ebd8f39cfed991a5a5564e9ba85ca35c5d1d1bc52d9c00d6e9f9620725525140,34885,55,ok,41,86,1,28853
ebddfbd5a7982a6db2cfb87d8c067db6e9b6f1beb81ae89b8e70aba87cb77912,50341,62,ok,16,54,1,27072
ebeb76aa42be7054530db81edcf9f38f5f2363c9c30f35f99ae32b95972bbf47,4158,22,ok,5,1,0,1451
ec10d53e03c9f85d84160fc3ba95fbb23cf4bbcda843632030ddac83440f0136,9859,26,ok,17,12,0,6078
ec1c88fd64277cfee42056b11db9437f6218f2ef96fe6c113df2e3ef8503f6e9,31968,27,ok,74,29,0,14617
ec2425435ba41c64ef9686f7f2600ba1226988544c4226b323a84e8f5ac813a5,16850,31,ok,12,98,2,22329
ec370360bb200c46ad7ca069acacf46ee490fa693c56e4bae183e70f705fdcdd,49913,87,ok,40,153,1,68439
ec38ed5e6f3a1ebf9596856140dffab99e9648cbcdd073c8492a0867f5cab416,55932,31,ok,9,25,0,39359
ec4676691c0bb79896e3655b11e61e6a259e35497ab6d4ae666113a4c82d24ed,5164,24,ok,12,0,0,6641
ec5b4d12e6cacdc95b97089b04403ee6b7af4500290b938f9f2af85e6ed771ca,3282,22,ok,2,1,0,2088
ec81164f49fdddcb47f201db648647df0469b6dd621b8139f8a750b5f6254d1e,13801,23,ok,3,13,0,5618
eca705e7aa6b6cc4cdfea096eb521a740045c63499167a2d0f64d0d3edee78fd,35281,75,ok,38,43,0,19761
ecba0ffceff42d43fc451ce9670de5252afd805755563c0f9f1908f115909eaa,18425,56,ok,20,282,3,25773
ecca557e1c80998cf90029ce7b71324c44458c43ca93188c21ddc61e73642369,4328,22,ok,9,0,0,4025
eccc1a4d9615e9aac43f4ea9acc4137d671b4418e47dfb211df2dab2793875a7,47230,380,ok,64,341,1,52884
ecd2089943deab8b0f8a4ed676a69d163c6ca033feb13416669db676c8cae902,1695,21,ok,2,0,0,2008
ecd990f0b45ca6817149b6175f79b32efb442f35731985a084131e8265c4cd90,23251,46,ok,6,62,1,10617
ecebeb2091a0a0d91564788cf27f7d333f7807500e1f49438b2a7a9b23176fb2,3921,23,ok,3,1,0,1577
ecfd4f75344738828399a905768e124c1292226aeceffe597b40a43295c8251f,2828,21,ok,6,8,0,2416
ed0d122cdcc2c61250c5f63c49cc9516775912adca0acca588df5f2901b77dc7,56518,29,ok,8,13,1,4385
ed1480d995fdccf00038c7d9b4ba93ee17b0c49a1d8c3586c4370e12fe627902,30476,28,ok,3,11,0,5382
ed14817575c87b63b4285b020fcf76ab0a086580132167f73d179d62ff7a2a20,12959,25,ok,6,9,1,11234
ed713667466708c78d59163cb2c79e94de66d6e94eed1da32a1aa42ba0a06434,1516,20,ok,1,0,0,538
ed76b6cf2bfe87ae9db95236167585ee4758eed1174ee0c359b02feb9d3b8c91,102007,111,ok,55,508,20,135879
ed8741cc0d60f095dcfb13bcb51277e04e0967e1236aef7a1d6db607518817f6,9575,27,ok,3,19,3,4899
ed894806eec2139507ef3eff2ba117a380b395ea5bd792ad33084f2490addf01,6187,33,ok,12,25,1,9150
ed9d38f4f6c63858eb71be609bbc2a6d3a4e35bb3bd0ee97db838470d5a6dffb,10360,26,ok,18,32,1,9785
edc4241223fade8e003d574386ca375b5b549d732fb8401db469e064032f192d,8592,24,ok,11,24,0,8129
edcbac28cccf0f4d35ba2bb7de42630d4558c9c31f9c5990df777f3ceb557871,10015,26,ok,6,21,1,7202
edd267dc55dff357b3d7ff7a416a41fa5bd30d175e5e61a0791b46bf2679e213,6597,22,ok,7,5,0,2878
edd771dc600314f470857987586282e54b25a8add347a89daa314142521b0dff,54864,49,ok,52,510,3,70030
edde20c3d5ee917a5c75ac0901e23a2f0038c0916cdce095d1d7f088a6fcd1d3,4365,21,ok,2,5,2,2732
ede5bcb01c335d9c39446877f31ff449b4343be06a52c17a2d07c1eb51f1f989,3875,19,ok,1,1,0,1213
edf81ba30dff8d775add946e66a7318bee08cc81b6e087b61bbf32662e69cfb4,38363,59,ok,24,98,3,36399
edfe85707a761801024f76f740d4bd9756ae883de6e3b0f5f7d201758bf77a4e,29644,238,ok,23,266,5,53343
ee003d395f9508ae4b8c073d409056f5b245f52a2918bd1724b0a081ce1bf420,58570,33,ok,12,11,1,40618
ee10e0f687690291c4d449a55e3bbdc57e17c5444b5e608a335027ea0daf88a3,17576,22,ok,4,3,0,3278
ee43ee6e762dbd8525e9a065b3163bdad22ca527cb000327e6baa7d475dae97b,19184,24,ok,7,5,0,4666
ee55fd6fd5825175bfc8d39aa899f08322615db5e9fa2d2fc27b2d89709a00c1,25054,36,ok,21,82,1,27025
ee65f4873b40765df89d2f938ca234aafffdadf7e6b48609ac0e55ecc56b968c,2091,20,ok,3,0,0,980
ee6f064abaaf85479fc2a5788e9eeb4ab0c5e063fe3eb24a43a73251bc19b8a6,31942,51,ok,33,78,3,22868
ee870989b3d1a0dd842e916014b1bfd03be84087da0f879d5ac8aa95ed5ed89d,12847,25,ok,16,20,3,8782
ee94f9a89a90163b45def81d4f9e8311b7c101be310ec6eccbbfacbf6af69a90,3413,21,ok,4,0,0,1697
eed00cdc6fc8a06f2a07010ff5ff18421984d6e4b7d3daecf07e21f4005de36e,12910,26,ok,16,4,0,8030
eed1addb9646570e63b89b1a8894bf72a01e46b7ea2c9f2f3a1be0089708643d,54689,46,ok,49,458,0,66954
eedbd0cd0f48eac3a7598b663b86dc5f1e9e019f1dda06a3a9f7bd4bedb42130,6115,30,ok,5,1,0,2911
eedff0a795b783a0491d07c005bc7514475b8bcaa9c17724579659872fa46f4b,9830,31,ok,17,8,1,20594
eef465aae42270559f8b6f6f8f80d8ae2566011ec28def520ece01890d6970a1,856,20,ok,1,2,0,867
eef65cc0e640766c95d52f01a3c58671f87c07304b7762952c4dce02d81d0ab5,25638,37,ok,13,47,1,23642
eef6ba40f37ad5e874b18d2cc57d8c6ba9ebf63ba57d1dcc9eac642a5e0d847c,2080,21,ok,4,0,0,1347
ef0595487a59e925e5eee3f7c028818e2489100ee6b41e809dceaa7359fb8774,11546,28,ok,5,24,0,11834
ef07fb53c7e9207f191371a9b87a757a05255938c6dd04b0b5507299ff6d119b,7478,24,ok,13,0,0,10507
ef096d6709745dbc1c5489ef197158a9cbbb8fc97655566e4dd404c42e8f09c6,1401,21,ok,2,7,0,1540
ef39a3db1905e73acb53fcfc0b4d7b2ee1198454c2fe624645049e5007569816,5760,26,ok,9,58,1,12656
ef63683721757a7d6bdb2691e9d1e4dbf0e446ff5b02ea2fb3d1f8d2c18e4872,40236,50,ok,16,61,2,21335
ef7826a15ecd0c5f64ddd7d58c5ae1776f0d6c3527a1757382991400137f8698,40151,216,ok,10,9,0,9796
ef92d4c4fb9c53a6c5d4309a5a357602fc40f9abf91f8df52a6145fb70d82dc8,2999,22,ok,2,14,2,3049
efa23ce49785e53d4dbd4be15c272642941fa64f151aea643b976b8643a6783d,6795,22,ok,10,3,0,4373
efa905aa2123bff5428346b7bac43aa9287096282406928829e35acb9bc0ec24,6647,21,ok,1,7,0,1736
efcc04290bb0517845b954f21546f329bed6d8c32f52e3ff08cbe265e5dbf8c5,32587,114,ok,29,160,3,36395
eff47902082906102a4e668daac2692be2dbb2a16f15462f534600e252546f25,17472,51,ok,23,17,2,36880
f035668bfc64aff97c0fa81736bee3a4ce89d997c30a7e4c98d2b7dedd1c0ede,21416,29,ok,3,6,0,4180
f044f5042371e75d19a6677d618a2e463699e16929f0e351b19b04c1bdb5691a,574,20,ok,1,0,0,399
f045807258c64aa477ec67a1466be2933bf1bbd01cb35082bf1f92901dcac9f2,14030,25,ok,5,22,0,3915
f04ff536b01199b14af821e291ba4844a24999b1594689f12e56c052ce48d503,27264,31,ok,16,21,1,12687
f05dcc19d56fe7458574b2f6fadf1fc84beb1ee16290281aa9bf037bb8c1ac1d,16542,31,ok,17,3,1,10387
f05e198b4271ed859bbea2e13a5ccf04f9db20b64b02588ac125f761ca2eb5eb,111068,1200,ok,49,825,8,184065
f0687241de338157d674a775ffe3e82e5e28f851b88208e1c3ef783848df84aa,1003,22,ok,1,12,0,2063
f090268151050dbd6145c97061205057bf33009d5186ef3016835a62947d3d57,8434,28,ok,21,49,1,17092
f098608ca253699421e098cd0931371c9284e6eface55995bb194569e1b9e73c,5963,22,ok,8,1,0,2527
f0a485779f0112659461678dd2d0e4ffeb4120d2e0afa9dc70c44b1be2d772cf,2338,21,ok,4,0,0,840
f0bb0202b920c28995949a9717f77d470a9076c0ff860b32a34e14662a0e7947,22354,34,ok,1,2,0,7933
f0c3b6df2738aaf8f326cd3bf2aa801d594e36ddf7d811ff0aa196105452d707,37322,53,ok,22,229,2,42040
f0c4ab6a7f21d1cad964702fe4d62a90745dae1748d6f251611a1f1d6388c10f,8521,28,ok,7,1,0,2080
f0ccdffc29931abed6d77eef359450b183584103a3665be1f080f5f712b1542e,25768,144,ok,14,10,1,5846
f0dba141759b715801d67eb697d046a9b6d1e4d9cba7db2a48687f88c5066d79,11761,30,ok,10,1,0,3059
f0ddeee37c50a88168f8275706f92219606cbddb30293652feadd9c44dcbb6a3,14625,24,ok,16,5,0,7792
f0eacac9bfcefad90ce25259dd2f9a605fe857bdf3159f7116e5774f19958916,11651,29,ok,12,60,3,15165
f0f1ba47b170627ceb4afb9b50523346bad7876535336a07d6d2c2581f754731,55898,115,ok,29,38,1,52006
f0f508a9cd5f610f36db9a76ca5756d0ca56772cb8c4bd7725a80fcd71a22098,24549,29,ok,11,6,0,3172
f102c0e7bc02baa38deb1ee1909afe75e945901603918de01f869e9ca07bac2a,6412,25,ok,13,31,0,7564
f1077e0b77da5e62d596e13aeae4160104cad99e7ef7f3183a6c9b6ec9e747cd,63989,636,ok,88,304,3,190001
f10ac486ae184ebaff1fa6c779ca1a7daa8a7e12a3ad84d34ade158f7157906e,25049,33,ok,26,29,0,24501
f11078394fd06b3992b4274611a7c47809707bdce61254cffa6dd40fcaad364f,15700,29,ok,36,36,0,17684
f11d96815325c830460a815b94be5fccc54eeca7ce6285727c921d49b89357dd,9019,25,ok,9,0,0,4005
f11f6e56e50fa3f5964e4e270353737051928e0c10630971dccc3923d4a1bd61,92774,235,ok,77,235,2,73002
f12740ec3454d1fbd1f64f45630cf33c7a0c6b41c04e4420a1a9fba04aef3977,3292,23,ok,8,14,0,4961
f15b391f4e373241a544f34d25a12b93884b6efd8de58814762588334c3b76fd,735,20,ok,2,0,0,682
f1745da80096a7250fdc168d31d0940eb5f9626f0c6e4d54846ff6e6fb51b7f9,17522,52,ok,23,17,2,36844
f1b03a5f141619e75428e027bbce3b3fb1ad361d52d1b7bc0f3c476c97a00e0f,11349,9,error,0,0,0,0
f1b6240915e8704350668364192aa320240391f73f85d62419088eb5c748c041,4277,21,ok,4,0,1,2493
f1c1100ae02d704976177e4bf3ce4ee986cd92f3c62ff3e8dbb1007995fefbd0,7221,23,ok,7,8,0,2946
f1c549e2491e0f8d9cc7683f6056da2edd8a8c3d6786723ab1c86dae74a96b0e,98369,45,ok,22,26,1,21076
f1ceec13366e837c507ae6b432a5ba9901ccea2a55671a20f4bbfb816409480d,15702,32,ok,37,36,0,17775
f1f2de50e012880252a7430532a00c53889360129b8b3c551303aea4ba450eec,43653,43,ok,51,66,0,36216
f1fc83bcd22b5f2923f4dd9f97c849ef5c66dd1c246ace66070fd4c7e70b8440,7531,23,ok,6,4,0,5137
f201f0df6d7f78dc31f01186ef017390e74d55f885a6c861ced27b1428bb5071,31578,211,ok,36,341,3,87606
f2165f6574f321a7cddeee6699b903635dce99f6914e6b24885c9e35e136f2dd,31884,37,ok,24,4,2,30022
f21b410847dbfae5584fd146873d3a7359611fc0633222d1da996504808a8d71,11398,30,ok,18,6,1,18191
f22e4a52893d04b277c79bd19b3ff0b8771e1c0ca396a35d9339dd3a027ae299,15087,27,ok,8,34,0,14753
f23bb9267b1e6fc089b42906d4a7813b52659b8532d5e73dc0d9dccc501b76cd,10485,27,ok,14,23,1,9636
f25795bcffa6d6b995cba6c0999180c403dede5472e4455c99bd4521f9e29a12,37080,69,ok,12,2,0,3927
f25af88f3e26f603a6569b2554b3f85ccc8af9a88f3b904fba873637c64eb2ab,28243,40,ok,36,51,0,23858
f267df795b264d0a8c9ef9259f9f0b5af06efb108112e94c44f4dbd7593937a3,118735,4660,ok,82,766,9,143895
f26873551532b1862136b5deff2db2f4bd081a6b56ece616a3dc4ed98b061b21,3600,24,ok,9,21,0,6432
f277c7a73d53c552d96603cbe81b3fa5cff88834df785084af3e5d20acc6be12,3352,23,ok,1,8,5,4213
f29c8762a2b6976888d83ec8be6d16fa3808f7a783f58398d07ffa96e8850ad4,13668,33,ok,23,37,1,13915
f2bc5300f0f9a764276f78bf26107b89190a2e4bd72751b1f04ad41b3f0d2889,25687,32,ok,24,10,2,18968
f2c496095a9f91490e95ebd3c6a2796e112adf163da50fadcb1a2f4b64322027,60508,36,ok,19,130,3,56383
f2e15cfadd62fb68ccbdcd29b312c39d7779366ec083de6b438838fd4172fc43,360,19,ok,0,0,0,311
f2e5b4b34e7947eb7388e30e5f72ce9ce745205cf9cc4d67db63386ed0fb918a,13779,25,ok,6,27,1,11751
f2e7ee04e9e075bf9a4d14cf2bb5cb0b0c29c080493905534734ea3368c7d8e8,38448,223,ok,22,43,1,15830
f2f0574b234de7be2133eb27062d277ec6c567aaaf1bd5ec1fb14517711d8164,4093,22,ok,7,0,0,3475
f2f8cf7c666bfd5b4ce017051d96c18ea5a721d0aa1344ebf98287d6793a1131,584,20,ok,1,0,0,425
f2fd2c09e296861107b2c6fb9da9bbb73dac12f90784a1b918685d5c1977f231,6339,21,ok,7,11,0,2841
f318736d450946c8d6f3c1aad7ed2559cb71128e74b7935b7b33f8d6774eda2f,9813,24,ok,4,35,4,7026
f322e40647696ff6c5b53a2f5e05f953a5a8c9b5d3fead752c37f08cd40c398a,4385,20,ok,2,1,0,1656
f340242d143b42e273f628f44ccb907f55f5beb256f3de17de2c005fcdbc9783,34945,41,ok,15,175,3,41557
f365251ce702ef2a5b84d0f6f86ee7d8d08f17e3dd8a85a206a38fb8699488f5,23587,28,ok,21,16,0,11145
f36db4523572b3e137ff6be61ffd9f3aab050831c25e1f9eceeaaaec7010c651,24578,28,ok,8,1,1,6392
f37824a87d7e1928bea3ce0e059dff9cd2b372f0e0d40ca5e5ea5d318d8c18ca,24644,28,ok,5,41,4,30351
f3b8bfe7e24e21b678286c281632f7cce7a828cdbb24b617e708364731523c3a,111149,1345,ok,50,782,5,176491
f3c34bb8d77619e13e7980eda578b7c235aba9991db27b4137dfb8b5f81bea43,9091,27,ok,6,53,1,7458
f3ddfbb56abaffd7628688a70a83ee1d757b88b4b28f41b619b943b72eaa6e45,1220,21,ok,1,0,0,1101
f3e9f2cbbbb3463a7dade32f5d9ebf4bbbdb7533c1528fd34076bacd1b106e5a,1813,21,ok,3,0,0,974
f3f1925f5f8306d3325c1b11e57d8ca8f82359648e3bc9d9789f288149cabaf8,8919,29,ok,6,8,0,3458
f41d29e8219cdf8ed2121471fe91a181ab5b5c07a59329939e8dcbbe624d9f7e,65466,170,ok,68,82,1,69320
f42f7c5faae416b3a77695e9f9a8330cdad45901a1deebea894081ccf7f4f1a2,7171,25,ok,8,33,1,9326
f44678d063bbb09294ea540b789c05519c27bb3873f2d011bd717f32bdd67bde,27031,184,ok,44,145,0,39348
f45a74a348a5831eed5110d63b4c64891579c6980e678700a36fbcf8e62f02f3,42205,595,ok,27,161,4,46479
f45bbdb3fa2682fb2d1f3314de7924edf7eefab79dff3c602897742b928a4d26,13308,30,ok,13,25,2,11918
f45fa522088dff2e19b3aa108f408ee3770f5ab3d049a374a7f6da24e57cfa48,7671,24,ok,7,5,0,7741
f46345fbba984034e937ff9f610103fd6c1cc13ab0c9f43b63e91b245656ada7,21087,25,ok,11,26,0,6431
f4638650fa5f4ec5d79a232006b99602339ed44b5c880575a322b7b05dcf1e52,1874,21,ok,2,3,0,1860
f4674a802063fb6bcc3058ed1fa5e86b09bd015308bf0a9c659246b120abccc5,1215,20,ok,1,1,0,320
f48923f35b87250e5058d47cafa946cb332bcc5277ab6f160d6b93ab2b0436f9,6876,22,ok,2,2,1,6136
f48f10d9c7d35fc7783b5e27578bf0e764e3a30ff26a3bd7d8e57758c17a9ea8,21692,36,ok,23,27,0,35220
f4b28cb84c0c36642fb533074a4602f7eddfa054cdf39b8c1f032054e0ad2db7,4792,23,ok,7,11,3,5762
f4b38fe7cefb4c3d71f3e7d82e8a375f32984ebc3f8c8226ab0905ce204d697f,35729,31,ok,11,54,0,15472
f4c21ffa63ab60450af282dbd23876cb7dc6d3cdce4d12438e083fed39731622,15838,27,ok,9,37,3,14612
f4ca2ca3254846b1fde2a2b734086e4d3cfb2b21a1d545a039ccebcef3d83e1f,19923,27,ok,12,10,0,20199
f4d30d106cf89cad70e51c4ee76987e31f29965b6e20d657122895c00d44611c,8005,27,ok,16,23,1,7986
f4de70f678124ba1f17642e07b7a06355deb468e0df573b8897269258fb0ff1a,11092,27,ok,16,50,2,16631
f4e3dba6d9a3603fc5488f0937d08ebc4e9f53934dc08336fa828e2f8954ca95,20403,84,ok,10,102,6,22525
f4e6279d5d303d4a064de230eae2f2ed10160d79ac7462f8e866d5a19e38bffa,2547,21,ok,1,1,0,702
f4f9e67f883302b5f9da3f947651f1db322bc3880a44a676fea96ef6c30c0fe8,46061,76,ok,53,21,2,34978
f5417720dee0142888710b938b93491fc8c5fdaad95a9e9a7aeb22ae8963f1b0,2749,27,ok,4,5,0,15375
f5431c199fa00a606cdcabed881c9fe519be946c5beba49f7f1a83f7a1108b4a,8733,30,ok,10,23,4,6211
f54485d59dae89a670700f597109aaadcb21f1004b6a4dae3c2251ac64459faf,66240,180,ok,44,68,0,65425
f55016cec9190712a7e5e58e09087bcc899393eb0d99353a5fece47bb790a7fb,6189,24,ok,13,15,0,8414
f5529df0050d96a8f496f277b00cec462fee393bb8ff2a2ebfd4d224b0a12ebb,6324,25,ok,18,20,0,10426
f565f55e1f088735371750ef8089f05c69258b49fcb28bd0b4d10d7eb93b0988,6229,25,ok,11,0,1,8769
f586eb3501f8e08b39ed6d334740035b718062f540fde916e966711a85915c5c,22917,33,ok,18,56,4,21536
f594f8e4386eef6594afce02bdb52e543ca7a43bce14921f6566359eaa4a335c,41497,728,ok,9,17,0,5813
f5a06865c6ac90cd11c2f416fdad568da8350e0a7119fdb315595da5e8f9f230,8335,27,ok,4,50,2,7584
f5bdd7c4b58401cd3c28bd4ba4162650fe1971f9b22c27b5be7c4d3664596a96,42801,552,ok,55,1561,9,168555
f5cbc8a921a08b4f34ef6f1adc99070eb5fa2fecb4f73e3065c4ae5d359cd759,65,21,ok,1,1,0,270
f60388c750007590466300ca03072e72f667a61fbf0d9beea1906d711232c7fb,20007,37,ok,20,140,1,36662
f6060459b9f9a2bf99ff17752674597262eef266a70b713a14e7de1d02d2fcd1,20194,34,ok,18,61,8,27154
f60d0273901f2840388596c9ae6e7be34589abe3c2714e40ce464599b518f46c,9412,30,ok,17,32,0,19760
f60d33ec57eecee04b52d048c1c079983ff1b3834c8195fea811b025fb889361,18434,35,ok,9,25,1,12776
f62517c112a5d16dcc1b4d1be4cfc430d515f93603a46cc92824a3839f408c9a,37398,32,ok,17,39,0,35515
f63e5daba60d4a3febbbc264c31b41ce2a62ae70ff34ff4ded2f70ace9233823,15232,30,ok,16,36,1,15124
f650c1b45ac30aa3d06b11d97090e9c5f276ff4b7ac6fe8698b3f63f44b9e36d,660,22,ok,1,0,0,399
f66c2ce4bf7d37ab858642b259c1c5ab294becea4ee7fc8380b249cbf21671b3,9821,25,ok,9,27,0,10188
f66d4fe7573273cf05388390e12974f72f40d70f7f977d9942042ab9a0f1b842,9236,26,ok,1,5,0,1654
f6a8e0d756c92898ab21f2d8b0a4eb331f781a6eca21b00c4f45aade5c1f4987,11746,25,ok,19,29,0,8077
f6c3f33b72b71f0ccc24e508c3e6cbd825bc74e590255bd09713865b087880c0,875,21,ok,3,0,0,830
f6c59a7b9f155a74360b48160fa84cabe67fe971b6fafe144d1ddf28d98bfb4c,122976,4835,ok,84,760,10,138363
f70209a842db48de79ab478288531f6d4b3b40ded6ea6f723a4d7e54ce73d8f2,24492,38,ok,19,71,0,27896
f737b4acd8995bfc5f2e7d226b8e2e341f6d0780949ac2cafbd87ecccb0b9aa3,19666,25,ok,16,5,0,10601
f7385be6917ac1d6d1a0d362287b076dfdfc29c88524c41dd565683ddbb5b463,9298,34,ok,4,71,4,14330
f738d1a8ded722db18cabd7f72b20ebab87dbdfe46e594601846ebffecac41f6,3177,21,ok,3,7,2,2256
f743957995913b42d9754a154b77f132bcba65b1fbafd1d378296548b4e65d3a,7094,24,ok,15,4,0,7277
f74704e255eea9b38f6ad14be0ee7a369cf7cb7429e0f96900f14dfc69669cde,7427,24,ok,6,10,0,5641
f749bab8cae43065041d0153259569613121cf6ebc3e851e84df355855551ee1,1104,21,ok,1,2,1,1321
f74d87d72381b4a5c787eb8b16a2b861aed6c3146583703ceb003d5befe9d338,41969,73,ok,28,247,1,55914
f76ea12b65ed6525cb243ff8a0973d0867bd6b5f89fb54a9c28a0ed963ebc88d,77986,108,ok,61,546,2,76373
f77912c5346e64f80a3ac93fdce58d8a4e9d11967bee103f126e2208b774f5ac,439,20,ok,1,0,0,370
f786ecc0de98f9c9e8d151d7ad7e82eb2a3afd4b8880c20f07ee51141a24cedc,1874,21,ok,2,3,0,1860
f7937f8e8c06d8cfd23833aa612ed0745ab6ee6adf66ad3bf7bbaf59fd61ae19,12207,36,ok,14,21,0,7381
f79dafb7d345e85397ec6da25f5167920f9750b337e495accefd80024bf84a78,1876,24,ok,9,2,0,5778
f7a5ec9acee4acbdec635a5d2ec5db4c13a7df7e8f308b0fd3d39c80a8177cd8,27130,31,ok,11,39,1,27838
f7bf3da725847c25ba20f67e995d0a60f61176b543877a9303973ab9480c3f4a,7265,25,ok,13,0,0,9603
f7ce45f4b4208e778f7ff2457ba28b2269bfe5b866311b5e8dea800e721a299e,7135,25,ok,13,0,0,9801
f800e709bf87802fa2e453abe7fc752143ad13307186ccef72d8e1b6ce52d4f4,10157,24,ok,13,14,0,7984
f810e6d51153fc8365d1348a34349af2b2d1fe0903b81b6e25d6187353364552,5537,22,ok,6,2,0,2567
f81e456178722ac7ad93dc9f544678a48a5b52bb19e0f394c19671241b617c34,17460,30,ok,9,8,0,7722
f84321e8a35e598556761f331b22ec386f56338945152ec3f332d8b3ee9679f0,13492,33,ok,22,37,1,13721
f88a9f7bd280426943c82348a60f2a19cfcf302e49bbf0d627fe05b13ffb4185,11221,25,ok,11,5,1,6265
f89eb3cca7365ba80ab88ff1a03fcd06b9ebf58d85f727ab60c9d7e79db59b07,4641,22,ok,4,6,0,3581
f8a0c43cf07f2ecd6e372eede76aad6992fd86c647b4765deb76ce0a40853ac8,52989,88,ok,52,510,1,58675
f8a5b1c4bb4f47ed2c302b6845514b5643f9eafc48ece6aa150d97047a385ee4,6738,29,ok,6,25,1,5476
f8bba407305dacfa3103255be26072297d04edb22b60a7274cb57740d7224212,21589,29,ok,3,6,0,4180
f8cfed711a546dc2c2fc3f5fffd221359bb7a8273b02349aa8492ff7bad933e5,9570,24,ok,8,5,0,3742
f8e49512fcda7c7e203109d569f7339fc7dbf9c2811a47be5f11e09d05630b09,24035,57,ok,2,4,0,4436
f8ea005fdb1267af0a50e6a87dd47e3267dd4bcb252ab0093c40f2681a15215a,5702,23,ok,3,5,0,3255
f92271f73b91633dc3da2d0becf53e86bd2e018fc51b341310b50fc808764915,9029,40,ok,14,248,1,20149
f93cc16d8b0e0953650238ae28929aa731db2aff336ee30c58295cf9078a758c,21234,34,ok,14,49,0,15011
f93e59cfbb4786bc2156bb1e1703d233dda3e4e8fb132eb1b52ba21f746b4895,3825,20,ok,1,1,0,1332
f94a77905d87f9a195ea837414b4995c7d3d66bed0e287481710246bc1d5bdcd,18628,29,ok,14,117,0,14848
f959008c8e17f7853ab60ec53cc61f1527ddfd3146762a542fe77ad2943fd4ac,15906,29,ok,22,42,2,17730
f9593c2adb9c3e841bd40be20bd4623934062d20d75bb3aee50fe86deb365585,10470,25,ok,10,20,0,7599
f982bf01a715aa47aaaec9313ee87330e96ae0d6ff74bc3e1e6523d4827fc575,7472,24,ok,13,2,0,10011
f9bcc2990b39977470b1ad04c3cc36e3a58204dc7b87405a8661712abe120824,2418,21,ok,7,0,0,1963
f9d4f0da9c7f8a7d1cfb739477201e9981c88405bb7281715132ee45f5361c8d,21613,25,ok,7,16,0,5779
fa050ebf125ed92957ab9b45f9ac18f8c373792a52c8a789ec2a77f075024028,21117,30,ok,23,24,0,19716
fa076fe3b7570cf17faefa47d1bb2b561d3cee5ea2686ab88217460b743cab42,49620,134,ok,45,243,8,86975
fa0fe8e94f45a4e708fd30e57583af3f6c768e25c99eba9f204a34c6d088e9a1,942,21,ok,1,2,0,991
fa28ecb1604613e200c0858bb6c199d9ac1e7a0a5d9a7ff7ea3e78b5ddd72d07,10186,23,ok,5,3,0,2639
fa2a6889f051d00f8191c1807f28a7e46d889a315cb171be75b6cf4436272b1d,484,20,ok,1,0,0,255
fa2feaedc7622d45729e39e30a37946789934340a83bdd778981e7442194c06c,17691,33,ok,5,5,0,5245
fa36076e2213145f9e0882ebf543bef9883e55405be5da7cd68e4af06317d120,20514,28,ok,3,6,0,4147
fa3b7cae0c7080b31b1751b524b1ad2c96fbfdf1e7dbd663978c61e8d70aeaea,8739,26,ok,12,27,1,10241
fa4793186a60e0c783f933611ab140362e1e0d9e51290a95a13fa17f82a59f18,4294,21,ok,2,2,0,1498
fa4ace0cb3e4b254529269e0abf18a8e3649f4ccc1215101fbf4c7816389a4cb,29738,30,ok,32,13,1,11787
fa5a4e43775940ebd5a37967ebc5fa5df5ed007ac1acb82ccc9d6d1fc202bc18,17177,38,ok,29,42,0,14637
fa614b94265f106e3a9ec581a43eb7f19484ef812d092e71a516624034c84c14,14848,40,ok,12,3,1,7751
fa73738602a3c5dad819f4c2690946726f4bf83836f6a489bc330840c73c74ee,3141,23,ok,4,5,1,5322
fa88b397bc1149af818b97c52e57fc41ef6b8d6a8f17ef62abf4c83233400030,3341,23,ok,1,8,5,4184
fa8a614e555c9f399d7ecebcb33ebdc2ea38a0b7028833d080c6f91d315b0301,21922,52,ok,17,39,2,11101
fad66860ede13d0fc0fed59828783a77828c1be530559d53e72c7282619a7956,16818,27,ok,15,2,1,7911
fae676d67ccf9a631f15b823ca78bab9c8060b4d6cf48cbaedee9a17b6011bf0,23172,46,ok,6,23,1,7878
fb09de43f11f00501217f9440997e2aef5f58c7ad7ac2fae047ac8651b1db2f4,9838,25,ok,22,31,1,12264
fb2a2ff44d6e2034d8428fd5c87506ba181c9a02ba82ed12fed63329b2194f31,9831,22,ok,4,0,0,2685
fb3381461ce65bdf40f580af065fa121e5586f9a15fe801a254ece87b2bc4455,17099,31,ok,6,34,1,10233
fb3b11042a126ff4b28846ebf439eb6877da62b9033f5cceab4e0f65a943575b,52094,22,error,0,0,0,0
fb46c8bc449362c5ae1ced18aca8bea438f5df99247251f1d9d21e6eb117189d,45240,60,ok,30,176,5,46938
fb4d20b13edacf0454a1149a0db8d0fe4f0a29f7045d9ab952e299298bb88d64,6612,27,ok,4,14,3,6315
fb4f88ab8f745ff8db7fe65efc49ff2ce9a87c13dd66ee862ab4671c55af7d95,9906,24,ok,9,27,0,10188
fb5eaa7baa29810c21731200d501e22a6f308d413214f4e131860d0ca290946f,28967,39,ok,27,5,0,30373
fb7106fd8db9bafe97dc312325bad43e39a58cee174c66f9cd925a502883720c,2593,22,ok,9,2,1,2099
fb824a851aaf30d482c4daa15860e2267e845f18a82f7eca0e159bf62df4fd03,22061,38,ok,29,16,1,18311
fba4e26bb56b2d735fcc5255772a36156fa966b7173b814be515e22d184a301e,41868,684,ok,43,655,7,99419
fbae2cb921c3fec3fc28aff850e89b26356ef3741837d8df09cce30369c4e8b8,108910,6181,ok,79,1116,8,222694
fbec8781f85b3a5f91d9297cc43da536a3020e20adae093923f02e69ec14a3af,9063,29,ok,7,25,0,13374
fc1663b281b991e7a7afee176cc4d43eb577eac5c12e278c56a740dc0e865a66,64321,127,ok,72,256,4,41341
fc26189836f1a1e6368a9ed07f6781c40d5e5c606fcd611d695072acb6d66c82,7141,23,ok,9,1,0,6315
fc268c8565c9994f742f98f82ff9074b28ecf64cfd306ef43cbd056447b2d034,11779,24,ok,16,11,0,5922
fc286186a7967c4069877f5dbea5c4fcaf41cff7a7e266ff12318b72d103f4fc,18872,32,ok,7,50,3,16018
fc2cd0407a8a598b1dc956e51bcabec284841c1c8e5cf0342b1c973088eb9f68,5475,22,ok,4,2,0,2110
fc341450d9e06808388f5fee5cade46b3407234c9780a76b8ee88f14c2715b63,942,20,ok,1,0,0,645
fc351dc94670a0864f1ec8e598fb6a0f12b759010697102127a990ecbfd260b4,13758,24,ok,4,9,0,3927
fc560f0a119ada47bfa3e4441874fabac22d5c915c2b2584df620e8925616142,5150,23,ok,8,0,0,5584
fc66ec6a0bb21cc29134e0d8d13a9459357e068128a2f41777b24da4cb8f2105,5153,23,ok,10,5,0,6901
fc6ca1bccc90c99f74c13ffacfd424496372dadefc2ead72d58a209349d6ccf9,21893,29,ok,21,2,3,10646
fc741707bd138e1242759ed152d0c1a2ba0042fc68ae100b67ccfb1fe7967449,15617,43,ok,12,2,0,6063
fc9b0df087ddc0c8f0cf38ae0d59bf275390b6be8e9de9ea4ec3de7bc43b55f3,14481,26,ok,14,84,1,14416
fc9e8556c6ff8ce97f782290a70da308f2fd46b5526e0fe8b639ad054de55c60,32717,61,ok,39,29,2,43660
fca5857d1d02b9d34ae9588fdcf7e49e523620ae730e428c770eb3d0e1600e39,36483,72,ok,42,139,5,57164
fcc5f1f290709653910338bfe6d5ddc5306a3d0d2cba68b7bbd8d698d5be3484,13801,29,ok,21,40,0,17098
fd0e6a0a87c9440c8d25907626d650f94cc075d7a8c3d1888d2c7cf7d341342d,10223,28,ok,8,1,0,2589
fd11bdee498f10d46d90a1b0391cd4bf5b4222894b057326c6d4ae4186e8c9fa,5544,23,ok,4,53,0,4183
fd1b1d97da7cbfdc9aa985048b082eee2d58755f785f87fa6ef9c313dcb86e0c,2459,21,ok,3,0,0,1779
fd22f79670518e3d438c1e41927fd18682a03eba6c599f04a0720078a1c9d1b8,12559,24,ok,6,10,2,9639
fd467fae9029ada13c4d3c1fd55117494c19c4a119917ce8f06ecc176228acdd,25645,24,ok,10,25,0,7725
fd54ee003f6cd0594f12ef3413a682324934f11005954f530c83b2fd32f41228,8027,23,ok,4,3,0,3618
fd5ab33e5aecfb375f7f8a563b98db690faa9ecad51e361d22e743f1e17f2fbd,38818,63,ok,39,46,1,26811
fd5f159f3d32c57d73a3fcdc842f296b3e671f2516294387b5985b99c3b7881a,20977,38,ok,27,103,3,21519
fda4715d94ee2abb5443c612de81f8dddd09bfa5cdf54f62dd8f77ffa29469be,60095,37,ok,46,67,0,48592
fdb6c3cbd12037e3bdd14701f4a6f74cc4d5d184860a05b7a35973b4cdd517e2,17239,23,ok,7,5,0,4069
fde238eb32c2854e85f9cb510055b6032b138c85a6d94f573ad25bf67e9aa7e4,40258,33,ok,14,22,0,43918
fe00c1cc06f777c780d8afefd2c0b11fbab1257a2273d4550b363cad5325b2a0,15451,23,ok,10,5,0,3395
fe0a9a1df939c80bc379be90acf462ad13ce4a6a10f99cca3bf4eae244ca7454,1507,20,ok,1,0,0,226
fe0fa81b066aab1f651e40b0b946f25e5034d0e0d734aa425e6f26d921a12d63,70645,32,ok,16,2,0,46961
fe330b753864445723ac65eb945e5f291f63bb927968b7bc471238135fd9a11c,52783,68,ok,33,74,11,33851
fe7ce44b0d499d9c6aee6595ad1200fe650908eaecbcc3b0113c2524926e6ed3,121898,350,ok,97,52,0,52832
fe8291020e7e519e36399f9e6c30bf37c4af3dbc8a62b24a92b449b6191dcb44,9355,26,ok,9,1,1,4618
fe900345f7101eb541282fdd595e57eaf281184e14795480188b6d87a598e5cf,309,20,ok,0,0,0,241
fe90f52a288c2188727adc064147da494e7e208c05507df5939b9b3e93c97ecd,15868,28,ok,18,11,0,14454
fe9b9d1da2b325169fc6bcf9d0591984c86b87b2ab9339475aa91ea20899151e,41468,56,ok,19,459,1,47384
fee46212e59d9e354d50421957b2973320272f3bf9e00fcf3e9828ccc62d3a33,4120,23,ok,9,0,0,3281
feec0fc9b566c20928c326339eb20e931b46abfb162e7791ff7d25db1f7069a5,28197,40,ok,24,54,0,37643
feed08a65666c1f22b476a62b15ccae69b202b29de08aeafe6e70b5732005456,16031,27,ok,19,55,1,11280
fefa7c8e3ad3ec8214435afdb37cb2d5594bc854797fccbc882bd7a5726de198,10871,26,ok,7,18,0,11193
ff0809a7f4d50c4fd2d834230905b1130c5cd8dd2c373995e90d363471501c89,2657,21,ok,5,0,0,2215
ff3fb5ef9e9de46dffc51190ca3b14e12bec753973438205ca1a8f9ef7301605,1086,20,ok,1,0,0,425
ff43dd23d1b7f0470145bfc095756488cfdb543bd0f2ce34de355fd641b66457,9014,23,ok,7,0,0,1975
ff7edeb5396eeb09bb26d7a2b29154b8f73698bd022e5d0ace77335246ec67f7,33036,38,ok,52,18,3,28934
ff7f0e12bd7ddb6f91f6cff51a73eb5054d0f18d1c29052abb633fc4b0ee9e05,4448,23,ok,10,20,1,6077
ff87fcf1ebd5d0926cf67981d16278b54adb1868ce725d5eb1856d26b6479bd5,3441,21,ok,1,5,0,1614
ffa48577dcaa0dadcd5f48318d8b22faed970acb80ff097d6e49065dfc8b299a,9914,29,ok,16,77,2,14552
ffa62aebb6b340649dce6a4dae51c6798dc193178ddc9104ff190059de77f8a4,4036,21,ok,4,3,0,2430
ffa68ad3d49e5d61c13e386576c2a9215fdee4e38e9e01f62830fd6ccdc0afce,9020,26,ok,14,28,0,12349
ffa72ba8576422d2fbfc749e43d0cf8670f5f2b0036dfe3a7e4723017c77b795,3204,22,ok,8,9,0,3500
ffd799287d904c23c6ca086a9d517df50f860f504502e917660b8730cbe915b5,19770,24,ok,7,21,2,5684
ffddf40e7c479975864512a0e40dd43e0fe5ee0c8b8ea47329d973ba7477138e,6193,24,ok,13,15,0,8414
